imageID,readend,readstart,texp,Nusedpix,Count_Candidate_11,Count_Candidate_31,Count_Candidate_21,Count_Candidate_111,Count_Candidate_211,Count_Candidate_22
1553.0,Mon Oct 14 16:33:40 2024,Mon Oct 14 16:05:51 2024,0.0192060763888888,190314.0,0,0,0,0,0,0
1554.0,Mon Oct 14 17:01:34 2024,Mon Oct 14 16:33:46 2024,0.0192060763888888,191152.0,0,0,0,0,0,0
1555.0,Mon Oct 14 17:29:29 2024,Mon Oct 14 17:01:40 2024,0.0192060763888888,190822.0,0,0,0,0,0,0
1556.0,Mon Oct 14 17:57:23 2024,Mon Oct 14 17:29:35 2024,0.0192060763888888,177458.0,0,0,0,0,0,0
1557.0,Mon Oct 14 18:25:18 2024,Mon Oct 14 17:57:29 2024,0.0192060763888888,190276.0,0,0,0,0,0,0
1558.0,Mon Oct 14 18:53:12 2024,Mon Oct 14 18:25:24 2024,0.0192060763888888,190670.0,0,0,0,0,0,0
1559.0,Mon Oct 14 19:21:07 2024,Mon Oct 14 18:53:18 2024,0.0192060763888888,171429.0,0,0,0,0,0,0
1560.0,Mon Oct 14 19:49:01 2024,Mon Oct 14 19:21:13 2024,0.0192060763888888,184126.0,0,0,0,0,0,0
1561.0,Mon Oct 14 20:16:55 2024,Mon Oct 14 19:49:07 2024,0.0192060763888888,189971.0,0,0,0,0,0,0
1562.0,Mon Oct 14 20:44:50 2024,Mon Oct 14 20:17:02 2024,0.0192060763888888,184428.0,0,0,0,0,0,0
1563.0,Mon Oct 14 21:12:44 2024,Mon Oct 14 20:44:56 2024,0.0192060763888888,119073.0,0,0,0,0,0,0
1567.0,Mon Oct 14 23:04:22 2024,Mon Oct 14 22:36:34 2024,0.0192060763888888,59725.0,0,0,0,0,0,0
1568.0,Mon Oct 14 23:32:16 2024,Mon Oct 14 23:04:28 2024,0.0192060763888888,118611.0,0,0,0,0,0,0
1569.0,Tue Oct 15 00:00:11 2024,Mon Oct 14 23:32:22 2024,0.0192060763888888,161246.0,0,0,0,0,0,0
1570.0,Tue Oct 15 00:28:05 2024,Tue Oct 15 00:00:17 2024,0.0192060763888888,191138.0,0,0,0,0,0,0
1571.0,Tue Oct 15 00:55:59 2024,Tue Oct 15 00:28:11 2024,0.0192060763888888,191150.0,0,0,0,0,0,0
1572.0,Tue Oct 15 01:23:54 2024,Tue Oct 15 00:56:05 2024,0.0192060763888888,179201.0,0,0,0,0,0,0
1573.0,Tue Oct 15 01:51:48 2024,Tue Oct 15 01:24:00 2024,0.0192060763888888,185200.0,0,0,0,0,0,0
1574.0,Tue Oct 15 02:19:42 2024,Tue Oct 15 01:51:54 2024,0.0192060763888888,171729.0,0,0,0,0,0,0
1575.0,Tue Oct 15 02:47:37 2024,Tue Oct 15 02:19:48 2024,0.0192060763888888,184337.0,0,0,0,0,0,0
1576.0,Tue Oct 15 03:15:31 2024,Tue Oct 15 02:47:43 2024,0.0192060763888888,189656.0,0,0,0,0,0,0
1577.0,Tue Oct 15 03:43:25 2024,Tue Oct 15 03:15:37 2024,0.0192060763888888,177490.0,0,0,0,0,0,0
1578.0,Tue Oct 15 04:11:20 2024,Tue Oct 15 03:43:32 2024,0.0192060763888888,182826.0,0,0,0,0,0,0
1579.0,Tue Oct 15 04:39:14 2024,Tue Oct 15 04:11:26 2024,0.0192060763888888,190047.0,0,0,0,0,0,0
1580.0,Tue Oct 15 05:07:09 2024,Tue Oct 15 04:39:20 2024,0.0192060763888888,190404.0,0,0,0,0,0,0
1581.0,Tue Oct 15 05:35:03 2024,Tue Oct 15 05:07:15 2024,0.0192060763888888,190822.0,0,0,0,0,0,0
1582.0,Tue Oct 15 06:02:57 2024,Tue Oct 15 05:35:09 2024,0.0192060763888888,190906.0,0,0,0,0,0,0
1583.0,Tue Oct 15 06:30:52 2024,Tue Oct 15 06:03:03 2024,0.0192060763888888,190911.0,0,0,0,0,0,0
1584.0,Tue Oct 15 06:58:46 2024,Tue Oct 15 06:30:58 2024,0.0192060763888888,185092.0,0,0,0,0,0,0
1585.0,Tue Oct 15 07:26:40 2024,Tue Oct 15 06:58:52 2024,0.0192060763888888,185151.0,0,0,0,0,0,0
1586.0,Tue Oct 15 07:54:34 2024,Tue Oct 15 07:26:46 2024,0.0192060763888888,191148.0,0,0,0,0,0,0
1587.0,Tue Oct 15 08:22:29 2024,Tue Oct 15 07:54:41 2024,0.0192060763888888,184948.0,0,0,0,0,0,0
1588.0,Tue Oct 15 08:50:23 2024,Tue Oct 15 08:22:35 2024,0.0192060763888888,184822.0,0,0,0,0,0,0
1589.0,Tue Oct 15 09:18:17 2024,Tue Oct 15 08:50:29 2024,0.0192060763888888,191008.0,0,0,0,0,0,0
1590.0,Tue Oct 15 09:46:12 2024,Tue Oct 15 09:18:24 2024,0.0192060763888888,191006.0,0,0,0,0,0,0
1591.0,Tue Oct 15 10:14:06 2024,Tue Oct 15 09:46:18 2024,0.0192060763888888,191006.0,0,0,0,0,0,0
1592.0,Tue Oct 15 10:42:01 2024,Tue Oct 15 10:14:13 2024,0.0192060763888888,191006.0,0,0,0,0,0,0
1593.0,Tue Oct 15 11:09:55 2024,Tue Oct 15 10:42:07 2024,0.0192060763888888,191008.0,0,0,0,0,0,0
1594.0,Tue Oct 15 11:37:50 2024,Tue Oct 15 11:10:01 2024,0.0192060763888888,191116.0,0,0,0,0,0,0
1595.0,Tue Oct 15 12:05:44 2024,Tue Oct 15 11:37:56 2024,0.0192060763888888,191146.0,0,0,0,0,0,0
1596.0,Tue Oct 15 12:33:39 2024,Tue Oct 15 12:05:51 2024,0.0192060763888888,191150.0,0,0,0,0,0,0
1597.0,Tue Oct 15 13:01:33 2024,Tue Oct 15 12:33:45 2024,0.0192060763888888,191150.0,0,0,0,0,0,0
1598.0,Tue Oct 15 13:29:28 2024,Tue Oct 15 13:01:40 2024,0.0192060763888888,191152.0,0,0,0,0,0,0
1599.0,Tue Oct 15 13:57:22 2024,Tue Oct 15 13:29:34 2024,0.0192060763888888,191152.0,0,0,0,0,0,0
1600.0,Tue Oct 15 14:25:17 2024,Tue Oct 15 13:57:28 2024,0.0192060763888888,185053.0,0,0,0,0,0,0
1601.0,Tue Oct 15 14:53:11 2024,Tue Oct 15 14:25:22 2024,0.0192060763888888,191152.0,0,0,0,0,0,0
1602.0,Tue Oct 15 15:21:05 2024,Tue Oct 15 14:53:17 2024,0.0192060763888888,172939.0,0,0,0,0,0,0
1603.0,Tue Oct 15 15:48:59 2024,Tue Oct 15 15:21:11 2024,0.0192060763888888,163061.0,0,0,0,0,0,0
1604.0,Tue Oct 15 16:16:54 2024,Tue Oct 15 15:49:05 2024,0.0192060763888888,189468.0,0,0,0,0,0,0
1605.0,Tue Oct 15 16:44:48 2024,Tue Oct 15 16:17:00 2024,0.0192060763888888,189596.0,0,0,0,0,0,0
1606.0,Tue Oct 15 17:12:43 2024,Tue Oct 15 16:44:54 2024,0.0192060763888888,189600.0,0,0,0,0,0,0
1607.0,Tue Oct 15 17:40:37 2024,Tue Oct 15 17:12:49 2024,0.0192060763888888,189554.0,0,0,0,0,0,0
1608.0,Tue Oct 15 18:08:31 2024,Tue Oct 15 17:40:43 2024,0.0192060763888888,189618.0,0,0,0,0,0,0
1609.0,Tue Oct 15 18:36:26 2024,Tue Oct 15 18:08:37 2024,0.0192060763888888,190198.0,0,0,0,0,0,0
1610.0,Tue Oct 15 19:04:20 2024,Tue Oct 15 18:36:32 2024,0.0192060763888888,191150.0,0,0,0,0,0,0
1611.0,Tue Oct 15 19:32:14 2024,Tue Oct 15 19:04:26 2024,0.0192060763888888,184025.0,0,0,0,0,0,0
1612.0,Tue Oct 15 20:00:09 2024,Tue Oct 15 19:32:21 2024,0.0192060763888888,184944.0,1,0,0,0,0,0
1613.0,Tue Oct 15 20:28:03 2024,Tue Oct 15 20:00:15 2024,0.0192060763888888,190896.0,0,0,0,0,0,0
1614.0,Tue Oct 15 20:55:57 2024,Tue Oct 15 20:28:09 2024,0.0192060763888888,183707.0,0,0,0,0,0,0
1615.0,Tue Oct 15 21:23:52 2024,Tue Oct 15 20:56:03 2024,0.0192060763888888,184003.0,0,0,0,0,0,0
1616.0,Tue Oct 15 21:51:46 2024,Tue Oct 15 21:23:58 2024,0.0192060763888888,178108.0,0,0,0,0,0,0
1617.0,Tue Oct 15 22:19:40 2024,Tue Oct 15 21:51:52 2024,0.0192060763888888,190122.0,0,0,0,0,0,0
1618.0,Tue Oct 15 22:47:35 2024,Tue Oct 15 22:19:46 2024,0.0192060763888888,176496.0,0,0,0,0,0,0
1619.0,Tue Oct 15 23:15:29 2024,Tue Oct 15 22:47:41 2024,0.0192060763888888,189882.0,0,0,0,0,0,0
1620.0,Tue Oct 15 23:43:24 2024,Tue Oct 15 23:15:35 2024,0.0192060763888888,178191.0,0,0,0,0,0,0
1621.0,Wed Oct 16 00:11:18 2024,Tue Oct 15 23:43:30 2024,0.0192060763888888,190799.0,0,0,0,0,0,0
1622.0,Wed Oct 16 00:39:13 2024,Wed Oct 16 00:11:24 2024,0.0192060763888888,190798.0,0,0,0,0,0,0
1623.0,Wed Oct 16 01:07:07 2024,Wed Oct 16 00:39:19 2024,0.0192060763888888,190793.0,0,0,0,0,0,0
1624.0,Wed Oct 16 01:35:01 2024,Wed Oct 16 01:07:13 2024,0.0192060763888888,190932.0,0,0,0,0,0,0
1625.0,Wed Oct 16 02:02:56 2024,Wed Oct 16 01:35:07 2024,0.0192060763888888,190966.0,0,0,0,0,0,0
1626.0,Wed Oct 16 02:30:50 2024,Wed Oct 16 02:03:02 2024,0.0192060763888888,191138.0,0,0,0,0,0,0
1627.0,Wed Oct 16 02:58:44 2024,Wed Oct 16 02:30:56 2024,0.0192060763888888,191148.0,0,0,0,0,0,0
1628.0,Wed Oct 16 03:26:39 2024,Wed Oct 16 02:58:51 2024,0.0192060763888888,178335.0,0,0,0,0,0,0
1629.0,Wed Oct 16 03:54:33 2024,Wed Oct 16 03:26:45 2024,0.0192060763888888,190656.0,0,0,0,0,0,0
1630.0,Wed Oct 16 04:22:27 2024,Wed Oct 16 03:54:39 2024,0.0192060763888888,184659.0,0,0,0,0,0,0
1631.0,Wed Oct 16 04:50:22 2024,Wed Oct 16 04:22:34 2024,0.0192060763888888,190654.0,0,0,0,0,0,0
1632.0,Wed Oct 16 05:18:16 2024,Wed Oct 16 04:50:28 2024,0.0192060763888888,190652.0,0,0,0,0,0,0
1633.0,Wed Oct 16 05:46:11 2024,Wed Oct 16 05:18:23 2024,0.0192060763888888,190652.0,0,0,0,0,0,0
1634.0,Wed Oct 16 06:14:05 2024,Wed Oct 16 05:46:17 2024,0.0192060763888888,190727.0,0,0,0,0,0,0
1635.0,Wed Oct 16 06:42:00 2024,Wed Oct 16 06:14:11 2024,0.0192060763888888,183991.0,0,0,0,0,0,0
1636.0,Wed Oct 16 07:09:54 2024,Wed Oct 16 06:42:06 2024,0.0192060763888888,184285.0,0,0,0,0,0,0
1637.0,Wed Oct 16 07:37:48 2024,Wed Oct 16 07:10:00 2024,0.0192060763888888,190592.0,0,0,0,0,0,0
1638.0,Wed Oct 16 08:05:43 2024,Wed Oct 16 07:37:55 2024,0.0192060763888888,190608.0,0,0,0,0,0,0
1639.0,Wed Oct 16 08:33:38 2024,Wed Oct 16 08:05:49 2024,0.0192060763888888,190604.0,0,0,0,0,0,0
1640.0,Wed Oct 16 09:01:32 2024,Wed Oct 16 08:33:44 2024,0.0192060763888888,184611.0,0,0,0,0,0,0
1641.0,Wed Oct 16 09:29:27 2024,Wed Oct 16 09:01:38 2024,0.0192060763888888,190938.0,0,0,0,0,0,0
1642.0,Wed Oct 16 09:57:21 2024,Wed Oct 16 09:29:33 2024,0.0192060763888888,179243.0,0,0,0,0,0,0
1643.0,Wed Oct 16 10:25:15 2024,Wed Oct 16 09:57:27 2024,0.0192060763888888,191114.0,0,0,0,0,0,0
1644.0,Wed Oct 16 10:53:10 2024,Wed Oct 16 10:25:22 2024,0.0192060763888888,191152.0,0,0,0,0,0,0
1645.0,Wed Oct 16 11:21:04 2024,Wed Oct 16 10:53:16 2024,0.0192060763888888,177953.0,0,0,0,0,0,0
1646.0,Wed Oct 16 11:48:58 2024,Wed Oct 16 11:21:10 2024,0.0192060763888888,190112.0,0,0,0,0,0,0
1647.0,Wed Oct 16 12:16:53 2024,Wed Oct 16 11:49:05 2024,0.0192060763888888,184115.0,0,0,0,0,0,0
1648.0,Wed Oct 16 12:44:47 2024,Wed Oct 16 12:16:59 2024,0.0192060763888888,190112.0,0,0,0,0,0,0
1649.0,Wed Oct 16 13:12:42 2024,Wed Oct 16 12:44:53 2024,0.0192060763888888,183874.0,0,0,0,0,0,0
1650.0,Wed Oct 16 13:40:36 2024,Wed Oct 16 13:12:48 2024,0.0192060763888888,177148.0,0,0,0,0,0,0
1651.0,Wed Oct 16 14:08:31 2024,Wed Oct 16 13:40:42 2024,0.0192060763888888,184164.0,0,0,0,0,0,0
1652.0,Wed Oct 16 14:36:25 2024,Wed Oct 16 14:08:37 2024,0.0192060763888888,176723.0,0,0,0,0,0,0
1653.0,Wed Oct 16 15:04:20 2024,Wed Oct 16 14:36:32 2024,0.0192060763888888,190464.0,0,0,0,0,0,0
1654.0,Wed Oct 16 15:32:14 2024,Wed Oct 16 15:04:26 2024,0.0192060763888888,171942.0,0,0,0,0,0,0
1655.0,Wed Oct 16 16:00:09 2024,Wed Oct 16 15:32:20 2024,0.0192060763888888,190352.0,0,0,0,0,0,0
1656.0,Wed Oct 16 16:28:03 2024,Wed Oct 16 16:00:15 2024,0.0192060763888888,190440.0,0,0,0,0,0,0
1657.0,Wed Oct 16 16:55:58 2024,Wed Oct 16 16:28:09 2024,0.0192060763888888,183530.0,0,0,0,0,0,0
1658.0,Wed Oct 16 17:23:52 2024,Wed Oct 16 16:56:04 2024,0.0192060763888888,184016.0,0,0,0,0,0,0
1659.0,Wed Oct 16 17:51:47 2024,Wed Oct 16 17:23:58 2024,0.0192060763888888,189176.0,0,0,0,0,0,0
1660.0,Wed Oct 16 18:19:41 2024,Wed Oct 16 17:51:53 2024,0.0192060763888888,190324.0,0,0,0,0,0,0
1661.0,Wed Oct 16 18:47:35 2024,Wed Oct 16 18:19:47 2024,0.0192060763888888,178495.0,0,0,0,0,0,0
1662.0,Wed Oct 16 19:15:29 2024,Wed Oct 16 18:47:41 2024,0.0192060763888888,190398.0,0,0,0,0,0,0
1663.0,Wed Oct 16 19:43:24 2024,Wed Oct 16 19:15:36 2024,0.0192060763888888,184032.0,0,0,0,0,0,0
1664.0,Wed Oct 16 20:11:19 2024,Wed Oct 16 19:43:30 2024,0.0192060763888888,183854.0,0,0,0,0,0,0
1665.0,Wed Oct 16 20:39:13 2024,Wed Oct 16 20:11:25 2024,0.0192060763888888,107448.0,0,0,0,0,0,0
1666.0,Wed Oct 16 21:07:07 2024,Wed Oct 16 20:39:19 2024,0.0192060763888888,191038.0,0,0,0,0,0,0
1667.0,Wed Oct 16 21:35:02 2024,Wed Oct 16 21:07:13 2024,0.0192060763888888,191031.0,0,0,0,0,0,0
1668.0,Wed Oct 16 22:02:56 2024,Wed Oct 16 21:35:08 2024,0.0192060763888888,171992.0,0,0,0,0,0,0
1669.0,Wed Oct 16 22:30:50 2024,Wed Oct 16 22:03:02 2024,0.0192060763888888,189910.0,0,0,0,0,0,0
1670.0,Wed Oct 16 22:58:45 2024,Wed Oct 16 22:30:56 2024,0.0192060763888888,190702.0,0,0,0,0,0,0
1671.0,Wed Oct 16 23:26:39 2024,Wed Oct 16 22:58:51 2024,0.0192060763888888,190698.0,0,0,0,0,0,0
1672.0,Wed Oct 16 23:54:33 2024,Wed Oct 16 23:26:45 2024,0.0192060763888888,190719.0,0,0,0,0,0,0
1673.0,Thu Oct 17 00:22:28 2024,Wed Oct 16 23:54:40 2024,0.0192060763888888,131116.0,0,0,0,0,0,0
1674.0,Thu Oct 17 00:50:22 2024,Thu Oct 17 00:22:34 2024,0.0192060763888888,171966.0,0,0,0,0,0,0
1675.0,Thu Oct 17 01:18:17 2024,Thu Oct 17 00:50:28 2024,0.0192060763888888,190413.0,0,0,0,0,0,0
1676.0,Thu Oct 17 01:46:11 2024,Thu Oct 17 01:18:23 2024,0.0192060763888888,172459.0,0,0,0,0,0,0
1677.0,Thu Oct 17 02:14:06 2024,Thu Oct 17 01:46:17 2024,0.0192060763888888,118938.0,0,0,0,0,0,0
1678.0,Thu Oct 17 02:42:00 2024,Thu Oct 17 02:14:12 2024,0.0192060763888888,183879.0,0,0,0,0,0,0
1679.0,Thu Oct 17 03:09:54 2024,Thu Oct 17 02:42:06 2024,0.0192060763888888,183844.0,0,0,0,0,0,0
1680.0,Thu Oct 17 03:37:49 2024,Thu Oct 17 03:10:00 2024,0.0192060763888888,190662.0,0,0,0,0,0,0
1681.0,Thu Oct 17 04:05:43 2024,Thu Oct 17 03:37:55 2024,0.0192060763888888,83521.0,0,0,0,0,0,0
1682.0,Thu Oct 17 04:33:38 2024,Thu Oct 17 04:05:49 2024,0.0192060763888888,190926.0,0,0,0,0,0,0
1683.0,Thu Oct 17 05:01:32 2024,Thu Oct 17 04:33:44 2024,0.0192060763888888,190990.0,0,0,0,0,0,0
1684.0,Thu Oct 17 05:29:27 2024,Thu Oct 17 05:01:38 2024,0.0192060763888888,191076.0,0,0,0,0,0,0
1685.0,Thu Oct 17 05:57:21 2024,Thu Oct 17 05:29:33 2024,0.0192060763888888,191138.0,0,0,0,0,0,0
1686.0,Thu Oct 17 06:25:16 2024,Thu Oct 17 05:57:27 2024,0.0192060763888888,191143.0,0,0,0,0,0,0
1687.0,Thu Oct 17 06:53:10 2024,Thu Oct 17 06:25:22 2024,0.0192060763888888,191148.0,0,0,0,0,0,0
1688.0,Thu Oct 17 07:21:05 2024,Thu Oct 17 06:53:16 2024,0.0192060763888888,191150.0,0,0,0,0,0,0
1689.0,Thu Oct 17 07:48:59 2024,Thu Oct 17 07:21:11 2024,0.0192060763888888,191144.0,0,0,0,0,0,0
1690.0,Thu Oct 17 08:16:54 2024,Thu Oct 17 07:49:05 2024,0.0192060763888888,191146.0,0,0,0,0,0,0
1691.0,Thu Oct 17 08:44:48 2024,Thu Oct 17 08:17:00 2024,0.0192060763888888,191152.0,0,0,0,0,0,0
1692.0,Thu Oct 17 09:12:42 2024,Thu Oct 17 08:44:54 2024,0.0192060763888888,191150.0,0,0,0,0,0,0
1693.0,Thu Oct 17 09:40:37 2024,Thu Oct 17 09:12:48 2024,0.0192060763888888,191147.0,0,0,0,0,0,0
1694.0,Thu Oct 17 10:08:31 2024,Thu Oct 17 09:40:43 2024,0.0192060763888888,191148.0,0,0,0,0,0,0
1695.0,Thu Oct 17 10:36:26 2024,Thu Oct 17 10:08:37 2024,0.0192060763888888,191152.0,0,0,0,0,0,0
1696.0,Thu Oct 17 11:04:20 2024,Thu Oct 17 10:36:32 2024,0.0192060763888888,185193.0,0,0,0,0,0,0
1697.0,Thu Oct 17 11:32:14 2024,Thu Oct 17 11:04:26 2024,0.0192060763888888,183568.0,0,0,0,0,0,0
1698.0,Thu Oct 17 12:00:08 2024,Thu Oct 17 11:32:20 2024,0.0192060763888888,189920.0,0,0,0,0,0,0
1699.0,Thu Oct 17 12:28:03 2024,Thu Oct 17 12:00:15 2024,0.0192060763888888,189918.0,0,0,0,0,0,0
1700.0,Thu Oct 17 12:55:58 2024,Thu Oct 17 12:28:09 2024,0.0192060763888888,189920.0,0,0,0,0,0,0
1701.0,Thu Oct 17 13:23:52 2024,Thu Oct 17 12:56:04 2024,0.0192060763888888,189920.0,0,0,0,0,0,0
1702.0,Thu Oct 17 13:51:46 2024,Thu Oct 17 13:23:58 2024,0.0192060763888888,189918.0,0,0,0,0,0,0
1703.0,Thu Oct 17 14:19:41 2024,Thu Oct 17 13:51:52 2024,0.0192060763888888,190072.0,0,0,0,0,0,0
1704.0,Thu Oct 17 14:47:35 2024,Thu Oct 17 14:19:47 2024,0.0192060763888888,172520.0,0,0,0,0,0,0
1705.0,Thu Oct 17 15:15:30 2024,Thu Oct 17 14:47:41 2024,0.0192060763888888,191071.0,0,0,0,0,0,0
1706.0,Thu Oct 17 15:43:24 2024,Thu Oct 17 15:15:36 2024,0.0192060763888888,119417.0,0,0,0,0,0,0
1707.0,Thu Oct 17 16:11:18 2024,Thu Oct 17 15:43:30 2024,0.0192060763888888,35826.0,0,0,0,0,0,0
1708.0,Thu Oct 17 16:39:13 2024,Thu Oct 17 16:11:25 2024,0.0192060763888888,179128.0,0,0,0,0,0,0
1709.0,Thu Oct 17 17:07:08 2024,Thu Oct 17 16:39:19 2024,0.0192060763888888,160189.0,0,0,0,0,0,0
1710.0,Thu Oct 17 17:35:02 2024,Thu Oct 17 17:07:14 2024,0.0192060763888888,191007.0,0,0,0,0,0,0
1711.0,Thu Oct 17 18:02:56 2024,Thu Oct 17 17:35:08 2024,0.0192060763888888,191072.0,0,0,0,0,0,0
1712.0,Thu Oct 17 18:30:51 2024,Thu Oct 17 18:03:03 2024,0.0192060763888888,191072.0,0,0,0,0,0,0
1713.0,Thu Oct 17 18:58:46 2024,Thu Oct 17 18:30:57 2024,0.0192060763888888,184274.0,0,0,0,0,0,0
1714.0,Thu Oct 17 19:26:40 2024,Thu Oct 17 18:58:52 2024,0.0192060763888888,190853.0,0,0,0,0,0,0
1715.0,Thu Oct 17 19:54:34 2024,Thu Oct 17 19:26:46 2024,0.0192060763888888,190880.0,0,0,0,0,0,0
1716.0,Thu Oct 17 20:22:29 2024,Thu Oct 17 19:54:40 2024,0.0192060763888888,190913.0,0,0,0,0,0,0
1717.0,Thu Oct 17 20:50:23 2024,Thu Oct 17 20:22:35 2024,0.0192060763888888,184810.0,0,0,0,0,0,0
1718.0,Thu Oct 17 21:18:17 2024,Thu Oct 17 20:50:29 2024,0.0192060763888888,190934.0,0,0,0,0,0,0
1719.0,Thu Oct 17 21:46:12 2024,Thu Oct 17 21:18:23 2024,0.0192060763888888,191037.0,0,0,0,0,0,0
1720.0,Thu Oct 17 22:14:06 2024,Thu Oct 17 21:46:18 2024,0.0192060763888888,185198.0,0,0,0,0,0,0
1721.0,Thu Oct 17 22:42:00 2024,Thu Oct 17 22:14:12 2024,0.0192060763888888,191152.0,0,0,0,0,0,0
1722.0,Thu Oct 17 23:09:55 2024,Thu Oct 17 22:42:07 2024,0.0192060763888888,155311.0,0,0,0,0,0,0
1723.0,Thu Oct 17 23:37:49 2024,Thu Oct 17 23:10:01 2024,0.0192060763888888,185200.0,0,0,0,0,0,0
1724.0,Fri Oct 18 00:05:43 2024,Thu Oct 17 23:37:55 2024,0.0192060763888888,191150.0,0,0,0,0,0,0
1725.0,Fri Oct 18 00:33:38 2024,Fri Oct 18 00:05:49 2024,0.0192060763888888,191146.0,0,0,0,0,0,0
1726.0,Fri Oct 18 01:01:32 2024,Fri Oct 18 00:33:44 2024,0.0192060763888888,191148.0,0,0,0,0,0,0
1727.0,Fri Oct 18 01:29:26 2024,Fri Oct 18 01:01:38 2024,0.0192060763888888,191150.0,0,0,0,0,0,0
1728.0,Fri Oct 18 01:57:21 2024,Fri Oct 18 01:29:32 2024,0.0192060763888888,107521.0,0,0,0,0,0,0
1730.0,Fri Oct 18 02:53:10 2024,Fri Oct 18 02:25:22 2024,0.0192060763888888,71680.0,0,0,0,0,0,0
1731.0,Fri Oct 18 03:21:04 2024,Fri Oct 18 02:53:16 2024,0.0192060763888888,191148.0,0,0,0,0,0,0
1732.0,Fri Oct 18 03:48:59 2024,Fri Oct 18 03:21:11 2024,0.0192060763888888,191150.0,0,0,0,0,0,0
1733.0,Fri Oct 18 04:16:53 2024,Fri Oct 18 03:49:05 2024,0.0192060763888888,191113.0,0,0,0,0,0,0
1734.0,Fri Oct 18 04:44:48 2024,Fri Oct 18 04:16:59 2024,0.0192060763888888,191132.0,0,0,0,0,0,0
1735.0,Fri Oct 18 05:12:42 2024,Fri Oct 18 04:44:54 2024,0.0192060763888888,191148.0,0,0,0,0,0,0
1736.0,Fri Oct 18 05:40:37 2024,Fri Oct 18 05:12:48 2024,0.0192060763888888,172619.0,0,0,0,0,0,0
1737.0,Fri Oct 18 06:08:31 2024,Fri Oct 18 05:40:43 2024,0.0192060763888888,190921.0,0,0,0,0,0,0
1738.0,Fri Oct 18 06:36:25 2024,Fri Oct 18 06:08:37 2024,0.0192060763888888,190928.0,0,0,0,0,0,0
1739.0,Fri Oct 18 07:04:20 2024,Fri Oct 18 06:36:31 2024,0.0192060763888888,190920.0,0,0,0,0,0,0
1740.0,Fri Oct 18 07:32:14 2024,Fri Oct 18 07:04:26 2024,0.0192060763888888,184975.0,0,0,0,0,0,0
1741.0,Fri Oct 18 08:00:08 2024,Fri Oct 18 07:32:20 2024,0.0192060763888888,190926.0,0,0,0,0,0,0
1742.0,Fri Oct 18 08:28:03 2024,Fri Oct 18 08:00:14 2024,0.0192060763888888,143190.0,0,0,0,0,0,0
1743.0,Fri Oct 18 08:55:57 2024,Fri Oct 18 08:28:09 2024,0.0192060763888888,23820.0,0,0,0,0,0,0
1744.0,Fri Oct 18 09:23:51 2024,Fri Oct 18 08:56:03 2024,0.0192060763888888,171659.0,0,0,0,0,0,0
1745.0,Fri Oct 18 09:51:46 2024,Fri Oct 18 09:23:57 2024,0.0192060763888888,190832.0,0,0,0,0,0,0
1746.0,Fri Oct 18 10:19:40 2024,Fri Oct 18 09:51:52 2024,0.0192060763888888,184308.0,0,0,0,0,0,0
1747.0,Fri Oct 18 10:47:35 2024,Fri Oct 18 10:19:47 2024,0.0192060763888888,184527.0,0,0,0,0,0,0
1748.0,Fri Oct 18 11:15:29 2024,Fri Oct 18 10:47:41 2024,0.0192060763888888,184044.0,0,0,0,0,0,0
1749.0,Fri Oct 18 11:43:23 2024,Fri Oct 18 11:15:35 2024,0.0192060763888888,190446.0,0,0,0,0,0,0
1750.0,Fri Oct 18 12:11:18 2024,Fri Oct 18 11:43:30 2024,0.0192060763888888,190548.0,0,0,0,0,0,0
1751.0,Fri Oct 18 12:39:12 2024,Fri Oct 18 12:11:24 2024,0.0192060763888888,184787.0,0,0,0,0,0,0
1752.0,Fri Oct 18 13:07:07 2024,Fri Oct 18 12:39:19 2024,0.0192060763888888,190668.0,0,0,0,0,0,0
1753.0,Fri Oct 18 13:35:01 2024,Fri Oct 18 13:07:13 2024,0.0192060763888888,191074.0,0,0,0,0,0,0
1754.0,Fri Oct 18 14:02:56 2024,Fri Oct 18 13:35:07 2024,0.0192060763888888,88873.0,0,0,0,0,0,0
1755.0,Fri Oct 18 14:30:50 2024,Fri Oct 18 14:03:02 2024,0.0192060763888888,188268.0,0,0,0,0,0,0
1756.0,Fri Oct 18 14:58:44 2024,Fri Oct 18 14:30:56 2024,0.0192060763888888,188268.0,0,0,0,0,0,0
1757.0,Fri Oct 18 15:26:39 2024,Fri Oct 18 14:58:51 2024,0.0192060763888888,182266.0,0,0,0,0,0,0
1758.0,Fri Oct 18 15:54:33 2024,Fri Oct 18 15:26:45 2024,0.0192060763888888,182271.0,0,0,0,0,0,0
1759.0,Fri Oct 18 16:22:28 2024,Fri Oct 18 15:54:39 2024,0.0192060763888888,182272.0,0,0,0,0,0,0
1760.0,Fri Oct 18 16:50:22 2024,Fri Oct 18 16:22:34 2024,0.0192060763888888,188806.0,0,0,0,0,0,0
1761.0,Fri Oct 18 17:18:16 2024,Fri Oct 18 16:50:28 2024,0.0192060763888888,177465.0,0,0,0,0,0,0
1762.0,Fri Oct 18 17:46:11 2024,Fri Oct 18 17:18:22 2024,0.0192060763888888,190284.0,0,0,0,0,0,0
1763.0,Fri Oct 18 18:14:05 2024,Fri Oct 18 17:46:17 2024,0.0192060763888888,190670.0,0,0,0,0,0,0
1764.0,Fri Oct 18 18:42:00 2024,Fri Oct 18 18:14:11 2024,0.0192060763888888,184699.0,0,0,0,0,0,0
1765.0,Fri Oct 18 19:09:54 2024,Fri Oct 18 18:42:06 2024,0.0192060763888888,190668.0,0,0,0,0,0,0
1766.0,Fri Oct 18 19:37:48 2024,Fri Oct 18 19:10:00 2024,0.0192060763888888,170583.0,0,0,0,0,0,0
1767.0,Fri Oct 18 20:05:43 2024,Fri Oct 18 19:37:55 2024,0.0192060763888888,190502.0,0,0,0,0,0,0
1768.0,Fri Oct 18 20:33:37 2024,Fri Oct 18 20:05:49 2024,0.0192060763888888,184953.0,0,0,0,0,0,0
1769.0,Fri Oct 18 21:01:32 2024,Fri Oct 18 20:33:44 2024,0.0192060763888888,190968.0,0,0,0,0,0,0
1770.0,Fri Oct 18 21:29:26 2024,Fri Oct 18 21:01:38 2024,0.0192060763888888,184382.0,0,0,0,0,0,0
1771.0,Fri Oct 18 21:57:21 2024,Fri Oct 18 21:29:33 2024,0.0192060763888888,177778.0,0,0,0,0,0,0
1772.0,Fri Oct 18 22:25:15 2024,Fri Oct 18 21:57:27 2024,0.0192060763888888,178762.0,0,0,0,0,0,0
1773.0,Fri Oct 18 22:53:10 2024,Fri Oct 18 22:25:21 2024,0.0192060763888888,184774.0,0,0,0,0,0,0
1774.0,Fri Oct 18 23:21:04 2024,Fri Oct 18 22:53:16 2024,0.0192060763888888,184148.0,0,0,0,0,0,0
1775.0,Fri Oct 18 23:48:59 2024,Fri Oct 18 23:21:10 2024,0.0192060763888888,184596.0,0,0,0,0,0,0
1776.0,Sat Oct 19 00:16:53 2024,Fri Oct 18 23:49:05 2024,0.0192060763888888,107166.0,0,0,0,0,0,0
1777.0,Sat Oct 19 00:44:48 2024,Sat Oct 19 00:16:59 2024,0.0192060763888888,178053.0,0,0,0,0,0,0
1778.0,Sat Oct 19 01:12:42 2024,Sat Oct 19 00:44:54 2024,0.0192060763888888,184158.0,0,0,0,0,0,0
1779.0,Sat Oct 19 01:40:37 2024,Sat Oct 19 01:12:48 2024,0.0192060763888888,190272.0,0,0,0,0,0,0
1780.0,Sat Oct 19 02:08:31 2024,Sat Oct 19 01:40:43 2024,0.0192060763888888,190376.0,0,0,0,0,0,0
1781.0,Sat Oct 19 02:36:25 2024,Sat Oct 19 02:08:37 2024,0.0192060763888888,190372.0,0,0,0,0,0,0
1782.0,Sat Oct 19 03:04:19 2024,Sat Oct 19 02:36:31 2024,0.0192060763888888,184284.0,0,0,0,0,0,0
1783.0,Sat Oct 19 03:32:14 2024,Sat Oct 19 03:04:26 2024,0.0192060763888888,184231.0,0,0,0,0,0,0
1784.0,Sat Oct 19 04:00:08 2024,Sat Oct 19 03:32:20 2024,0.0192060763888888,178948.0,1,0,0,0,0,0
1785.0,Sat Oct 19 04:28:02 2024,Sat Oct 19 04:00:14 2024,0.0192060763888888,190216.0,0,0,0,0,0,0
1786.0,Sat Oct 19 04:55:57 2024,Sat Oct 19 04:28:09 2024,0.0192060763888888,164347.0,0,0,0,0,0,0
1787.0,Sat Oct 19 05:23:51 2024,Sat Oct 19 04:56:03 2024,0.0192060763888888,188326.0,0,0,0,0,0,0
1788.0,Mon Oct 14 16:33:40 2024,Mon Oct 14 16:05:52 2024,0.0192060763888888,540374.0,0,0,0,0,0,0
1789.0,Mon Oct 14 17:01:34 2024,Mon Oct 14 16:33:46 2024,0.0192060763888888,546380.0,0,0,0,0,0,0
1790.0,Mon Oct 14 17:29:29 2024,Mon Oct 14 17:01:41 2024,0.0192060763888888,545758.0,0,0,0,0,0,0
1791.0,Mon Oct 14 17:57:23 2024,Mon Oct 14 17:29:35 2024,0.0192060763888888,540292.0,0,0,0,0,0,0
1792.0,Mon Oct 14 18:25:18 2024,Mon Oct 14 17:57:29 2024,0.0192060763888888,547043.0,0,0,0,0,0,0
1793.0,Mon Oct 14 18:53:12 2024,Mon Oct 14 18:25:24 2024,0.0192060763888888,542241.0,0,0,0,0,0,0
1794.0,Mon Oct 14 19:21:07 2024,Mon Oct 14 18:53:18 2024,0.0192060763888888,553765.0,0,0,0,0,0,0
1795.0,Mon Oct 14 19:49:01 2024,Mon Oct 14 19:21:13 2024,0.0192060763888888,542634.0,0,0,0,0,0,0
1796.0,Mon Oct 14 20:16:55 2024,Mon Oct 14 19:49:07 2024,0.0192060763888888,536716.0,0,0,0,0,0,0
1797.0,Mon Oct 14 20:44:50 2024,Mon Oct 14 20:17:02 2024,0.0192060763888888,548899.0,0,0,0,0,0,0
1798.0,Mon Oct 14 21:12:44 2024,Mon Oct 14 20:44:56 2024,0.0192060763888888,560784.0,0,0,0,0,0,0
1799.0,Mon Oct 14 21:40:39 2024,Mon Oct 14 21:12:51 2024,0.0192060763888888,554940.0,2,0,0,0,0,0
1800.0,Mon Oct 14 22:08:33 2024,Mon Oct 14 21:40:45 2024,0.0192060763888888,529115.0,0,0,0,0,0,0
1801.0,Mon Oct 14 22:36:28 2024,Mon Oct 14 22:08:39 2024,0.0192060763888888,531067.0,0,0,0,0,0,0
1802.0,Mon Oct 14 23:04:22 2024,Mon Oct 14 22:36:34 2024,0.0192060763888888,544205.0,0,0,0,0,0,0
1803.0,Mon Oct 14 23:32:16 2024,Mon Oct 14 23:04:28 2024,0.0192060763888888,535356.0,0,0,0,0,0,0
1804.0,Tue Oct 15 00:00:11 2024,Mon Oct 14 23:32:22 2024,0.0192060763888888,552990.0,0,0,0,0,0,0
1805.0,Tue Oct 15 00:28:05 2024,Tue Oct 15 00:00:17 2024,0.0192060763888888,540985.0,0,0,0,0,0,0
1806.0,Tue Oct 15 00:55:59 2024,Tue Oct 15 00:28:11 2024,0.0192060763888888,533284.0,0,0,0,0,0,0
1807.0,Tue Oct 15 01:23:54 2024,Tue Oct 15 00:56:05 2024,0.0192060763888888,553351.0,0,0,0,0,0,0
1808.0,Tue Oct 15 01:51:48 2024,Tue Oct 15 01:24:00 2024,0.0192060763888888,544883.0,1,0,0,0,0,0
1809.0,Tue Oct 15 02:19:42 2024,Tue Oct 15 01:51:54 2024,0.0192060763888888,547016.0,0,0,0,0,0,0
1810.0,Tue Oct 15 02:47:37 2024,Tue Oct 15 02:19:48 2024,0.0192060763888888,547623.0,0,0,0,0,0,0
1811.0,Tue Oct 15 03:15:31 2024,Tue Oct 15 02:47:43 2024,0.0192060763888888,547505.0,0,0,0,0,0,0
1812.0,Tue Oct 15 03:43:25 2024,Tue Oct 15 03:15:37 2024,0.0192060763888888,534799.0,0,0,0,0,0,0
1813.0,Tue Oct 15 04:11:20 2024,Tue Oct 15 03:43:32 2024,0.0192060763888888,553797.0,0,0,0,0,0,0
1814.0,Tue Oct 15 04:39:14 2024,Tue Oct 15 04:11:26 2024,0.0192060763888888,545761.0,0,0,0,0,0,0
1815.0,Tue Oct 15 05:07:09 2024,Tue Oct 15 04:39:20 2024,0.0192060763888888,552592.0,0,0,0,0,0,0
1816.0,Tue Oct 15 05:35:03 2024,Tue Oct 15 05:07:15 2024,0.0192060763888888,559151.0,0,0,0,0,0,0
1817.0,Tue Oct 15 06:02:57 2024,Tue Oct 15 05:35:09 2024,0.0192060763888888,559240.0,0,0,0,0,0,0
1818.0,Tue Oct 15 06:30:52 2024,Tue Oct 15 06:03:03 2024,0.0192060763888888,559625.0,0,0,0,0,0,0
1819.0,Tue Oct 15 06:58:46 2024,Tue Oct 15 06:30:58 2024,0.0192060763888888,542033.0,0,0,0,0,0,0
1820.0,Tue Oct 15 07:26:40 2024,Tue Oct 15 06:58:52 2024,0.0192060763888888,554416.0,0,0,0,0,0,0
1821.0,Tue Oct 15 07:54:34 2024,Tue Oct 15 07:26:46 2024,0.0192060763888888,545444.0,0,0,0,0,0,0
1822.0,Tue Oct 15 08:22:29 2024,Tue Oct 15 07:54:41 2024,0.0192060763888888,523487.0,0,0,0,0,0,0
1823.0,Tue Oct 15 08:50:23 2024,Tue Oct 15 08:22:35 2024,0.0192060763888888,362253.0,0,0,0,0,0,0
1824.0,Tue Oct 15 09:18:17 2024,Tue Oct 15 08:50:29 2024,0.0192060763888888,439038.0,0,0,0,0,0,0
1825.0,Tue Oct 15 09:46:12 2024,Tue Oct 15 09:18:24 2024,0.0192060763888888,552886.0,0,0,0,0,0,0
1826.0,Tue Oct 15 10:14:06 2024,Tue Oct 15 09:46:18 2024,0.0192060763888888,559397.0,0,0,0,0,0,0
1827.0,Tue Oct 15 10:42:01 2024,Tue Oct 15 10:14:13 2024,0.0192060763888888,560165.0,0,0,0,0,0,0
1828.0,Tue Oct 15 11:09:55 2024,Tue Oct 15 10:42:07 2024,0.0192060763888888,465664.0,0,0,0,0,0,0
1829.0,Tue Oct 15 11:37:50 2024,Tue Oct 15 11:10:02 2024,0.0192060763888888,555180.0,0,0,0,0,0,0
1830.0,Tue Oct 15 12:05:44 2024,Tue Oct 15 11:37:56 2024,0.0192060763888888,561181.0,0,0,0,0,0,0
1831.0,Tue Oct 15 12:33:39 2024,Tue Oct 15 12:05:51 2024,0.0192060763888888,555301.0,0,0,0,0,0,0
1832.0,Tue Oct 15 13:01:33 2024,Tue Oct 15 12:33:45 2024,0.0192060763888888,555344.0,0,0,0,0,0,0
1833.0,Tue Oct 15 13:29:28 2024,Tue Oct 15 13:01:40 2024,0.0192060763888888,544143.0,0,0,0,0,0,0
1834.0,Tue Oct 15 13:57:22 2024,Tue Oct 15 13:29:34 2024,0.0192060763888888,549363.0,0,0,0,0,0,0
1835.0,Tue Oct 15 14:25:17 2024,Tue Oct 15 13:57:28 2024,0.0192060763888888,549382.0,0,0,0,0,0,0
1836.0,Tue Oct 15 14:53:11 2024,Tue Oct 15 14:25:22 2024,0.0192060763888888,543291.0,0,0,0,0,0,0
1837.0,Tue Oct 15 15:21:05 2024,Tue Oct 15 14:53:17 2024,0.0192060763888888,535843.0,0,0,0,0,0,0
1838.0,Tue Oct 15 15:48:59 2024,Tue Oct 15 15:21:11 2024,0.0192060763888888,547427.0,0,0,0,0,0,0
1839.0,Tue Oct 15 16:16:54 2024,Tue Oct 15 15:49:05 2024,0.0192060763888888,560509.0,0,0,0,0,0,0
1840.0,Tue Oct 15 16:44:48 2024,Tue Oct 15 16:17:00 2024,0.0192060763888888,547569.0,0,0,0,0,0,0
1841.0,Tue Oct 15 17:12:43 2024,Tue Oct 15 16:44:54 2024,0.0192060763888888,548169.0,0,0,0,0,0,0
1842.0,Tue Oct 15 17:40:37 2024,Tue Oct 15 17:12:49 2024,0.0192060763888888,560297.0,0,0,0,0,0,0
1843.0,Tue Oct 15 18:08:31 2024,Tue Oct 15 17:40:43 2024,0.0192060763888888,547160.0,0,0,0,0,0,0
1844.0,Tue Oct 15 18:36:26 2024,Tue Oct 15 18:08:37 2024,0.0192060763888888,560563.0,1,0,0,0,0,0
1845.0,Tue Oct 15 19:04:20 2024,Tue Oct 15 18:36:32 2024,0.0192060763888888,554188.0,0,0,0,0,0,0
1846.0,Tue Oct 15 19:32:14 2024,Tue Oct 15 19:04:26 2024,0.0192060763888888,542361.0,0,0,0,0,0,0
1847.0,Tue Oct 15 20:00:09 2024,Tue Oct 15 19:32:21 2024,0.0192060763888888,548980.0,0,0,0,0,0,0
1848.0,Tue Oct 15 20:28:03 2024,Tue Oct 15 20:00:15 2024,0.0192060763888888,561017.0,0,0,0,0,0,0
1849.0,Tue Oct 15 20:55:57 2024,Tue Oct 15 20:28:09 2024,0.0192060763888888,555092.0,0,0,0,0,0,0
1850.0,Tue Oct 15 21:23:52 2024,Tue Oct 15 20:56:03 2024,0.0192060763888888,543317.0,0,0,0,0,0,0
1851.0,Tue Oct 15 21:51:46 2024,Tue Oct 15 21:23:58 2024,0.0192060763888888,370082.0,0,0,0,0,0,0
1852.0,Tue Oct 15 22:19:40 2024,Tue Oct 15 21:51:52 2024,0.0192060763888888,476034.0,0,0,0,0,0,0
1853.0,Tue Oct 15 22:47:35 2024,Tue Oct 15 22:19:46 2024,0.0192060763888888,554459.0,0,0,0,0,0,0
1854.0,Tue Oct 15 23:15:29 2024,Tue Oct 15 22:47:41 2024,0.0192060763888888,549335.0,0,0,0,0,0,0
1855.0,Tue Oct 15 23:43:24 2024,Tue Oct 15 23:15:35 2024,0.0192060763888888,548245.0,0,0,0,0,0,0
1856.0,Wed Oct 16 00:11:18 2024,Tue Oct 15 23:43:30 2024,0.0192060763888888,559987.0,0,0,0,0,0,0
1857.0,Wed Oct 16 00:39:13 2024,Wed Oct 16 00:11:24 2024,0.0192060763888888,554257.0,0,0,0,0,0,0
1858.0,Wed Oct 16 01:07:07 2024,Wed Oct 16 00:39:19 2024,0.0192060763888888,554739.0,1,0,0,0,0,0
1859.0,Wed Oct 16 01:35:01 2024,Wed Oct 16 01:07:13 2024,0.0192060763888888,555033.0,0,0,0,0,0,0
1860.0,Wed Oct 16 02:02:56 2024,Wed Oct 16 01:35:07 2024,0.0192060763888888,555105.0,0,0,0,0,0,0
1861.0,Wed Oct 16 02:30:50 2024,Wed Oct 16 02:03:02 2024,0.0192060763888888,555319.0,0,0,0,0,0,0
1862.0,Wed Oct 16 02:58:44 2024,Wed Oct 16 02:30:56 2024,0.0192060763888888,549283.0,0,0,0,0,0,0
1863.0,Wed Oct 16 03:26:39 2024,Wed Oct 16 02:58:51 2024,0.0192060763888888,542219.0,0,0,0,0,0,0
1864.0,Wed Oct 16 03:54:33 2024,Wed Oct 16 03:26:45 2024,0.0192060763888888,560534.0,0,0,0,0,0,0
1865.0,Wed Oct 16 04:22:27 2024,Wed Oct 16 03:54:39 2024,0.0192060763888888,541564.0,0,0,0,0,0,0
1866.0,Wed Oct 16 04:50:22 2024,Wed Oct 16 04:22:33 2024,0.0192060763888888,553732.0,0,0,0,0,0,0
1867.0,Wed Oct 16 05:18:16 2024,Wed Oct 16 04:50:28 2024,0.0192060763888888,535797.0,0,0,0,0,0,0
1868.0,Wed Oct 16 05:46:11 2024,Wed Oct 16 05:18:23 2024,0.0192060763888888,554455.0,0,0,0,0,0,0
1869.0,Wed Oct 16 06:14:05 2024,Wed Oct 16 05:46:17 2024,0.0192060763888888,548557.0,0,0,0,0,0,0
1870.0,Wed Oct 16 06:42:00 2024,Wed Oct 16 06:14:11 2024,0.0192060763888888,554797.0,0,0,0,0,0,0
1871.0,Wed Oct 16 07:09:54 2024,Wed Oct 16 06:42:06 2024,0.0192060763888888,555117.0,0,0,0,0,0,0
1872.0,Wed Oct 16 07:37:48 2024,Wed Oct 16 07:10:00 2024,0.0192060763888888,555313.0,0,0,0,0,0,0
1873.0,Wed Oct 16 08:05:43 2024,Wed Oct 16 07:37:55 2024,0.0192060763888888,561322.0,0,0,0,0,0,0
1874.0,Wed Oct 16 08:33:38 2024,Wed Oct 16 08:05:49 2024,0.0192060763888888,541783.0,0,0,0,0,0,0
1875.0,Wed Oct 16 09:01:32 2024,Wed Oct 16 08:33:44 2024,0.0192060763888888,560792.0,0,0,0,0,0,0
1876.0,Wed Oct 16 09:29:27 2024,Wed Oct 16 09:01:39 2024,0.0192060763888888,560787.0,0,0,0,0,0,0
1877.0,Wed Oct 16 09:57:21 2024,Wed Oct 16 09:29:33 2024,0.0192060763888888,560581.0,0,0,0,0,0,0
1878.0,Wed Oct 16 10:25:15 2024,Wed Oct 16 09:57:27 2024,0.0192060763888888,547476.0,0,0,0,0,0,0
1879.0,Wed Oct 16 10:53:10 2024,Wed Oct 16 10:25:22 2024,0.0192060763888888,541417.0,0,0,0,0,0,0
1880.0,Wed Oct 16 11:21:04 2024,Wed Oct 16 10:53:16 2024,0.0192060763888888,559618.0,0,0,0,0,0,0
1881.0,Wed Oct 16 11:48:58 2024,Wed Oct 16 11:21:10 2024,0.0192060763888888,528986.0,0,0,0,0,0,0
1882.0,Wed Oct 16 12:16:53 2024,Wed Oct 16 11:49:05 2024,0.0192060763888888,546550.0,0,0,0,0,0,0
1883.0,Wed Oct 16 12:44:47 2024,Wed Oct 16 12:16:59 2024,0.0192060763888888,522438.0,0,0,0,0,0,0
1884.0,Wed Oct 16 13:12:42 2024,Wed Oct 16 12:44:54 2024,0.0192060763888888,553653.0,0,0,0,0,0,0
1885.0,Wed Oct 16 13:40:36 2024,Wed Oct 16 13:12:48 2024,0.0192060763888888,554664.0,0,0,0,0,0,0
1886.0,Wed Oct 16 14:08:31 2024,Wed Oct 16 13:40:42 2024,0.0192060763888888,555187.0,0,0,0,0,0,0
1887.0,Wed Oct 16 14:36:25 2024,Wed Oct 16 14:08:37 2024,0.0192060763888888,554487.0,0,0,0,0,0,0
1888.0,Wed Oct 16 15:04:20 2024,Wed Oct 16 14:36:32 2024,0.0192060763888888,534391.0,0,0,0,0,0,0
1889.0,Wed Oct 16 15:32:14 2024,Wed Oct 16 15:04:26 2024,0.0192060763888888,554297.0,0,0,0,0,0,0
1890.0,Wed Oct 16 16:00:09 2024,Wed Oct 16 15:32:20 2024,0.0192060763888888,534813.0,0,0,0,0,0,0
1891.0,Wed Oct 16 16:28:03 2024,Wed Oct 16 16:00:15 2024,0.0192060763888888,546272.0,0,0,0,0,0,0
1892.0,Wed Oct 16 16:55:58 2024,Wed Oct 16 16:28:09 2024,0.0192060763888888,533794.0,0,0,0,0,0,0
1893.0,Wed Oct 16 17:23:52 2024,Wed Oct 16 16:56:04 2024,0.0192060763888888,557644.0,0,0,0,0,0,0
1894.0,Wed Oct 16 17:51:47 2024,Wed Oct 16 17:23:58 2024,0.0192060763888888,526801.0,1,0,0,0,0,0
1895.0,Wed Oct 16 18:19:41 2024,Wed Oct 16 17:51:53 2024,0.0192060763888888,552319.0,0,0,0,0,0,0
1896.0,Wed Oct 16 18:47:35 2024,Wed Oct 16 18:19:47 2024,0.0192060763888888,487520.0,0,0,0,0,0,0
1897.0,Wed Oct 16 19:15:29 2024,Wed Oct 16 18:47:41 2024,0.0192060763888888,534504.0,0,0,0,0,0,0
1898.0,Wed Oct 16 19:43:24 2024,Wed Oct 16 19:15:36 2024,0.0192060763888888,551747.0,0,0,0,0,0,0
1899.0,Wed Oct 16 20:11:19 2024,Wed Oct 16 19:43:30 2024,0.0192060763888888,541070.0,0,0,0,0,0,0
1900.0,Wed Oct 16 20:39:13 2024,Wed Oct 16 20:11:25 2024,0.0192060763888888,559091.0,0,0,0,0,0,0
1901.0,Wed Oct 16 21:07:07 2024,Wed Oct 16 20:39:19 2024,0.0192060763888888,552753.0,0,0,0,0,0,0
1902.0,Wed Oct 16 21:35:02 2024,Wed Oct 16 21:07:13 2024,0.0192060763888888,554074.0,0,0,0,0,0,0
1903.0,Wed Oct 16 22:02:56 2024,Wed Oct 16 21:35:08 2024,0.0192060763888888,548114.0,0,0,0,0,0,0
1904.0,Wed Oct 16 22:30:50 2024,Wed Oct 16 22:03:02 2024,0.0192060763888888,548552.0,0,0,0,0,0,0
1905.0,Wed Oct 16 22:58:45 2024,Wed Oct 16 22:30:57 2024,0.0192060763888888,542561.0,0,0,0,0,0,0
1906.0,Wed Oct 16 23:26:39 2024,Wed Oct 16 22:58:51 2024,0.0192060763888888,523169.0,0,0,0,0,0,0
1907.0,Wed Oct 16 23:54:33 2024,Wed Oct 16 23:26:45 2024,0.0192060763888888,540515.0,0,0,0,0,0,0
1908.0,Thu Oct 17 00:22:28 2024,Wed Oct 16 23:54:40 2024,0.0192060763888888,560654.0,0,0,0,0,0,0
1909.0,Thu Oct 17 00:50:22 2024,Thu Oct 17 00:22:34 2024,0.0192060763888888,560644.0,0,0,0,0,0,0
1910.0,Thu Oct 17 01:18:17 2024,Thu Oct 17 00:50:29 2024,0.0192060763888888,554421.0,0,0,0,0,0,0
1911.0,Thu Oct 17 01:46:11 2024,Thu Oct 17 01:18:23 2024,0.0192060763888888,541251.0,0,0,0,0,0,0
1912.0,Thu Oct 17 02:14:06 2024,Thu Oct 17 01:46:17 2024,0.0192060763888888,508773.0,0,0,0,0,0,0
1913.0,Thu Oct 17 02:42:00 2024,Thu Oct 17 02:14:12 2024,0.0192060763888888,529099.0,0,0,0,0,0,0
1914.0,Thu Oct 17 03:09:54 2024,Thu Oct 17 02:42:06 2024,0.0192060763888888,541708.0,0,0,0,0,0,0
1915.0,Thu Oct 17 03:37:49 2024,Thu Oct 17 03:10:00 2024,0.0192060763888888,547516.0,0,0,0,0,0,0
1916.0,Thu Oct 17 04:05:43 2024,Thu Oct 17 03:37:55 2024,0.0192060763888888,553407.0,0,0,0,0,0,0
1917.0,Thu Oct 17 04:33:38 2024,Thu Oct 17 04:05:49 2024,0.0192060763888888,546247.0,0,0,0,0,0,0
1918.0,Thu Oct 17 05:01:32 2024,Thu Oct 17 04:33:44 2024,0.0192060763888888,541989.0,0,0,0,0,0,0
1919.0,Thu Oct 17 05:29:27 2024,Thu Oct 17 05:01:38 2024,0.0192060763888888,553037.0,0,0,0,0,0,0
1920.0,Thu Oct 17 05:57:21 2024,Thu Oct 17 05:29:33 2024,0.0192060763888888,553889.0,0,0,0,0,0,0
1921.0,Thu Oct 17 06:25:16 2024,Thu Oct 17 05:57:27 2024,0.0192060763888888,553942.0,0,0,0,0,0,0
1922.0,Thu Oct 17 06:53:10 2024,Thu Oct 17 06:25:22 2024,0.0192060763888888,546363.0,0,0,0,0,0,0
1923.0,Thu Oct 17 07:21:05 2024,Thu Oct 17 06:53:16 2024,0.0192060763888888,546703.0,0,0,0,0,0,0
1924.0,Thu Oct 17 07:48:59 2024,Thu Oct 17 07:21:11 2024,0.0192060763888888,541518.0,0,0,0,0,0,0
1925.0,Thu Oct 17 08:16:54 2024,Thu Oct 17 07:49:05 2024,0.0192060763888888,554123.0,0,0,0,0,0,0
1926.0,Thu Oct 17 08:44:48 2024,Thu Oct 17 08:17:00 2024,0.0192060763888888,554864.0,0,0,0,0,0,0
1927.0,Thu Oct 17 09:12:42 2024,Thu Oct 17 08:44:54 2024,0.0192060763888888,560076.0,0,0,0,0,0,0
1928.0,Thu Oct 17 09:40:37 2024,Thu Oct 17 09:12:48 2024,0.0192060763888888,560267.0,0,0,0,0,0,0
1929.0,Thu Oct 17 10:08:31 2024,Thu Oct 17 09:40:43 2024,0.0192060763888888,501478.0,0,0,0,0,0,0
1930.0,Thu Oct 17 10:36:26 2024,Thu Oct 17 10:08:37 2024,0.0192060763888888,543357.0,0,0,0,0,0,0
1931.0,Thu Oct 17 11:04:20 2024,Thu Oct 17 10:36:32 2024,0.0192060763888888,543595.0,0,0,0,0,0,0
1932.0,Thu Oct 17 11:32:14 2024,Thu Oct 17 11:04:26 2024,0.0192060763888888,560854.0,0,0,0,0,0,0
1933.0,Thu Oct 17 12:00:08 2024,Thu Oct 17 11:32:20 2024,0.0192060763888888,560839.0,0,0,0,0,0,0
1934.0,Thu Oct 17 12:28:03 2024,Thu Oct 17 12:00:15 2024,0.0192060763888888,554256.0,0,0,0,0,0,0
1935.0,Thu Oct 17 12:55:58 2024,Thu Oct 17 12:28:09 2024,0.0192060763888888,548187.0,0,0,0,0,0,0
1936.0,Thu Oct 17 13:23:52 2024,Thu Oct 17 12:56:03 2024,0.0192060763888888,522498.0,0,0,0,0,0,0
1937.0,Thu Oct 17 13:51:46 2024,Thu Oct 17 13:23:58 2024,0.0192060763888888,541853.0,0,0,0,0,0,0
1938.0,Thu Oct 17 14:19:41 2024,Thu Oct 17 13:51:52 2024,0.0192060763888888,541571.0,0,0,0,0,0,0
1939.0,Thu Oct 17 14:47:35 2024,Thu Oct 17 14:19:47 2024,0.0192060763888888,553524.0,0,0,0,0,0,0
1940.0,Thu Oct 17 15:15:30 2024,Thu Oct 17 14:47:41 2024,0.0192060763888888,559533.0,0,0,0,0,0,0
1941.0,Thu Oct 17 15:43:24 2024,Thu Oct 17 15:15:36 2024,0.0192060763888888,516518.0,0,0,0,0,0,0
1942.0,Thu Oct 17 16:11:18 2024,Thu Oct 17 15:43:30 2024,0.0192060763888888,547161.0,0,0,0,0,0,0
1943.0,Thu Oct 17 16:39:13 2024,Thu Oct 17 16:11:25 2024,0.0192060763888888,534243.0,0,0,0,0,0,0
1944.0,Thu Oct 17 17:07:08 2024,Thu Oct 17 16:39:19 2024,0.0192060763888888,533269.0,0,0,0,0,0,0
1945.0,Thu Oct 17 17:35:02 2024,Thu Oct 17 17:07:14 2024,0.0192060763888888,552959.0,0,0,0,0,0,0
1946.0,Thu Oct 17 18:02:56 2024,Thu Oct 17 17:35:08 2024,0.0192060763888888,558941.0,0,0,0,0,0,0
1947.0,Thu Oct 17 18:30:51 2024,Thu Oct 17 18:03:03 2024,0.0192060763888888,546524.0,0,0,0,0,0,0
1948.0,Thu Oct 17 18:58:46 2024,Thu Oct 17 18:30:57 2024,0.0192060763888888,554026.0,0,0,0,0,0,0
1949.0,Thu Oct 17 19:26:40 2024,Thu Oct 17 18:58:52 2024,0.0192060763888888,554067.0,0,0,0,0,0,0
1950.0,Thu Oct 17 19:54:34 2024,Thu Oct 17 19:26:46 2024,0.0192060763888888,560699.0,0,0,0,0,0,0
1951.0,Thu Oct 17 20:22:29 2024,Thu Oct 17 19:54:40 2024,0.0192060763888888,561187.0,0,0,0,0,0,0
1952.0,Thu Oct 17 20:50:23 2024,Thu Oct 17 20:22:35 2024,0.0192060763888888,549385.0,0,0,0,0,0,0
1953.0,Thu Oct 17 21:18:17 2024,Thu Oct 17 20:50:29 2024,0.0192060763888888,554408.0,0,0,0,0,0,0
1954.0,Thu Oct 17 21:46:12 2024,Thu Oct 17 21:18:23 2024,0.0192060763888888,544054.0,0,0,0,0,0,0
1955.0,Thu Oct 17 22:14:06 2024,Thu Oct 17 21:46:18 2024,0.0192060763888888,548374.0,0,0,0,0,0,0
1956.0,Thu Oct 17 22:42:00 2024,Thu Oct 17 22:14:12 2024,0.0192060763888888,555171.0,0,0,0,0,0,0
1957.0,Thu Oct 17 23:09:55 2024,Thu Oct 17 22:42:07 2024,0.0192060763888888,549724.0,0,0,0,0,0,0
1958.0,Thu Oct 17 23:37:49 2024,Thu Oct 17 23:10:01 2024,0.0192060763888888,554932.0,0,0,0,0,0,0
1959.0,Fri Oct 18 00:05:43 2024,Thu Oct 17 23:37:55 2024,0.0192060763888888,554971.0,0,0,0,0,0,0
1960.0,Fri Oct 18 00:33:38 2024,Fri Oct 18 00:05:49 2024,0.0192060763888888,542522.0,0,0,0,0,0,0
1961.0,Fri Oct 18 01:01:32 2024,Fri Oct 18 00:33:44 2024,0.0192060763888888,554987.0,0,0,0,0,0,0
1962.0,Fri Oct 18 01:29:26 2024,Fri Oct 18 01:01:38 2024,0.0192060763888888,542658.0,0,0,0,0,0,0
1963.0,Fri Oct 18 01:57:21 2024,Fri Oct 18 01:29:33 2024,0.0192060763888888,535360.0,0,0,0,0,0,0
1964.0,Fri Oct 18 02:25:15 2024,Fri Oct 18 01:57:27 2024,0.0192060763888888,560019.0,0,0,0,0,0,0
1965.0,Fri Oct 18 02:53:10 2024,Fri Oct 18 02:25:22 2024,0.0192060763888888,560030.0,0,0,0,0,0,0
1966.0,Fri Oct 18 03:21:04 2024,Fri Oct 18 02:53:16 2024,0.0192060763888888,547570.0,0,0,0,0,0,0
1967.0,Fri Oct 18 03:48:59 2024,Fri Oct 18 03:21:11 2024,0.0192060763888888,559981.0,0,0,0,0,0,0
1968.0,Fri Oct 18 04:16:53 2024,Fri Oct 18 03:49:05 2024,0.0192060763888888,548296.0,0,0,0,0,0,0
1969.0,Fri Oct 18 04:44:48 2024,Fri Oct 18 04:16:59 2024,0.0192060763888888,548930.0,0,0,0,0,0,0
1970.0,Fri Oct 18 05:12:42 2024,Fri Oct 18 04:44:54 2024,0.0192060763888888,526131.0,0,0,0,0,0,0
1971.0,Fri Oct 18 05:40:37 2024,Fri Oct 18 05:12:48 2024,0.0192060763888888,548799.0,0,0,0,0,0,0
1972.0,Fri Oct 18 06:08:31 2024,Fri Oct 18 05:40:43 2024,0.0192060763888888,555090.0,0,0,0,0,0,0
1973.0,Fri Oct 18 06:36:25 2024,Fri Oct 18 06:08:37 2024,0.0192060763888888,561120.0,0,0,0,0,0,0
1974.0,Fri Oct 18 07:04:20 2024,Fri Oct 18 06:36:31 2024,0.0192060763888888,554353.0,0,0,0,0,0,0
1975.0,Fri Oct 18 07:32:14 2024,Fri Oct 18 07:04:26 2024,0.0192060763888888,561089.0,0,0,0,0,0,0
1976.0,Fri Oct 18 08:00:08 2024,Fri Oct 18 07:32:20 2024,0.0192060763888888,549884.0,0,0,0,0,0,0
1977.0,Fri Oct 18 08:28:03 2024,Fri Oct 18 08:00:14 2024,0.0192060763888888,543071.0,0,0,0,0,0,0
1978.0,Fri Oct 18 08:55:57 2024,Fri Oct 18 08:28:09 2024,0.0192060763888888,561272.0,0,0,0,0,0,0
1979.0,Fri Oct 18 09:23:51 2024,Fri Oct 18 08:56:03 2024,0.0192060763888888,550171.0,0,0,0,0,0,0
1980.0,Fri Oct 18 09:51:46 2024,Fri Oct 18 09:23:57 2024,0.0192060763888888,549065.0,0,0,0,0,0,0
1981.0,Fri Oct 18 10:19:40 2024,Fri Oct 18 09:51:52 2024,0.0192060763888888,357550.0,0,0,0,0,0,0
1982.0,Fri Oct 18 10:47:35 2024,Fri Oct 18 10:19:47 2024,0.0192060763888888,543152.0,0,0,0,0,0,0
1983.0,Fri Oct 18 11:15:29 2024,Fri Oct 18 10:47:41 2024,0.0192060763888888,547175.0,0,0,0,0,0,0
1984.0,Fri Oct 18 11:43:23 2024,Fri Oct 18 11:15:35 2024,0.0192060763888888,554522.0,0,0,0,0,0,0
1985.0,Fri Oct 18 12:11:18 2024,Fri Oct 18 11:43:30 2024,0.0192060763888888,560643.0,0,0,0,0,0,0
1986.0,Fri Oct 18 12:39:12 2024,Fri Oct 18 12:11:24 2024,0.0192060763888888,537630.0,0,0,0,0,0,0
1987.0,Fri Oct 18 13:07:07 2024,Fri Oct 18 12:39:19 2024,0.0192060763888888,560746.0,0,0,0,0,0,0
1988.0,Fri Oct 18 13:35:01 2024,Fri Oct 18 13:07:13 2024,0.0192060763888888,381573.0,0,0,0,0,0,0
1989.0,Fri Oct 18 14:02:56 2024,Fri Oct 18 13:35:07 2024,0.0192060763888888,428884.0,0,0,0,0,0,0
1990.0,Fri Oct 18 14:30:50 2024,Fri Oct 18 14:03:02 2024,0.0192060763888888,554737.0,0,0,0,0,0,0
1991.0,Fri Oct 18 14:58:44 2024,Fri Oct 18 14:30:56 2024,0.0192060763888888,541976.0,0,0,0,0,0,0
1992.0,Fri Oct 18 15:26:39 2024,Fri Oct 18 14:58:51 2024,0.0192060763888888,553721.0,0,0,0,0,0,0
1993.0,Fri Oct 18 15:54:33 2024,Fri Oct 18 15:26:45 2024,0.0192060763888888,541495.0,0,0,0,0,0,0
1994.0,Fri Oct 18 16:22:28 2024,Fri Oct 18 15:54:39 2024,0.0192060763888888,553573.0,0,0,0,0,0,0
1995.0,Fri Oct 18 16:50:22 2024,Fri Oct 18 16:22:34 2024,0.0192060763888888,542346.0,0,0,0,0,0,0
1996.0,Fri Oct 18 17:18:16 2024,Fri Oct 18 16:50:28 2024,0.0192060763888888,553889.0,0,0,0,0,0,0
1997.0,Fri Oct 18 17:46:11 2024,Fri Oct 18 17:18:22 2024,0.0192060763888888,560008.0,0,0,0,0,0,0
1998.0,Fri Oct 18 18:14:05 2024,Fri Oct 18 17:46:17 2024,0.0192060763888888,560294.0,0,0,0,0,0,0
1999.0,Fri Oct 18 18:42:00 2024,Fri Oct 18 18:14:11 2024,0.0192060763888888,554397.0,0,0,0,0,0,0
2000.0,Fri Oct 18 19:09:54 2024,Fri Oct 18 18:42:06 2024,0.0192060763888888,523429.0,1,0,0,0,0,0
2001.0,Fri Oct 18 19:37:48 2024,Fri Oct 18 19:10:00 2024,0.0192060763888888,548794.0,0,0,0,0,0,0
2002.0,Fri Oct 18 20:05:43 2024,Fri Oct 18 19:37:55 2024,0.0192060763888888,554061.0,0,0,0,0,0,0
2003.0,Fri Oct 18 20:33:37 2024,Fri Oct 18 20:05:49 2024,0.0192060763888888,554885.0,0,0,0,0,0,0
2004.0,Fri Oct 18 21:01:32 2024,Fri Oct 18 20:33:44 2024,0.0192060763888888,560552.0,0,0,0,0,0,0
2005.0,Fri Oct 18 21:29:26 2024,Fri Oct 18 21:01:38 2024,0.0192060763888888,548368.0,0,0,0,0,0,0
2006.0,Fri Oct 18 21:57:21 2024,Fri Oct 18 21:29:33 2024,0.0192060763888888,547369.0,0,0,0,0,0,0
2007.0,Fri Oct 18 22:25:15 2024,Fri Oct 18 21:57:27 2024,0.0192060763888888,560732.0,0,0,0,0,0,0
2008.0,Fri Oct 18 22:53:10 2024,Fri Oct 18 22:25:21 2024,0.0192060763888888,533735.0,0,0,0,0,0,0
2009.0,Fri Oct 18 23:21:04 2024,Fri Oct 18 22:53:16 2024,0.0192060763888888,553704.0,0,0,0,0,0,0
2010.0,Fri Oct 18 23:48:59 2024,Fri Oct 18 23:21:10 2024,0.0192060763888888,546304.0,0,0,0,0,0,0
2011.0,Sat Oct 19 00:16:53 2024,Fri Oct 18 23:49:05 2024,0.0192060763888888,552792.0,0,0,0,0,0,0
2012.0,Sat Oct 19 00:44:48 2024,Sat Oct 19 00:16:59 2024,0.0192060763888888,559496.0,0,0,0,0,0,0
2013.0,Sat Oct 19 01:12:42 2024,Sat Oct 19 00:44:54 2024,0.0192060763888888,547604.0,0,0,0,0,0,0
2014.0,Sat Oct 19 01:40:37 2024,Sat Oct 19 01:12:48 2024,0.0192060763888888,541889.0,0,0,0,0,0,0
2015.0,Sat Oct 19 02:08:31 2024,Sat Oct 19 01:40:43 2024,0.0192060763888888,559794.0,0,0,0,0,0,0
2016.0,Sat Oct 19 02:36:25 2024,Sat Oct 19 02:08:37 2024,0.0192060763888888,554306.0,0,0,0,0,0,0
2017.0,Sat Oct 19 03:04:19 2024,Sat Oct 19 02:36:31 2024,0.0192060763888888,547085.0,0,0,0,0,0,0
2018.0,Sat Oct 19 03:32:14 2024,Sat Oct 19 03:04:26 2024,0.0192060763888888,541798.0,0,0,0,0,0,0
2019.0,Sat Oct 19 04:00:08 2024,Sat Oct 19 03:32:20 2024,0.0192060763888888,546531.0,0,0,0,0,0,0
2020.0,Sat Oct 19 04:28:02 2024,Sat Oct 19 04:00:14 2024,0.0192060763888888,540869.0,0,0,0,0,0,0
2021.0,Sat Oct 19 04:55:57 2024,Sat Oct 19 04:28:09 2024,0.0192060763888888,553560.0,1,0,0,0,0,0
2022.0,Sat Oct 19 05:23:51 2024,Sat Oct 19 04:56:03 2024,0.0192060763888888,553648.0,0,0,0,0,0,0
2023.0,Sat Oct 19 05:51:46 2024,Sat Oct 19 05:23:57 2024,0.0192060763888888,356670.0,0,0,0,0,0,0
2024.0,Sat Oct 19 06:19:40 2024,Sat Oct 19 05:51:52 2024,0.0192060763888888,369177.0,0,0,0,0,0,0
2025.0,Sat Oct 19 06:47:34 2024,Sat Oct 19 06:19:46 2024,0.0192060763888888,369506.0,0,0,0,0,0,0
2026.0,Sat Oct 19 07:15:29 2024,Sat Oct 19 06:47:40 2024,0.0192060763888888,369802.0,0,0,0,0,0,0
2027.0,Sat Oct 19 07:43:23 2024,Sat Oct 19 07:15:35 2024,0.0192060763888888,345493.0,0,0,0,0,0,0
2028.0,Sat Oct 19 08:11:17 2024,Sat Oct 19 07:43:29 2024,0.0192060763888888,369852.0,0,0,0,0,0,0
2029.0,Sat Oct 19 08:39:12 2024,Sat Oct 19 08:11:24 2024,0.0192060763888888,369929.0,0,0,0,0,0,0
2030.0,Sat Oct 19 09:07:06 2024,Sat Oct 19 08:39:18 2024,0.0192060763888888,357383.0,0,0,0,0,0,0
2031.0,Sat Oct 19 09:35:00 2024,Sat Oct 19 09:07:12 2024,0.0192060763888888,363035.0,0,0,0,0,0,0
2032.0,Sat Oct 19 10:02:55 2024,Sat Oct 19 09:35:07 2024,0.0192060763888888,357859.0,0,0,0,0,0,0
2033.0,Sat Oct 19 10:30:49 2024,Sat Oct 19 10:03:01 2024,0.0192060763888888,361025.0,0,0,0,0,0,0
2034.0,Sat Oct 19 10:58:44 2024,Sat Oct 19 10:30:56 2024,0.0192060763888888,362123.0,0,0,0,0,0,0
2035.0,Sat Oct 19 11:26:38 2024,Sat Oct 19 10:58:50 2024,0.0192060763888888,348848.0,0,0,0,0,0,0
2036.0,Sat Oct 19 11:54:33 2024,Sat Oct 19 11:26:44 2024,0.0192060763888888,361395.0,0,0,0,0,0,0
2037.0,Sat Oct 19 12:22:27 2024,Sat Oct 19 11:54:39 2024,0.0192060763888888,356175.0,0,0,0,0,0,0
2038.0,Sat Oct 19 12:50:21 2024,Sat Oct 19 12:22:33 2024,0.0192060763888888,368112.0,0,0,0,0,0,0
2039.0,Sat Oct 19 13:18:16 2024,Sat Oct 19 12:50:27 2024,0.0192060763888888,362685.0,0,0,0,0,0,0
2040.0,Sat Oct 19 13:46:10 2024,Sat Oct 19 13:18:22 2024,0.0192060763888888,369328.0,0,0,0,0,0,0
2041.0,Sat Oct 19 14:14:04 2024,Sat Oct 19 13:46:16 2024,0.0192060763888888,357444.0,0,0,0,0,0,0
2042.0,Sat Oct 19 14:41:59 2024,Sat Oct 19 14:14:11 2024,0.0192060763888888,363513.0,0,0,0,0,0,0
2043.0,Sat Oct 19 15:09:53 2024,Sat Oct 19 14:42:05 2024,0.0192060763888888,363127.0,0,0,0,0,0,0
2044.0,Sat Oct 19 15:37:48 2024,Sat Oct 19 15:09:59 2024,0.0192060763888888,363782.0,0,0,0,0,0,0
2045.0,Sat Oct 19 16:05:42 2024,Sat Oct 19 15:37:54 2024,0.0192060763888888,369755.0,0,0,0,0,0,0
2046.0,Sat Oct 19 16:33:37 2024,Sat Oct 19 16:05:48 2024,0.0192060763888888,353133.0,0,0,0,0,0,0
2047.0,Sat Oct 19 17:01:31 2024,Sat Oct 19 16:33:43 2024,0.0192060763888888,363300.0,0,0,0,0,0,0
2048.0,Sat Oct 19 17:29:25 2024,Sat Oct 19 17:01:37 2024,0.0192060763888888,369599.0,0,0,0,0,0,0
2049.0,Sat Oct 19 17:57:20 2024,Sat Oct 19 17:29:31 2024,0.0192060763888888,344685.0,0,0,0,0,0,0
2050.0,Sat Oct 19 18:25:14 2024,Sat Oct 19 17:57:26 2024,0.0192060763888888,363755.0,0,0,0,0,0,0
2051.0,Sat Oct 19 18:53:08 2024,Sat Oct 19 18:25:20 2024,0.0192060763888888,369419.0,0,0,0,0,0,0
2052.0,Sat Oct 19 19:21:03 2024,Sat Oct 19 18:53:14 2024,0.0192060763888888,369426.0,0,0,0,0,0,0
2053.0,Sat Oct 19 19:48:57 2024,Sat Oct 19 19:21:09 2024,0.0192060763888888,363321.0,0,0,0,0,0,0
2054.0,Sat Oct 19 20:16:51 2024,Sat Oct 19 19:49:03 2024,0.0192060763888888,369776.0,0,0,0,0,0,0
2055.0,Sat Oct 19 20:44:46 2024,Sat Oct 19 20:16:58 2024,0.0192060763888888,363574.0,0,0,0,0,0,0
2056.0,Sat Oct 19 21:12:41 2024,Sat Oct 19 20:44:52 2024,0.0192060763888888,363522.0,0,0,0,0,0,0
2057.0,Sat Oct 19 21:40:35 2024,Sat Oct 19 21:12:47 2024,0.0192060763888888,370044.0,0,0,0,0,0,0
2058.0,Sat Oct 19 22:08:29 2024,Sat Oct 19 21:40:41 2024,0.0192060763888888,364090.0,0,0,0,0,0,0
2059.0,Sat Oct 19 22:36:24 2024,Sat Oct 19 22:08:35 2024,0.0192060763888888,370039.0,0,0,0,0,0,0
2060.0,Sat Oct 19 23:04:18 2024,Sat Oct 19 22:36:30 2024,0.0192060763888888,351811.0,0,0,0,0,0,0
2061.0,Sat Oct 19 23:32:12 2024,Sat Oct 19 23:04:24 2024,0.0192060763888888,363968.0,0,0,0,0,0,0
2062.0,Sun Oct 20 00:00:07 2024,Sat Oct 19 23:32:19 2024,0.0192060763888888,363019.0,0,0,0,0,0,0
2063.0,Sun Oct 20 00:28:01 2024,Sun Oct 20 00:00:13 2024,0.0192060763888888,369369.0,0,0,0,0,0,0
2064.0,Sun Oct 20 00:55:55 2024,Sun Oct 20 00:28:07 2024,0.0192060763888888,369345.0,0,0,0,0,0,0
2065.0,Sun Oct 20 01:23:50 2024,Sun Oct 20 00:56:02 2024,0.0192060763888888,363397.0,0,0,0,0,0,0
2066.0,Sun Oct 20 01:51:44 2024,Sun Oct 20 01:23:56 2024,0.0192060763888888,362278.0,0,0,0,0,0,0
2067.0,Sun Oct 20 02:19:39 2024,Sun Oct 20 01:51:51 2024,0.0192060763888888,363294.0,0,0,0,0,0,0
2068.0,Sun Oct 20 02:47:33 2024,Sun Oct 20 02:19:45 2024,0.0192060763888888,363303.0,0,0,0,0,0,0
2069.0,Sun Oct 20 03:15:28 2024,Sun Oct 20 02:47:39 2024,0.0192060763888888,369897.0,0,0,0,0,0,0
2070.0,Sun Oct 20 03:43:22 2024,Sun Oct 20 03:15:34 2024,0.0192060763888888,369887.0,0,0,0,0,0,0
2071.0,Sun Oct 20 04:11:16 2024,Sun Oct 20 03:43:28 2024,0.0192060763888888,357962.0,0,0,0,0,0,0
2072.0,Sun Oct 20 04:39:11 2024,Sun Oct 20 04:11:22 2024,0.0192060763888888,351375.0,0,0,0,0,0,0
2073.0,Sun Oct 20 05:07:05 2024,Sun Oct 20 04:39:17 2024,0.0192060763888888,369948.0,0,0,0,0,0,0
2074.0,Sun Oct 20 05:35:00 2024,Sun Oct 20 05:07:11 2024,0.0192060763888888,352049.0,0,0,0,0,0,0
2075.0,Sun Oct 20 06:02:54 2024,Sun Oct 20 05:35:06 2024,0.0192060763888888,363976.0,0,0,0,0,0,0
2076.0,Sun Oct 20 06:30:48 2024,Sun Oct 20 06:03:00 2024,0.0192060763888888,369945.0,0,0,0,0,0,0
2077.0,Sun Oct 20 06:58:43 2024,Sun Oct 20 06:30:55 2024,0.0192060763888888,358026.0,0,0,0,0,0,0
2078.0,Sun Oct 20 07:26:37 2024,Sun Oct 20 06:58:49 2024,0.0192060763888888,357811.0,0,0,0,0,0,0
2079.0,Sun Oct 20 07:54:31 2024,Sun Oct 20 07:26:43 2024,0.0192060763888888,364186.0,0,0,0,0,0,0
2080.0,Sun Oct 20 08:22:26 2024,Sun Oct 20 07:54:37 2024,0.0192060763888888,370155.0,0,0,0,0,0,0
2081.0,Sun Oct 20 08:50:20 2024,Sun Oct 20 08:22:32 2024,0.0192060763888888,357505.0,0,0,0,0,0,0
2082.0,Sun Oct 20 09:18:15 2024,Sun Oct 20 08:50:26 2024,0.0192060763888888,368579.0,0,0,0,0,0,0
2083.0,Sun Oct 20 09:46:09 2024,Sun Oct 20 09:18:21 2024,0.0192060763888888,369251.0,0,0,0,0,0,0
2084.0,Sun Oct 20 10:14:03 2024,Sun Oct 20 09:46:15 2024,0.0192060763888888,363259.0,0,0,0,0,0,0
2085.0,Sun Oct 20 10:41:58 2024,Sun Oct 20 10:14:09 2024,0.0192060763888888,369277.0,0,0,0,0,0,0
2086.0,Sun Oct 20 11:09:52 2024,Sun Oct 20 10:42:04 2024,0.0192060763888888,363315.0,0,0,0,0,0,0
2087.0,Sun Oct 20 11:37:46 2024,Sun Oct 20 11:09:58 2024,0.0192060763888888,357382.0,0,0,0,0,0,0
2088.0,Sun Oct 20 12:05:41 2024,Sun Oct 20 11:37:53 2024,0.0192060763888888,352103.0,0,0,0,0,0,0
2089.0,Sun Oct 20 12:33:35 2024,Sun Oct 20 12:05:47 2024,0.0192060763888888,370196.0,0,0,0,0,0,0
2090.0,Sun Oct 20 13:01:30 2024,Sun Oct 20 12:33:41 2024,0.0192060763888888,370159.0,0,0,0,0,0,0
2091.0,Sun Oct 20 13:29:24 2024,Sun Oct 20 13:01:36 2024,0.0192060763888888,350632.0,0,0,0,0,0,0
2092.0,Sun Oct 20 13:57:19 2024,Sun Oct 20 13:29:30 2024,0.0192060763888888,369745.0,0,0,0,0,0,0
2093.0,Sun Oct 20 14:25:13 2024,Sun Oct 20 13:57:25 2024,0.0192060763888888,337381.0,0,0,0,0,0,0
2094.0,Sun Oct 20 14:53:08 2024,Sun Oct 20 14:25:19 2024,0.0192060763888888,368544.0,0,0,0,0,0,0
2095.0,Sun Oct 20 15:21:02 2024,Sun Oct 20 14:53:14 2024,0.0192060763888888,350743.0,0,0,0,0,0,0
2096.0,Sun Oct 20 15:48:56 2024,Sun Oct 20 15:21:08 2024,0.0192060763888888,360853.0,0,0,0,0,0,0
2097.0,Sun Oct 20 16:16:51 2024,Sun Oct 20 15:49:03 2024,0.0192060763888888,333220.0,0,0,0,0,0,0
2098.0,Sun Oct 20 16:44:45 2024,Sun Oct 20 16:16:57 2024,0.0192060763888888,362420.0,0,0,0,0,0,0
2099.0,Sun Oct 20 17:12:40 2024,Sun Oct 20 16:44:52 2024,0.0192060763888888,356535.0,0,0,0,0,0,0
2100.0,Sun Oct 20 17:40:34 2024,Sun Oct 20 17:12:46 2024,0.0192060763888888,362862.0,0,0,0,0,0,0
2101.0,Sun Oct 20 18:08:29 2024,Sun Oct 20 17:40:41 2024,0.0192060763888888,369275.0,0,0,0,0,0,0
2102.0,Sun Oct 20 18:36:23 2024,Sun Oct 20 18:08:35 2024,0.0192060763888888,351620.0,0,0,0,0,0,0
2103.0,Sun Oct 20 19:04:18 2024,Sun Oct 20 18:36:29 2024,0.0192060763888888,351700.0,0,0,0,0,0,0
2104.0,Sun Oct 20 19:32:12 2024,Sun Oct 20 19:04:24 2024,0.0192060763888888,350570.0,0,0,0,0,0,0
2105.0,Sun Oct 20 20:00:06 2024,Sun Oct 20 19:32:18 2024,0.0192060763888888,362574.0,0,0,0,0,0,0
2106.0,Sun Oct 20 20:28:01 2024,Sun Oct 20 20:00:13 2024,0.0192060763888888,363334.0,0,0,0,0,0,0
2107.0,Sun Oct 20 20:55:55 2024,Sun Oct 20 20:28:07 2024,0.0192060763888888,369326.0,0,0,0,0,0,0
2108.0,Sun Oct 20 21:23:49 2024,Sun Oct 20 20:56:01 2024,0.0192060763888888,356588.0,0,0,0,0,0,0
2109.0,Sun Oct 20 21:51:44 2024,Sun Oct 20 21:23:56 2024,0.0192060763888888,357449.0,0,0,0,0,0,0
2110.0,Sun Oct 20 22:19:38 2024,Sun Oct 20 21:51:50 2024,0.0192060763888888,346199.0,0,0,0,0,0,0
2111.0,Sun Oct 20 22:47:33 2024,Sun Oct 20 22:19:44 2024,0.0192060763888888,362640.0,1,0,0,0,0,0
2112.0,Sun Oct 20 23:15:27 2024,Sun Oct 20 22:47:39 2024,0.0192060763888888,351208.0,0,0,0,0,0,0
2113.0,Sun Oct 20 23:43:21 2024,Sun Oct 20 23:15:33 2024,0.0192060763888888,368832.0,0,0,0,0,0,0
2114.0,Mon Oct 21 00:11:16 2024,Sun Oct 20 23:43:28 2024,0.0192060763888888,369156.0,0,0,0,0,0,0
2115.0,Mon Oct 21 00:39:11 2024,Mon Oct 21 00:11:22 2024,0.0192060763888888,369317.0,0,0,0,0,0,0
2116.0,Mon Oct 21 01:07:05 2024,Mon Oct 21 00:39:16 2024,0.0192060763888888,369470.0,0,0,0,0,0,0
2117.0,Mon Oct 21 01:34:59 2024,Mon Oct 21 01:07:11 2024,0.0192060763888888,364413.0,0,0,0,0,0,0
2118.0,Mon Oct 21 02:02:54 2024,Mon Oct 21 01:35:05 2024,0.0192060763888888,357590.0,0,0,0,0,0,0
2119.0,Mon Oct 21 02:30:48 2024,Mon Oct 21 02:03:00 2024,0.0192060763888888,350992.0,0,0,0,0,0,0
2120.0,Mon Oct 21 02:58:42 2024,Mon Oct 21 02:30:54 2024,0.0192060763888888,363803.0,0,0,0,0,0,0
2121.0,Mon Oct 21 03:26:37 2024,Mon Oct 21 02:58:49 2024,0.0192060763888888,358635.0,0,0,0,0,0,0
2122.0,Mon Oct 21 03:54:31 2024,Mon Oct 21 03:26:43 2024,0.0192060763888888,369783.0,0,0,0,0,0,0
2123.0,Mon Oct 21 04:22:25 2024,Mon Oct 21 03:54:37 2024,0.0192060763888888,369775.0,0,0,0,0,0,0
2124.0,Mon Oct 21 04:50:20 2024,Mon Oct 21 04:22:31 2024,0.0192060763888888,363830.0,0,0,0,0,0,0
2125.0,Mon Oct 21 05:18:14 2024,Mon Oct 21 04:50:26 2024,0.0192060763888888,364034.0,0,0,0,0,0,0
2126.0,Mon Oct 21 05:46:08 2024,Mon Oct 21 05:18:20 2024,0.0192060763888888,357513.0,0,0,0,0,0,0
2127.0,Mon Oct 21 06:14:02 2024,Mon Oct 21 05:46:14 2024,0.0192060763888888,370034.0,0,0,0,0,0,0
2128.0,Mon Oct 21 06:41:57 2024,Mon Oct 21 06:14:08 2024,0.0192060763888888,364034.0,0,0,0,0,0,0
2129.0,Mon Oct 21 07:09:51 2024,Mon Oct 21 06:42:03 2024,0.0192060763888888,339253.0,0,0,0,0,0,0
2130.0,Mon Oct 21 07:37:45 2024,Mon Oct 21 07:09:57 2024,0.0192060763888888,369788.0,0,0,0,0,0,0
2131.0,Mon Oct 21 08:05:40 2024,Mon Oct 21 07:37:51 2024,0.0192060763888888,363811.0,0,0,0,0,0,0
2132.0,Mon Oct 21 08:33:34 2024,Mon Oct 21 08:05:46 2024,0.0192060763888888,351825.0,0,0,0,0,0,0
2133.0,Mon Oct 21 09:01:28 2024,Mon Oct 21 08:33:40 2024,0.0192060763888888,369752.0,0,0,0,0,0,0
2134.0,Mon Oct 21 09:29:23 2024,Mon Oct 21 09:01:34 2024,0.0192060763888888,352641.0,0,0,0,0,0,0
2135.0,Mon Oct 21 09:57:17 2024,Mon Oct 21 09:29:29 2024,0.0192060763888888,346613.0,0,0,0,0,0,0
2136.0,Mon Oct 21 10:25:12 2024,Mon Oct 21 09:57:23 2024,0.0192060763888888,352021.0,0,0,0,0,0,0
2137.0,Mon Oct 21 10:53:06 2024,Mon Oct 21 10:25:18 2024,0.0192060763888888,363276.0,0,0,0,0,0,0
2138.0,Mon Oct 21 11:21:01 2024,Mon Oct 21 10:53:12 2024,0.0192060763888888,357814.0,0,0,0,0,0,0
2139.0,Mon Oct 21 11:48:55 2024,Mon Oct 21 11:21:07 2024,0.0192060763888888,363707.0,0,0,0,0,0,0
2140.0,Mon Oct 21 12:16:50 2024,Mon Oct 21 11:49:01 2024,0.0192060763888888,369743.0,0,0,0,0,0,0
2141.0,Mon Oct 21 12:44:44 2024,Mon Oct 21 12:16:56 2024,0.0192060763888888,358631.0,0,0,0,0,0,0
2142.0,Mon Oct 21 13:12:38 2024,Mon Oct 21 12:44:50 2024,0.0192060763888888,369852.0,1,0,0,0,0,0
2143.0,Mon Oct 21 13:40:33 2024,Mon Oct 21 13:12:44 2024,0.0192060763888888,364553.0,0,0,0,0,0,0
2144.0,Mon Oct 21 14:08:27 2024,Mon Oct 21 13:40:39 2024,0.0192060763888888,358100.0,0,0,0,0,0,0
2145.0,Mon Oct 21 14:36:22 2024,Mon Oct 21 14:08:33 2024,0.0192060763888888,363216.0,0,0,0,0,0,0
2146.0,Mon Oct 21 15:04:16 2024,Mon Oct 21 14:36:28 2024,0.0192060763888888,350963.0,0,0,0,0,0,0
2147.0,Mon Oct 21 15:32:10 2024,Mon Oct 21 15:04:22 2024,0.0192060763888888,357739.0,0,0,0,0,0,0
2148.0,Mon Oct 21 16:00:05 2024,Mon Oct 21 15:32:17 2024,0.0192060763888888,363734.0,0,0,0,0,0,0
2149.0,Mon Oct 21 16:27:59 2024,Mon Oct 21 16:00:11 2024,0.0192060763888888,369699.0,0,0,0,0,0,0
2150.0,Mon Oct 21 16:55:54 2024,Mon Oct 21 16:28:05 2024,0.0192060763888888,363488.0,0,0,0,0,0,0
2151.0,Mon Oct 21 17:23:48 2024,Mon Oct 21 16:56:00 2024,0.0192060763888888,364072.0,0,0,0,0,0,0
2152.0,Mon Oct 21 17:51:42 2024,Mon Oct 21 17:23:54 2024,0.0192060763888888,357999.0,0,0,0,0,0,0
2153.0,Mon Oct 21 18:19:37 2024,Mon Oct 21 17:51:49 2024,0.0192060763888888,352404.0,0,0,0,0,0,0
2154.0,Mon Oct 21 18:47:31 2024,Mon Oct 21 18:19:43 2024,0.0192060763888888,364804.0,0,0,0,0,0,0
2155.0,Mon Oct 21 19:15:26 2024,Mon Oct 21 18:47:38 2024,0.0192060763888888,369996.0,0,0,0,0,0,0
2156.0,Mon Oct 21 19:43:20 2024,Mon Oct 21 19:15:32 2024,0.0192060763888888,358807.0,1,0,0,0,0,0
2157.0,Mon Oct 21 20:11:14 2024,Mon Oct 21 19:43:26 2024,0.0192060763888888,363902.0,0,0,0,0,0,0
2158.0,Mon Oct 21 20:39:09 2024,Mon Oct 21 20:11:21 2024,0.0192060763888888,369615.0,0,0,0,0,0,0
2159.0,Mon Oct 21 21:07:03 2024,Mon Oct 21 20:39:15 2024,0.0192060763888888,338925.0,0,0,0,0,0,0
2160.0,Mon Oct 21 21:34:58 2024,Mon Oct 21 21:07:09 2024,0.0192060763888888,362671.0,0,0,0,0,0,0
2161.0,Mon Oct 21 22:02:52 2024,Mon Oct 21 21:35:04 2024,0.0192060763888888,356738.0,0,0,0,0,0,0
2162.0,Mon Oct 21 22:30:47 2024,Mon Oct 21 22:02:58 2024,0.0192060763888888,368569.0,0,0,0,0,0,0
2163.0,Mon Oct 21 22:58:41 2024,Mon Oct 21 22:30:53 2024,0.0192060763888888,368657.0,0,0,0,0,0,0
2164.0,Mon Oct 21 23:26:35 2024,Mon Oct 21 22:58:47 2024,0.0192060763888888,357114.0,0,0,0,0,0,0
2165.0,Mon Oct 21 23:54:30 2024,Mon Oct 21 23:26:41 2024,0.0192060763888888,363548.0,0,0,0,0,0,0
2166.0,Tue Oct 22 00:22:24 2024,Mon Oct 21 23:54:36 2024,0.0192060763888888,363441.0,0,0,0,0,0,0
2167.0,Tue Oct 22 00:50:19 2024,Tue Oct 22 00:22:30 2024,0.0192060763888888,370029.0,0,0,0,0,0,0
2168.0,Tue Oct 22 01:18:13 2024,Tue Oct 22 00:50:25 2024,0.0192060763888888,364023.0,0,0,0,0,0,0
2169.0,Tue Oct 22 01:46:08 2024,Tue Oct 22 01:18:19 2024,0.0192060763888888,370013.0,0,0,0,0,0,0
2170.0,Tue Oct 22 02:14:02 2024,Tue Oct 22 01:46:14 2024,0.0192060763888888,364061.0,0,0,0,0,0,0
2171.0,Tue Oct 22 02:41:57 2024,Tue Oct 22 02:14:08 2024,0.0192060763888888,370007.0,1,0,0,0,0,0
2172.0,Tue Oct 22 03:09:51 2024,Tue Oct 22 02:42:03 2024,0.0192060763888888,364087.0,0,0,0,0,0,0
2173.0,Tue Oct 22 03:37:45 2024,Tue Oct 22 03:09:57 2024,0.0192060763888888,350404.0,0,0,0,0,0,0
2174.0,Tue Oct 22 04:05:39 2024,Tue Oct 22 03:37:51 2024,0.0192060763888888,357553.0,0,0,0,0,0,0
2175.0,Tue Oct 22 04:33:34 2024,Tue Oct 22 04:05:46 2024,0.0192060763888888,369452.0,0,0,0,0,0,0
2176.0,Tue Oct 22 05:01:28 2024,Tue Oct 22 04:33:40 2024,0.0192060763888888,349017.0,0,0,0,0,0,0
2177.0,Tue Oct 22 05:29:23 2024,Tue Oct 22 05:01:35 2024,0.0192060763888888,361624.0,0,0,0,0,0,0
2178.0,Tue Oct 22 05:57:17 2024,Tue Oct 22 05:29:29 2024,0.0192060763888888,361360.0,0,0,0,0,0,0
2179.0,Tue Oct 22 06:25:12 2024,Tue Oct 22 05:57:24 2024,0.0192060763888888,356113.0,0,0,0,0,0,0
2180.0,Tue Oct 22 06:53:06 2024,Tue Oct 22 06:25:18 2024,0.0192060763888888,368513.0,0,0,0,0,0,0
2181.0,Tue Oct 22 07:21:00 2024,Tue Oct 22 06:53:12 2024,0.0192060763888888,363299.0,0,0,0,0,0,0
2182.0,Tue Oct 22 07:48:54 2024,Tue Oct 22 07:21:06 2024,0.0192060763888888,369451.0,0,0,0,0,0,0
2183.0,Tue Oct 22 08:16:49 2024,Tue Oct 22 07:49:00 2024,0.0192060763888888,363989.0,0,0,0,0,0,0
2184.0,Tue Oct 22 08:44:43 2024,Tue Oct 22 08:16:55 2024,0.0192060763888888,370090.0,1,0,0,0,0,0
2185.0,Tue Oct 22 09:12:37 2024,Tue Oct 22 08:44:49 2024,0.0192060763888888,370186.0,0,0,0,0,0,0
2186.0,Tue Oct 22 09:40:32 2024,Tue Oct 22 09:12:44 2024,0.0192060763888888,346271.0,0,0,0,0,0,0
2187.0,Tue Oct 22 10:08:26 2024,Tue Oct 22 09:40:38 2024,0.0192060763888888,364192.0,0,0,0,0,0,0
2188.0,Tue Oct 22 10:36:21 2024,Tue Oct 22 10:08:33 2024,0.0192060763888888,351309.0,0,0,0,0,0,0
2189.0,Tue Oct 22 11:04:15 2024,Tue Oct 22 10:36:27 2024,0.0192060763888888,370046.0,0,0,0,0,0,0
2190.0,Tue Oct 22 11:32:10 2024,Tue Oct 22 11:04:22 2024,0.0192060763888888,363115.0,0,0,0,0,0,0
2191.0,Tue Oct 22 12:00:04 2024,Tue Oct 22 11:32:16 2024,0.0192060763888888,357754.0,0,0,0,0,0,0
2192.0,Tue Oct 22 12:27:59 2024,Tue Oct 22 12:00:10 2024,0.0192060763888888,363724.0,0,0,0,0,0,0
2193.0,Tue Oct 22 12:55:53 2024,Tue Oct 22 12:28:05 2024,0.0192060763888888,358083.0,0,0,0,0,0,0
2194.0,Tue Oct 22 13:23:47 2024,Tue Oct 22 12:55:59 2024,0.0192060763888888,357356.0,0,0,0,0,0,0
2195.0,Tue Oct 22 13:51:42 2024,Tue Oct 22 13:23:53 2024,0.0192060763888888,363698.0,0,0,0,0,0,0
2196.0,Tue Oct 22 14:19:36 2024,Tue Oct 22 13:51:48 2024,0.0192060763888888,369748.0,0,0,0,0,0,0
2197.0,Tue Oct 22 14:47:31 2024,Tue Oct 22 14:19:42 2024,0.0192060763888888,345644.0,0,0,0,0,0,0
2198.0,Tue Oct 22 15:15:25 2024,Tue Oct 22 14:47:36 2024,0.0192060763888888,358138.0,0,0,0,0,0,0
2199.0,Tue Oct 22 15:43:19 2024,Tue Oct 22 15:15:31 2024,0.0192060763888888,351068.0,0,0,0,0,0,0
2200.0,Tue Oct 22 16:11:13 2024,Tue Oct 22 15:43:25 2024,0.0192060763888888,363241.0,0,0,0,0,0,0
2201.0,Tue Oct 22 16:39:08 2024,Tue Oct 22 16:11:20 2024,0.0192060763888888,369482.0,0,0,0,0,0,0
2202.0,Tue Oct 22 17:07:02 2024,Tue Oct 22 16:39:14 2024,0.0192060763888888,357518.0,0,0,0,0,0,0
2203.0,Tue Oct 22 17:34:57 2024,Tue Oct 22 17:07:08 2024,0.0192060763888888,369405.0,0,0,0,0,0,0
2204.0,Tue Oct 22 18:02:51 2024,Tue Oct 22 17:35:03 2024,0.0192060763888888,363986.0,1,0,0,0,0,0
2205.0,Tue Oct 22 18:30:45 2024,Tue Oct 22 18:02:57 2024,0.0192060763888888,357978.0,0,0,0,0,0,0
2206.0,Tue Oct 22 18:58:40 2024,Tue Oct 22 18:30:51 2024,0.0192060763888888,364068.0,0,0,0,0,0,0
2207.0,Tue Oct 22 19:26:34 2024,Tue Oct 22 18:58:46 2024,0.0192060763888888,364120.0,0,0,0,0,0,0
2208.0,Tue Oct 22 19:54:28 2024,Tue Oct 22 19:26:40 2024,0.0192060763888888,364162.0,0,0,0,0,0,0
2209.0,Tue Oct 22 20:22:23 2024,Tue Oct 22 19:54:34 2024,0.0192060763888888,339470.0,0,0,0,0,0,0
2210.0,Tue Oct 22 20:50:17 2024,Tue Oct 22 20:22:29 2024,0.0192060763888888,369895.0,0,0,0,0,0,0
2211.0,Tue Oct 22 21:18:12 2024,Tue Oct 22 20:50:23 2024,0.0192060763888888,369891.0,0,0,0,0,0,0
2212.0,Tue Oct 22 21:46:06 2024,Tue Oct 22 21:18:18 2024,0.0192060763888888,363784.0,0,0,0,0,0,0
2213.0,Tue Oct 22 22:14:00 2024,Tue Oct 22 21:46:12 2024,0.0192060763888888,357912.0,0,0,0,0,0,0
2214.0,Tue Oct 22 22:41:54 2024,Tue Oct 22 22:14:06 2024,0.0192060763888888,363578.0,0,0,0,0,0,0
2215.0,Tue Oct 22 23:09:49 2024,Tue Oct 22 22:42:01 2024,0.0192060763888888,363696.0,0,0,0,0,0,0
2216.0,Tue Oct 22 23:37:43 2024,Tue Oct 22 23:09:55 2024,0.0192060763888888,362564.0,0,0,0,0,0,0
2217.0,Wed Oct 23 00:05:38 2024,Tue Oct 22 23:37:49 2024,0.0192060763888888,363360.0,0,0,0,0,0,0
2218.0,Wed Oct 23 00:33:32 2024,Wed Oct 23 00:05:44 2024,0.0192060763888888,369282.0,0,0,0,0,0,0
2219.0,Wed Oct 23 01:01:26 2024,Wed Oct 23 00:33:38 2024,0.0192060763888888,369627.0,0,0,0,0,0,0
2220.0,Wed Oct 23 01:29:21 2024,Wed Oct 23 01:01:33 2024,0.0192060763888888,369684.0,0,0,0,0,0,0
2221.0,Wed Oct 23 01:57:15 2024,Wed Oct 23 01:29:27 2024,0.0192060763888888,363715.0,0,0,0,0,0,0
2222.0,Wed Oct 23 02:25:10 2024,Wed Oct 23 01:57:21 2024,0.0192060763888888,350613.0,0,0,0,0,0,0
2223.0,Wed Oct 23 02:53:04 2024,Wed Oct 23 02:25:16 2024,0.0192060763888888,363749.0,0,0,0,0,0,0
2224.0,Wed Oct 23 03:20:59 2024,Wed Oct 23 02:53:11 2024,0.0192060763888888,362923.0,0,0,0,0,0,0
2225.0,Wed Oct 23 03:48:53 2024,Wed Oct 23 03:21:05 2024,0.0192060763888888,363596.0,0,0,0,0,0,0
2226.0,Wed Oct 23 04:16:48 2024,Wed Oct 23 03:49:00 2024,0.0192060763888888,356969.0,0,0,0,0,0,0
2227.0,Wed Oct 23 04:44:42 2024,Wed Oct 23 04:16:54 2024,0.0192060763888888,369404.0,0,0,0,0,0,0
2228.0,Wed Oct 23 05:12:37 2024,Wed Oct 23 04:44:48 2024,0.0192060763888888,357145.0,0,0,0,0,0,0
2229.0,Wed Oct 23 05:40:31 2024,Wed Oct 23 05:12:43 2024,0.0192060763888888,369376.0,0,0,0,0,0,0
2230.0,Wed Oct 23 06:08:26 2024,Wed Oct 23 05:40:38 2024,0.0192060763888888,357742.0,0,0,0,0,0,0
2231.0,Wed Oct 23 06:36:20 2024,Wed Oct 23 06:08:32 2024,0.0192060763888888,351398.0,0,0,0,0,0,0
2232.0,Wed Oct 23 07:04:15 2024,Wed Oct 23 06:36:26 2024,0.0192060763888888,363733.0,0,0,0,0,0,0
2233.0,Wed Oct 23 07:32:09 2024,Wed Oct 23 07:04:21 2024,0.0192060763888888,344837.0,0,0,0,0,0,0
2234.0,Wed Oct 23 08:00:03 2024,Wed Oct 23 07:32:15 2024,0.0192060763888888,358625.0,0,0,0,0,0,0
2235.0,Wed Oct 23 08:27:58 2024,Wed Oct 23 08:00:09 2024,0.0192060763888888,328784.0,1,0,0,0,0,0
2236.0,Wed Oct 23 08:55:52 2024,Wed Oct 23 08:28:04 2024,0.0192060763888888,363793.0,0,0,0,0,0,0
2237.0,Wed Oct 23 09:23:46 2024,Wed Oct 23 08:55:58 2024,0.0192060763888888,368942.0,0,0,0,0,0,0
2238.0,Wed Oct 23 09:51:40 2024,Wed Oct 23 09:23:52 2024,0.0192060763888888,355897.0,0,0,0,0,0,0
2239.0,Wed Oct 23 10:19:35 2024,Wed Oct 23 09:51:46 2024,0.0192060763888888,356273.0,0,0,0,0,0,0
2240.0,Wed Oct 23 10:47:29 2024,Wed Oct 23 10:19:41 2024,0.0192060763888888,356388.0,0,0,0,0,0,0
2241.0,Wed Oct 23 11:15:23 2024,Wed Oct 23 10:47:35 2024,0.0192060763888888,362260.0,0,0,0,0,0,0
2242.0,Wed Oct 23 11:43:18 2024,Wed Oct 23 11:15:29 2024,0.0192060763888888,363281.0,0,0,0,0,0,0
2243.0,Wed Oct 23 12:11:12 2024,Wed Oct 23 11:43:24 2024,0.0192060763888888,356811.0,0,0,0,0,0,0
2244.0,Wed Oct 23 12:39:06 2024,Wed Oct 23 12:11:18 2024,0.0192060763888888,368936.0,0,0,0,0,0,0
2245.0,Wed Oct 23 13:07:01 2024,Wed Oct 23 12:39:12 2024,0.0192060763888888,351365.0,0,0,0,0,0,0
2246.0,Wed Oct 23 13:34:55 2024,Wed Oct 23 13:07:07 2024,0.0192060763888888,363793.0,0,0,0,0,0,0
2247.0,Wed Oct 23 14:02:50 2024,Wed Oct 23 13:35:01 2024,0.0192060763888888,346006.0,0,0,0,0,0,0
2248.0,Wed Oct 23 14:30:44 2024,Wed Oct 23 14:02:56 2024,0.0192060763888888,364004.0,0,0,0,0,0,0
2249.0,Wed Oct 23 14:58:39 2024,Wed Oct 23 14:30:50 2024,0.0192060763888888,369995.0,0,0,0,0,0,0
2250.0,Wed Oct 23 15:26:33 2024,Wed Oct 23 14:58:45 2024,0.0192060763888888,346926.0,0,0,0,0,0,0
2251.0,Wed Oct 23 15:54:28 2024,Wed Oct 23 15:26:39 2024,0.0192060763888888,363442.0,0,0,0,0,0,0
2252.0,Wed Oct 23 16:22:22 2024,Wed Oct 23 15:54:34 2024,0.0192060763888888,363995.0,0,0,0,0,0,0
2253.0,Wed Oct 23 16:50:17 2024,Wed Oct 23 16:22:29 2024,0.0192060763888888,364003.0,0,0,0,0,0,0
2254.0,Wed Oct 23 17:18:11 2024,Wed Oct 23 16:50:23 2024,0.0192060763888888,363723.0,0,0,0,0,0,0
2255.0,Wed Oct 23 17:46:06 2024,Wed Oct 23 17:18:18 2024,0.0192060763888888,363240.0,1,0,0,0,0,0
2256.0,Wed Oct 23 18:14:00 2024,Wed Oct 23 17:46:12 2024,0.0192060763888888,369690.0,0,0,0,0,0,0
2257.0,Wed Oct 23 18:41:55 2024,Wed Oct 23 18:14:06 2024,0.0192060763888888,363804.0,0,0,0,0,0,0
2536.0,Mon Oct 28 21:22:39 2024,Mon Oct 28 20:54:51 2024,0.0192060763888888,143069.0,0,0,0,0,0,0
2537.0,Mon Oct 28 21:50:33 2024,Mon Oct 28 21:22:45 2024,0.0192060763888888,191074.0,0,0,0,0,0,0
2538.0,Mon Oct 28 22:18:28 2024,Mon Oct 28 21:50:39 2024,0.0192060763888888,185172.0,0,0,0,0,0,0
2539.0,Mon Oct 28 22:46:22 2024,Mon Oct 28 22:18:34 2024,0.0192060763888888,185184.0,0,0,0,0,0,0
2540.0,Mon Oct 28 23:14:17 2024,Mon Oct 28 22:46:28 2024,0.0192060763888888,191142.0,0,0,0,0,0,0
2541.0,Mon Oct 28 23:42:11 2024,Mon Oct 28 23:14:23 2024,0.0192060763888888,171330.0,0,0,0,0,0,0
2542.0,Tue Oct 29 00:10:05 2024,Mon Oct 28 23:42:17 2024,0.0192060763888888,190912.0,0,0,0,0,0,0
2543.0,Tue Oct 29 00:38:00 2024,Tue Oct 29 00:10:11 2024,0.0192060763888888,190910.0,0,0,0,0,0,0
2544.0,Tue Oct 29 01:05:54 2024,Tue Oct 29 00:38:06 2024,0.0192060763888888,190910.0,0,0,0,0,0,0
2545.0,Tue Oct 29 01:33:49 2024,Tue Oct 29 01:06:01 2024,0.0192060763888888,190563.0,0,0,0,0,0,0
2546.0,Tue Oct 29 02:01:43 2024,Tue Oct 29 01:33:55 2024,0.0192060763888888,190910.0,0,0,0,0,0,0
2547.0,Tue Oct 29 02:29:37 2024,Tue Oct 29 02:01:49 2024,0.0192060763888888,191002.0,0,0,0,0,0,0
2548.0,Tue Oct 29 02:57:32 2024,Tue Oct 29 02:29:44 2024,0.0192060763888888,191150.0,0,0,0,0,0,0
2549.0,Tue Oct 29 03:25:26 2024,Tue Oct 29 02:57:38 2024,0.0192060763888888,184301.0,0,0,0,0,0,0
2550.0,Tue Oct 29 03:53:21 2024,Tue Oct 29 03:25:32 2024,0.0192060763888888,185120.0,0,0,0,0,0,0
2551.0,Tue Oct 29 04:21:15 2024,Tue Oct 29 03:53:27 2024,0.0192060763888888,190918.0,0,0,0,0,0,0
2552.0,Tue Oct 29 04:49:09 2024,Tue Oct 29 04:21:21 2024,0.0192060763888888,191072.0,0,0,0,0,0,0
2553.0,Tue Oct 29 05:17:03 2024,Tue Oct 29 04:49:15 2024,0.0192060763888888,185119.0,0,0,0,0,0,0
2554.0,Tue Oct 29 05:44:58 2024,Tue Oct 29 05:17:10 2024,0.0192060763888888,191072.0,0,0,0,0,0,0
2555.0,Tue Oct 29 06:12:53 2024,Tue Oct 29 05:45:04 2024,0.0192060763888888,183953.0,0,0,0,0,0,0
2556.0,Tue Oct 29 06:40:47 2024,Tue Oct 29 06:12:59 2024,0.0192060763888888,171097.0,0,0,0,0,0,0
2557.0,Tue Oct 29 07:08:41 2024,Tue Oct 29 06:40:53 2024,0.0192060763888888,182170.0,0,0,0,0,0,0
2558.0,Tue Oct 29 07:36:36 2024,Tue Oct 29 07:08:47 2024,0.0192060763888888,189264.0,0,0,0,0,0,0
2559.0,Tue Oct 29 08:04:30 2024,Tue Oct 29 07:36:42 2024,0.0192060763888888,189262.0,0,0,0,0,0,0
2560.0,Tue Oct 29 08:32:25 2024,Tue Oct 29 08:04:36 2024,0.0192060763888888,176301.0,0,0,0,0,0,0
2561.0,Tue Oct 29 09:00:19 2024,Tue Oct 29 08:32:31 2024,0.0192060763888888,189306.0,0,0,0,0,0,0
2562.0,Tue Oct 29 09:28:13 2024,Tue Oct 29 09:00:25 2024,0.0192060763888888,183180.0,0,0,0,0,0,0
2563.0,Tue Oct 29 09:56:08 2024,Tue Oct 29 09:28:20 2024,0.0192060763888888,178012.0,0,0,0,0,0,0
2564.0,Tue Oct 29 10:24:02 2024,Tue Oct 29 09:56:14 2024,0.0192060763888888,188541.0,0,0,0,0,0,0
2565.0,Tue Oct 29 10:51:57 2024,Tue Oct 29 10:24:09 2024,0.0192060763888888,190460.0,0,0,0,0,0,0
2566.0,Tue Oct 29 11:19:51 2024,Tue Oct 29 10:52:03 2024,0.0192060763888888,190495.0,0,0,0,0,0,0
2567.0,Tue Oct 29 11:47:46 2024,Tue Oct 29 11:19:57 2024,0.0192060763888888,190512.0,0,0,0,0,0,0
2568.0,Tue Oct 29 12:15:40 2024,Tue Oct 29 11:47:52 2024,0.0192060763888888,190506.0,0,0,0,0,0,0
2569.0,Tue Oct 29 12:43:35 2024,Tue Oct 29 12:15:46 2024,0.0192060763888888,190528.0,0,0,0,0,0,0
2570.0,Tue Oct 29 13:11:29 2024,Tue Oct 29 12:43:41 2024,0.0192060763888888,191087.0,0,0,0,0,0,0
2571.0,Tue Oct 29 13:39:24 2024,Tue Oct 29 13:11:35 2024,0.0192060763888888,185153.0,0,0,0,0,0,0
2572.0,Tue Oct 29 14:07:18 2024,Tue Oct 29 13:39:30 2024,0.0192060763888888,191150.0,0,0,0,0,0,0
2573.0,Tue Oct 29 14:35:13 2024,Tue Oct 29 14:07:24 2024,0.0192060763888888,191146.0,0,0,0,0,0,0
2574.0,Tue Oct 29 15:03:07 2024,Tue Oct 29 14:35:19 2024,0.0192060763888888,191152.0,0,0,0,0,0,0
2575.0,Tue Oct 29 15:31:01 2024,Tue Oct 29 15:03:13 2024,0.0192060763888888,191150.0,0,0,0,0,0,0
2576.0,Tue Oct 29 15:58:56 2024,Tue Oct 29 15:31:07 2024,0.0192060763888888,191150.0,0,0,0,0,0,0
2577.0,Tue Oct 29 16:26:50 2024,Tue Oct 29 15:59:02 2024,0.0192060763888888,191150.0,0,0,0,0,0,0
2578.0,Tue Oct 29 16:54:44 2024,Tue Oct 29 16:26:56 2024,0.0192060763888888,178583.0,0,0,0,0,0,0
2579.0,Tue Oct 29 17:22:39 2024,Tue Oct 29 16:54:50 2024,0.0192060763888888,190586.0,0,0,0,0,0,0
2580.0,Tue Oct 29 17:50:33 2024,Tue Oct 29 17:22:45 2024,0.0192060763888888,183629.0,0,0,0,0,0,0
2581.0,Tue Oct 29 18:18:27 2024,Tue Oct 29 17:50:39 2024,0.0192060763888888,184257.0,0,0,0,0,0,0
2582.0,Tue Oct 29 18:46:22 2024,Tue Oct 29 18:18:33 2024,0.0192060763888888,164711.0,0,0,0,0,0,0
2583.0,Tue Oct 29 19:14:16 2024,Tue Oct 29 18:46:28 2024,0.0192060763888888,189424.0,0,0,0,0,0,0
2584.0,Tue Oct 29 19:42:10 2024,Tue Oct 29 19:14:22 2024,0.0192060763888888,183537.0,0,0,0,0,0,0
2585.0,Tue Oct 29 20:10:05 2024,Tue Oct 29 19:42:16 2024,0.0192060763888888,189429.0,0,0,0,0,0,0
2586.0,Tue Oct 29 20:37:59 2024,Tue Oct 29 20:10:11 2024,0.0192060763888888,190148.0,0,0,0,0,0,0
2587.0,Tue Oct 29 21:05:53 2024,Tue Oct 29 20:38:05 2024,0.0192060763888888,190316.0,0,0,0,0,0,0
2588.0,Tue Oct 29 21:33:48 2024,Tue Oct 29 21:06:00 2024,0.0192060763888888,190525.0,0,0,0,0,0,0
2589.0,Tue Oct 29 22:01:42 2024,Tue Oct 29 21:33:54 2024,0.0192060763888888,191022.0,0,0,0,0,0,0
2590.0,Tue Oct 29 22:29:37 2024,Tue Oct 29 22:01:49 2024,0.0192060763888888,185155.0,0,0,0,0,0,0
2591.0,Tue Oct 29 22:57:32 2024,Tue Oct 29 22:29:43 2024,0.0192060763888888,191151.0,0,0,0,0,0,0
2592.0,Tue Oct 29 23:25:26 2024,Tue Oct 29 22:57:38 2024,0.0192060763888888,176686.0,0,0,0,0,0,0
2593.0,Tue Oct 29 23:53:20 2024,Tue Oct 29 23:25:32 2024,0.0192060763888888,190318.0,0,0,0,0,0,0
2594.0,Wed Oct 30 00:21:14 2024,Tue Oct 29 23:53:26 2024,0.0192060763888888,177569.0,0,0,0,0,0,0
2595.0,Wed Oct 30 00:49:09 2024,Wed Oct 30 00:21:21 2024,0.0192060763888888,190160.0,0,0,0,0,0,0
2596.0,Wed Oct 30 01:17:03 2024,Wed Oct 30 00:49:15 2024,0.0192060763888888,177605.0,0,0,0,0,0,0
2597.0,Wed Oct 30 01:44:58 2024,Wed Oct 30 01:17:09 2024,0.0192060763888888,184180.0,0,0,0,0,0,0
2598.0,Wed Oct 30 02:12:52 2024,Wed Oct 30 01:45:04 2024,0.0192060763888888,177957.0,0,0,0,0,0,0
2599.0,Wed Oct 30 02:40:46 2024,Wed Oct 30 02:12:58 2024,0.0192060763888888,190750.0,0,0,0,0,0,0
2600.0,Wed Oct 30 03:08:41 2024,Wed Oct 30 02:40:52 2024,0.0192060763888888,190842.0,0,0,0,0,0,0
2601.0,Wed Oct 30 03:36:35 2024,Wed Oct 30 03:08:47 2024,0.0192060763888888,183690.0,0,0,0,0,0,0
2602.0,Wed Oct 30 04:04:29 2024,Wed Oct 30 03:36:41 2024,0.0192060763888888,177877.0,0,0,0,0,0,0
2603.0,Wed Oct 30 04:32:24 2024,Wed Oct 30 04:04:36 2024,0.0192060763888888,190512.0,0,0,0,0,0,0
2604.0,Wed Oct 30 05:00:18 2024,Wed Oct 30 04:32:30 2024,0.0192060763888888,184527.0,0,0,0,0,0,0
2605.0,Wed Oct 30 05:28:13 2024,Wed Oct 30 05:00:25 2024,0.0192060763888888,184582.0,0,0,0,0,0,0
2606.0,Wed Oct 30 05:56:07 2024,Wed Oct 30 05:28:19 2024,0.0192060763888888,190704.0,0,0,0,0,0,0
2607.0,Wed Oct 30 06:24:02 2024,Wed Oct 30 05:56:14 2024,0.0192060763888888,178488.0,0,0,0,0,0,0
2608.0,Wed Oct 30 06:51:56 2024,Wed Oct 30 06:24:08 2024,0.0192060763888888,183754.0,0,0,0,0,0,0
2609.0,Wed Oct 30 07:19:51 2024,Wed Oct 30 06:52:03 2024,0.0192060763888888,191011.0,0,0,0,0,0,0
2610.0,Wed Oct 30 07:47:45 2024,Wed Oct 30 07:19:57 2024,0.0192060763888888,171774.0,0,0,0,0,0,0
2611.0,Wed Oct 30 08:15:40 2024,Wed Oct 30 07:47:52 2024,0.0192060763888888,190880.0,0,0,0,0,0,0
2612.0,Wed Oct 30 08:43:34 2024,Wed Oct 30 08:15:46 2024,0.0192060763888888,183880.0,0,0,0,0,0,0
2613.0,Wed Oct 30 09:11:28 2024,Wed Oct 30 08:43:40 2024,0.0192060763888888,177132.0,0,0,0,0,0,0
2614.0,Wed Oct 30 09:39:23 2024,Wed Oct 30 09:11:35 2024,0.0192060763888888,183250.0,0,0,0,0,0,0
2615.0,Wed Oct 30 10:07:17 2024,Wed Oct 30 09:39:29 2024,0.0192060763888888,189804.0,0,0,0,0,0,0
2616.0,Wed Oct 30 10:35:12 2024,Wed Oct 30 10:07:23 2024,0.0192060763888888,183905.0,0,0,0,0,0,0
2617.0,Wed Oct 30 11:03:06 2024,Wed Oct 30 10:35:18 2024,0.0192060763888888,183985.0,0,0,0,0,0,0
2618.0,Wed Oct 30 11:31:01 2024,Wed Oct 30 11:03:12 2024,0.0192060763888888,189980.0,0,0,0,0,0,0
2619.0,Wed Oct 30 11:58:55 2024,Wed Oct 30 11:31:07 2024,0.0192060763888888,183827.0,0,0,0,0,0,0
2620.0,Wed Oct 30 12:26:49 2024,Wed Oct 30 11:59:01 2024,0.0192060763888888,190850.0,0,0,0,0,0,0
2621.0,Wed Oct 30 12:54:44 2024,Wed Oct 30 12:26:55 2024,0.0192060763888888,185059.0,0,0,0,0,0,0
2622.0,Wed Oct 30 13:22:38 2024,Wed Oct 30 12:54:50 2024,0.0192060763888888,190974.0,0,0,0,0,0,0
2623.0,Wed Oct 30 13:50:32 2024,Wed Oct 30 13:22:44 2024,0.0192060763888888,185057.0,0,0,0,0,0,0
2624.0,Wed Oct 30 14:18:27 2024,Wed Oct 30 13:50:39 2024,0.0192060763888888,178623.0,0,0,0,0,0,0
2625.0,Wed Oct 30 14:46:21 2024,Wed Oct 30 14:18:33 2024,0.0192060763888888,191010.0,0,0,0,0,0,0
2626.0,Wed Oct 30 15:14:16 2024,Wed Oct 30 14:46:27 2024,0.0192060763888888,184983.0,0,0,0,0,0,0
2627.0,Wed Oct 30 15:42:10 2024,Wed Oct 30 15:14:22 2024,0.0192060763888888,191022.0,0,0,0,0,0,0
2628.0,Wed Oct 30 16:10:04 2024,Wed Oct 30 15:42:16 2024,0.0192060763888888,185041.0,0,0,0,0,0,0
2629.0,Wed Oct 30 16:37:59 2024,Wed Oct 30 16:10:11 2024,0.0192060763888888,191036.0,0,0,0,0,0,0
2630.0,Wed Oct 30 17:05:53 2024,Wed Oct 30 16:38:05 2024,0.0192060763888888,191115.0,0,0,0,0,0,0
2631.0,Wed Oct 30 17:33:47 2024,Wed Oct 30 17:05:59 2024,0.0192060763888888,184946.0,0,0,0,0,0,0
2632.0,Wed Oct 30 18:01:41 2024,Wed Oct 30 17:33:53 2024,0.0192060763888888,172875.0,0,0,0,0,0,0
2633.0,Wed Oct 30 18:29:36 2024,Wed Oct 30 18:01:48 2024,0.0192060763888888,185050.0,0,0,0,0,0,0
2634.0,Wed Oct 30 18:57:31 2024,Wed Oct 30 18:29:42 2024,0.0192060763888888,172268.0,0,0,0,0,0,0
2635.0,Wed Oct 30 19:25:25 2024,Wed Oct 30 18:57:37 2024,0.0192060763888888,190894.0,0,0,0,0,0,0
2636.0,Wed Oct 30 19:53:19 2024,Wed Oct 30 19:25:31 2024,0.0192060763888888,184954.0,0,0,0,0,0,0
2637.0,Wed Oct 30 20:21:14 2024,Wed Oct 30 19:53:25 2024,0.0192060763888888,190896.0,0,0,0,0,0,0
2638.0,Wed Oct 30 20:49:08 2024,Wed Oct 30 20:21:20 2024,0.0192060763888888,184154.0,0,0,0,0,0,0
2639.0,Wed Oct 30 21:17:03 2024,Wed Oct 30 20:49:14 2024,0.0192060763888888,184984.0,0,0,0,0,0,0
2640.0,Wed Oct 30 21:44:57 2024,Wed Oct 30 21:17:09 2024,0.0192060763888888,190945.0,0,0,0,0,0,0
2641.0,Wed Oct 30 22:12:51 2024,Wed Oct 30 21:45:03 2024,0.0192060763888888,190872.0,0,0,0,0,0,0
2642.0,Wed Oct 30 22:40:46 2024,Wed Oct 30 22:12:58 2024,0.0192060763888888,191022.0,1,0,0,0,0,0
2643.0,Wed Oct 30 23:08:40 2024,Wed Oct 30 22:40:52 2024,0.0192060763888888,179085.0,0,0,0,0,0,0
2644.0,Wed Oct 30 23:36:35 2024,Wed Oct 30 23:08:46 2024,0.0192060763888888,178844.0,0,0,0,0,0,0
2645.0,Thu Oct 31 00:04:29 2024,Wed Oct 30 23:36:41 2024,0.0192060763888888,178272.0,0,0,0,0,0,0
2646.0,Thu Oct 31 00:32:23 2024,Thu Oct 31 00:04:35 2024,0.0192060763888888,189888.0,0,0,0,0,0,0
2647.0,Thu Oct 31 01:00:18 2024,Thu Oct 31 00:32:30 2024,0.0192060763888888,183891.0,0,0,0,0,0,0
2648.0,Thu Oct 31 01:28:12 2024,Thu Oct 31 01:00:24 2024,0.0192060763888888,183889.0,0,0,0,0,0,0
2649.0,Thu Oct 31 01:56:07 2024,Thu Oct 31 01:28:18 2024,0.0192060763888888,189886.0,0,0,0,0,0,0
2650.0,Thu Oct 31 02:24:01 2024,Thu Oct 31 01:56:13 2024,0.0192060763888888,184087.0,0,0,0,0,0,0
2651.0,Thu Oct 31 02:51:56 2024,Thu Oct 31 02:24:07 2024,0.0192060763888888,190032.0,0,0,0,0,0,0
2652.0,Thu Oct 31 03:19:50 2024,Thu Oct 31 02:52:02 2024,0.0192060763888888,178226.0,0,0,0,0,0,0
2653.0,Thu Oct 31 03:47:44 2024,Thu Oct 31 03:19:56 2024,0.0192060763888888,178520.0,0,0,0,0,0,0
2654.0,Thu Oct 31 04:15:39 2024,Thu Oct 31 03:47:50 2024,0.0192060763888888,190858.0,0,0,0,0,0,0
2655.0,Thu Oct 31 04:43:33 2024,Thu Oct 31 04:15:45 2024,0.0192060763888888,184917.0,0,0,0,0,0,0
2656.0,Thu Oct 31 05:11:28 2024,Thu Oct 31 04:43:39 2024,0.0192060763888888,184878.0,0,0,0,0,0,0
2657.0,Thu Oct 31 05:39:22 2024,Thu Oct 31 05:11:34 2024,0.0192060763888888,178967.0,0,0,0,0,0,0
2658.0,Thu Oct 31 06:07:16 2024,Thu Oct 31 05:39:28 2024,0.0192060763888888,190549.0,0,0,0,0,0,0
2659.0,Thu Oct 31 06:35:11 2024,Thu Oct 31 06:07:23 2024,0.0192060763888888,191093.0,0,0,0,0,0,0
2660.0,Thu Oct 31 07:03:05 2024,Thu Oct 31 06:35:17 2024,0.0192060763888888,190974.0,0,0,0,0,0,0
2661.0,Thu Oct 31 07:31:00 2024,Thu Oct 31 07:03:11 2024,0.0192060763888888,185149.0,0,0,0,0,0,0
2662.0,Thu Oct 31 07:58:54 2024,Thu Oct 31 07:31:06 2024,0.0192060763888888,185199.0,0,0,0,0,0,0
2663.0,Thu Oct 31 08:26:48 2024,Thu Oct 31 07:59:00 2024,0.0192060763888888,191146.0,0,0,0,0,0,0
2664.0,Thu Oct 31 08:54:42 2024,Thu Oct 31 08:26:54 2024,0.0192060763888888,191146.0,0,0,0,0,0,0
2665.0,Thu Oct 31 09:22:37 2024,Thu Oct 31 08:54:49 2024,0.0192060763888888,191150.0,0,0,0,0,0,0
2666.0,Thu Oct 31 09:50:31 2024,Thu Oct 31 09:22:43 2024,0.0192060763888888,191144.0,0,0,0,0,0,0
2667.0,Thu Oct 31 10:18:26 2024,Thu Oct 31 09:50:38 2024,0.0192060763888888,191152.0,0,0,0,0,0,0
2668.0,Thu Oct 31 10:46:20 2024,Thu Oct 31 10:18:32 2024,0.0192060763888888,191146.0,0,0,0,0,0,0
2669.0,Thu Oct 31 11:14:15 2024,Thu Oct 31 10:46:26 2024,0.0192060763888888,191149.0,0,0,0,0,0,0
2670.0,Thu Oct 31 11:42:09 2024,Thu Oct 31 11:14:21 2024,0.0192060763888888,191138.0,0,0,0,0,0,0
2671.0,Thu Oct 31 12:10:04 2024,Thu Oct 31 11:42:15 2024,0.0192060763888888,191142.0,0,0,0,0,0,0
2672.0,Thu Oct 31 12:37:58 2024,Thu Oct 31 12:10:10 2024,0.0192060763888888,185155.0,0,0,0,0,0,0
2673.0,Thu Oct 31 13:05:52 2024,Thu Oct 31 12:38:04 2024,0.0192060763888888,185196.0,0,0,0,0,0,0
2674.0,Thu Oct 31 13:33:47 2024,Thu Oct 31 13:05:58 2024,0.0192060763888888,191046.0,0,0,0,0,0,0
2675.0,Thu Oct 31 14:01:41 2024,Thu Oct 31 13:33:53 2024,0.0192060763888888,191152.0,0,0,0,0,0,0
2676.0,Thu Oct 31 14:29:36 2024,Thu Oct 31 14:01:47 2024,0.0192060763888888,185121.0,1,0,0,0,0,0
2677.0,Thu Oct 31 14:57:30 2024,Thu Oct 31 14:29:42 2024,0.0192060763888888,191064.0,0,0,0,0,0,0
2678.0,Thu Oct 31 15:25:24 2024,Thu Oct 31 14:57:36 2024,0.0192060763888888,191152.0,0,0,0,0,0,0
2679.0,Thu Oct 31 15:53:19 2024,Thu Oct 31 15:25:31 2024,0.0192060763888888,178023.0,0,0,0,0,0,0
2680.0,Thu Oct 31 16:21:13 2024,Thu Oct 31 15:53:25 2024,0.0192060763888888,171632.0,0,0,0,0,0,0
2681.0,Thu Oct 31 16:49:07 2024,Thu Oct 31 16:21:19 2024,0.0192060763888888,190432.0,0,0,0,0,0,0
2682.0,Thu Oct 31 17:17:02 2024,Thu Oct 31 16:49:14 2024,0.0192060763888888,182597.0,0,0,0,0,0,0
2683.0,Thu Oct 31 17:44:57 2024,Thu Oct 31 17:17:08 2024,0.0192060763888888,189760.0,0,0,0,0,0,0
2684.0,Thu Oct 31 18:12:51 2024,Thu Oct 31 17:45:03 2024,0.0192060763888888,182501.0,0,0,0,0,0,0
2685.0,Thu Oct 31 18:40:46 2024,Thu Oct 31 18:12:57 2024,0.0192060763888888,189028.0,0,0,0,0,0,0
2686.0,Thu Oct 31 19:08:40 2024,Thu Oct 31 18:40:52 2024,0.0192060763888888,189417.0,0,0,0,0,0,0
2687.0,Thu Oct 31 19:36:34 2024,Thu Oct 31 19:08:46 2024,0.0192060763888888,175291.0,0,0,0,0,0,0
2688.0,Thu Oct 31 20:04:29 2024,Thu Oct 31 19:36:41 2024,0.0192060763888888,189141.0,0,0,0,0,0,0
2689.0,Thu Oct 31 20:32:23 2024,Thu Oct 31 20:04:35 2024,0.0192060763888888,189644.0,0,0,0,0,0,0
2690.0,Thu Oct 31 21:00:18 2024,Thu Oct 31 20:32:29 2024,0.0192060763888888,183786.0,0,0,0,0,0,0
2691.0,Thu Oct 31 21:28:12 2024,Thu Oct 31 21:00:24 2024,0.0192060763888888,190468.0,0,0,0,0,0,0
2692.0,Thu Oct 31 21:56:06 2024,Thu Oct 31 21:28:18 2024,0.0192060763888888,190477.0,0,0,0,0,0,0
2693.0,Thu Oct 31 22:24:01 2024,Thu Oct 31 21:56:13 2024,0.0192060763888888,190810.0,0,0,0,0,0,0
2694.0,Thu Oct 31 22:51:55 2024,Thu Oct 31 22:24:07 2024,0.0192060763888888,184649.0,0,0,0,0,0,0
2695.0,Thu Oct 31 23:19:49 2024,Thu Oct 31 22:52:01 2024,0.0192060763888888,190992.0,0,0,0,0,0,0
2696.0,Thu Oct 31 23:47:44 2024,Thu Oct 31 23:19:55 2024,0.0192060763888888,183917.0,0,0,0,0,0,0
2697.0,Fri Nov  1 00:15:38 2024,Thu Oct 31 23:47:50 2024,0.0192060763888888,190652.0,0,0,0,0,0,0
2698.0,Fri Nov  1 00:43:32 2024,Fri Nov  1 00:15:44 2024,0.0192060763888888,190652.0,0,0,0,0,0,0
2699.0,Fri Nov  1 01:11:26 2024,Fri Nov  1 00:43:38 2024,0.0192060763888888,190652.0,0,0,0,0,0,0
2700.0,Fri Nov  1 01:39:21 2024,Fri Nov  1 01:11:33 2024,0.0192060763888888,190717.0,0,0,0,0,0,0
2701.0,Fri Nov  1 02:07:15 2024,Fri Nov  1 01:39:27 2024,0.0192060763888888,190812.0,0,0,0,0,0,0
2702.0,Fri Nov  1 02:35:10 2024,Fri Nov  1 02:07:21 2024,0.0192060763888888,190917.0,0,0,0,0,0,0
2703.0,Fri Nov  1 03:03:04 2024,Fri Nov  1 02:35:16 2024,0.0192060763888888,185151.0,0,0,0,0,0,0
2704.0,Fri Nov  1 03:30:59 2024,Fri Nov  1 03:03:10 2024,0.0192060763888888,191146.0,0,0,0,0,0,0
2705.0,Fri Nov  1 03:58:53 2024,Fri Nov  1 03:31:05 2024,0.0192060763888888,191072.0,0,0,0,0,0,0
2706.0,Fri Nov  1 04:26:47 2024,Fri Nov  1 03:58:59 2024,0.0192060763888888,172285.0,0,0,0,0,0,0
2707.0,Fri Nov  1 04:54:42 2024,Fri Nov  1 04:26:53 2024,0.0192060763888888,191035.0,0,0,0,0,0,0
2708.0,Fri Nov  1 05:22:36 2024,Fri Nov  1 04:54:48 2024,0.0192060763888888,191040.0,0,0,0,0,0,0
2709.0,Fri Nov  1 05:50:30 2024,Fri Nov  1 05:22:42 2024,0.0192060763888888,190530.0,0,0,0,0,0,0
2710.0,Fri Nov  1 06:18:25 2024,Fri Nov  1 05:50:36 2024,0.0192060763888888,191038.0,0,0,0,0,0,0
2711.0,Fri Nov  1 06:46:19 2024,Fri Nov  1 06:18:31 2024,0.0192060763888888,191038.0,0,0,0,0,0,0
2712.0,Fri Nov  1 07:14:13 2024,Fri Nov  1 06:46:25 2024,0.0192060763888888,191105.0,0,0,0,0,0,0
2713.0,Fri Nov  1 07:42:07 2024,Fri Nov  1 07:14:19 2024,0.0192060763888888,178491.0,0,0,0,0,0,0
2714.0,Fri Nov  1 08:10:02 2024,Fri Nov  1 07:42:13 2024,0.0192060763888888,191044.0,0,0,0,0,0,0
2715.0,Fri Nov  1 08:37:56 2024,Fri Nov  1 08:10:08 2024,0.0192060763888888,184284.0,0,0,0,0,0,0
2716.0,Fri Nov  1 09:05:50 2024,Fri Nov  1 08:38:02 2024,0.0192060763888888,184406.0,0,0,0,0,0,0
2717.0,Fri Nov  1 09:33:45 2024,Fri Nov  1 09:05:56 2024,0.0192060763888888,190732.0,0,0,0,0,0,0
2718.0,Fri Nov  1 10:01:39 2024,Fri Nov  1 09:33:51 2024,0.0192060763888888,11922.0,0,0,0,0,0,0
2719.0,Fri Nov  1 10:29:34 2024,Fri Nov  1 10:01:45 2024,0.0192060763888888,41401.0,0,0,0,0,0,0
2720.0,Fri Nov  1 10:57:28 2024,Fri Nov  1 10:29:40 2024,0.0192060763888888,183676.0,0,0,0,0,0,0
2721.0,Fri Nov  1 11:25:22 2024,Fri Nov  1 10:57:34 2024,0.0192060763888888,177596.0,0,0,0,0,0,0
2722.0,Fri Nov  1 11:53:17 2024,Fri Nov  1 11:25:28 2024,0.0192060763888888,190123.0,0,0,0,0,0,0
2723.0,Fri Nov  1 12:21:11 2024,Fri Nov  1 11:53:23 2024,0.0192060763888888,184255.0,0,0,0,0,0,0
2724.0,Fri Nov  1 12:49:06 2024,Fri Nov  1 12:21:18 2024,0.0192060763888888,184219.0,0,0,0,0,0,0
2725.0,Fri Nov  1 13:17:00 2024,Fri Nov  1 12:49:12 2024,0.0192060763888888,190528.0,0,0,0,0,0,0
2726.0,Fri Nov  1 13:44:55 2024,Fri Nov  1 13:17:06 2024,0.0192060763888888,184915.0,0,0,0,0,0,0
2727.0,Fri Nov  1 14:12:49 2024,Fri Nov  1 13:45:01 2024,0.0192060763888888,190968.0,0,0,0,0,0,0
2728.0,Fri Nov  1 14:40:43 2024,Fri Nov  1 14:12:55 2024,0.0192060763888888,191150.0,0,0,0,0,0,0
2729.0,Fri Nov  1 15:08:38 2024,Fri Nov  1 14:40:49 2024,0.0192060763888888,185153.0,0,0,0,0,0,0
2730.0,Fri Nov  1 15:36:32 2024,Fri Nov  1 15:08:44 2024,0.0192060763888888,191151.0,0,0,0,0,0,0
2731.0,Fri Nov  1 16:04:27 2024,Fri Nov  1 15:36:39 2024,0.0192060763888888,191148.0,0,0,0,0,0,0
2732.0,Fri Nov  1 16:32:21 2024,Fri Nov  1 16:04:33 2024,0.0192060763888888,191152.0,0,0,0,0,0,0
2733.0,Fri Nov  1 17:00:16 2024,Fri Nov  1 16:32:27 2024,0.0192060763888888,191150.0,0,0,0,0,0,0
2734.0,Fri Nov  1 17:28:10 2024,Fri Nov  1 17:00:22 2024,0.0192060763888888,191009.0,0,0,0,0,0,0
2735.0,Fri Nov  1 17:56:04 2024,Fri Nov  1 17:28:16 2024,0.0192060763888888,190802.0,0,0,0,0,0,0
2736.0,Fri Nov  1 18:23:59 2024,Fri Nov  1 17:56:10 2024,0.0192060763888888,177807.0,0,0,0,0,0,0
2737.0,Fri Nov  1 18:51:53 2024,Fri Nov  1 18:24:05 2024,0.0192060763888888,190654.0,0,0,0,0,0,0
2738.0,Fri Nov  1 19:19:48 2024,Fri Nov  1 18:51:59 2024,0.0192060763888888,190418.0,0,0,0,0,0,0
2739.0,Fri Nov  1 19:47:42 2024,Fri Nov  1 19:19:54 2024,0.0192060763888888,190654.0,0,0,0,0,0,0
2740.0,Fri Nov  1 20:15:36 2024,Fri Nov  1 19:47:48 2024,0.0192060763888888,190656.0,0,0,0,0,0,0
2741.0,Fri Nov  1 20:43:31 2024,Fri Nov  1 20:15:43 2024,0.0192060763888888,190568.0,0,0,0,0,0,0
2742.0,Fri Nov  1 21:11:25 2024,Fri Nov  1 20:43:37 2024,0.0192060763888888,190832.0,0,0,0,0,0,0
2743.0,Fri Nov  1 21:39:20 2024,Fri Nov  1 21:11:31 2024,0.0192060763888888,191152.0,0,0,0,0,0,0
2744.0,Fri Nov  1 22:07:14 2024,Fri Nov  1 21:39:26 2024,0.0192060763888888,184493.0,0,0,0,0,0,0
2745.0,Fri Nov  1 22:35:09 2024,Fri Nov  1 22:07:20 2024,0.0192060763888888,184954.0,0,0,0,0,0,0
2746.0,Fri Nov  1 23:03:03 2024,Fri Nov  1 22:35:15 2024,0.0192060763888888,184949.0,0,0,0,0,0,0
2747.0,Fri Nov  1 23:30:57 2024,Fri Nov  1 23:03:09 2024,0.0192060763888888,178980.0,0,0,0,0,0,0
2748.0,Fri Nov  1 23:58:52 2024,Fri Nov  1 23:31:04 2024,0.0192060763888888,190936.0,0,0,0,0,0,0
2749.0,Sat Nov  2 00:26:46 2024,Fri Nov  1 23:58:58 2024,0.0192060763888888,177794.0,0,0,0,0,0,0
2750.0,Sat Nov  2 00:54:41 2024,Sat Nov  2 00:26:53 2024,0.0192060763888888,171157.0,0,0,0,0,0,0
2751.0,Sat Nov  2 01:22:35 2024,Sat Nov  2 00:54:47 2024,0.0192060763888888,177651.0,0,0,0,0,0,0
2752.0,Sat Nov  2 01:50:30 2024,Sat Nov  2 01:22:41 2024,0.0192060763888888,187657.0,0,0,0,0,0,0
2753.0,Sat Nov  2 02:18:24 2024,Sat Nov  2 01:50:36 2024,0.0192060763888888,189226.0,0,0,0,0,0,0
2754.0,Sat Nov  2 02:46:18 2024,Sat Nov  2 02:18:30 2024,0.0192060763888888,189232.0,0,0,0,0,0,0
2755.0,Sat Nov  2 03:14:13 2024,Sat Nov  2 02:46:25 2024,0.0192060763888888,171476.0,0,0,0,0,0,0
2756.0,Sat Nov  2 03:42:08 2024,Sat Nov  2 03:14:19 2024,0.0192060763888888,158594.0,0,0,0,0,0,0
2757.0,Sat Nov  2 04:10:02 2024,Sat Nov  2 03:42:14 2024,0.0192060763888888,176543.0,0,0,0,0,0,0
2758.0,Sat Nov  2 04:37:57 2024,Sat Nov  2 04:10:08 2024,0.0192060763888888,189734.0,0,0,0,0,0,0
2759.0,Sat Nov  2 05:05:51 2024,Sat Nov  2 04:38:03 2024,0.0192060763888888,189904.0,0,0,0,0,0,0
2760.0,Sat Nov  2 05:33:46 2024,Sat Nov  2 05:05:57 2024,0.0192060763888888,189902.0,0,0,0,0,0,0
2761.0,Sat Nov  2 06:01:40 2024,Sat Nov  2 05:33:52 2024,0.0192060763888888,172091.0,0,0,0,0,0,0
2762.0,Sat Nov  2 06:29:34 2024,Sat Nov  2 06:01:46 2024,0.0192060763888888,190016.0,0,0,0,0,0,0
2763.0,Sat Nov  2 06:57:29 2024,Sat Nov  2 06:29:41 2024,0.0192060763888888,184474.0,0,0,0,0,0,0
2764.0,Sat Nov  2 07:25:24 2024,Sat Nov  2 06:57:35 2024,0.0192060763888888,178946.0,0,0,0,0,0,0
2765.0,Sat Nov  2 07:53:18 2024,Sat Nov  2 07:25:29 2024,0.0192060763888888,184881.0,0,0,0,0,0,0
2766.0,Sat Nov  2 08:21:12 2024,Sat Nov  2 07:53:24 2024,0.0192060763888888,183948.0,0,0,0,0,0,0
2767.0,Sat Nov  2 08:49:07 2024,Sat Nov  2 08:21:18 2024,0.0192060763888888,190636.0,0,0,0,0,0,0
2768.0,Sat Nov  2 09:17:01 2024,Sat Nov  2 08:49:13 2024,0.0192060763888888,190636.0,0,0,0,0,0,0
2769.0,Sat Nov  2 09:44:55 2024,Sat Nov  2 09:17:07 2024,0.0192060763888888,178059.0,0,0,0,0,0,0
2770.0,Sat Nov  2 10:12:49 2024,Sat Nov  2 09:45:01 2024,0.0192060763888888,172949.0,0,0,0,0,0,0
2771.0,Mon Oct 28 21:22:39 2024,Mon Oct 28 20:54:51 2024,0.0192060763888888,489492.0,0,0,0,0,0,0
2772.0,Mon Oct 28 21:50:33 2024,Mon Oct 28 21:22:45 2024,0.0192060763888888,554513.0,0,0,0,0,0,0
2773.0,Mon Oct 28 22:18:28 2024,Mon Oct 28 21:50:39 2024,0.0192060763888888,537341.0,0,0,0,0,0,0
2774.0,Mon Oct 28 22:46:22 2024,Mon Oct 28 22:18:34 2024,0.0192060763888888,543308.0,0,0,0,0,0,0
2775.0,Mon Oct 28 23:14:17 2024,Mon Oct 28 22:46:28 2024,0.0192060763888888,548502.0,0,0,0,0,0,0
2776.0,Mon Oct 28 23:42:11 2024,Mon Oct 28 23:14:23 2024,0.0192060763888888,547643.0,0,0,0,0,0,0
2777.0,Tue Oct 29 00:10:05 2024,Mon Oct 28 23:42:17 2024,0.0192060763888888,560423.0,0,0,0,0,0,0
2778.0,Tue Oct 29 00:38:00 2024,Tue Oct 29 00:10:11 2024,0.0192060763888888,554474.0,0,0,0,0,0,0
2779.0,Tue Oct 29 01:05:54 2024,Tue Oct 29 00:38:06 2024,0.0192060763888888,548852.0,0,0,0,0,0,0
2780.0,Tue Oct 29 01:33:49 2024,Tue Oct 29 01:06:01 2024,0.0192060763888888,555072.0,0,0,0,0,0,0
2781.0,Tue Oct 29 02:01:43 2024,Tue Oct 29 01:33:55 2024,0.0192060763888888,548776.0,0,0,0,0,0,0
2782.0,Tue Oct 29 02:29:37 2024,Tue Oct 29 02:01:49 2024,0.0192060763888888,530851.0,0,0,0,0,0,0
2783.0,Tue Oct 29 02:57:32 2024,Tue Oct 29 02:29:44 2024,0.0192060763888888,542567.0,0,0,0,0,0,0
2784.0,Tue Oct 29 03:25:26 2024,Tue Oct 29 02:57:38 2024,0.0192060763888888,560984.0,0,0,0,0,0,0
2785.0,Tue Oct 29 03:53:21 2024,Tue Oct 29 03:25:32 2024,0.0192060763888888,560983.0,0,0,0,0,0,0
2786.0,Tue Oct 29 04:21:15 2024,Tue Oct 29 03:53:27 2024,0.0192060763888888,549151.0,0,0,0,0,0,0
2787.0,Tue Oct 29 04:49:09 2024,Tue Oct 29 04:21:21 2024,0.0192060763888888,554515.0,0,0,0,0,0,0
2788.0,Tue Oct 29 05:17:03 2024,Tue Oct 29 04:49:15 2024,0.0192060763888888,543029.0,0,0,0,0,0,0
2789.0,Tue Oct 29 05:44:58 2024,Tue Oct 29 05:17:10 2024,0.0192060763888888,536699.0,0,0,0,0,0,0
2790.0,Tue Oct 29 06:12:53 2024,Tue Oct 29 05:45:04 2024,0.0192060763888888,554576.0,0,0,0,0,0,0
2791.0,Tue Oct 29 06:40:47 2024,Tue Oct 29 06:12:59 2024,0.0192060763888888,560518.0,0,0,0,0,0,0
2792.0,Tue Oct 29 07:08:41 2024,Tue Oct 29 06:40:53 2024,0.0192060763888888,560518.0,0,0,0,0,0,0
2793.0,Tue Oct 29 07:36:36 2024,Tue Oct 29 07:08:47 2024,0.0192060763888888,554375.0,0,0,0,0,0,0
2794.0,Tue Oct 29 08:04:30 2024,Tue Oct 29 07:36:42 2024,0.0192060763888888,541793.0,0,0,0,0,0,0
2795.0,Tue Oct 29 08:32:25 2024,Tue Oct 29 08:04:36 2024,0.0192060763888888,555007.0,0,0,0,0,0,0
2796.0,Tue Oct 29 09:00:19 2024,Tue Oct 29 08:32:31 2024,0.0192060763888888,555109.0,0,0,0,0,0,0
2797.0,Tue Oct 29 09:28:13 2024,Tue Oct 29 09:00:25 2024,0.0192060763888888,555916.0,0,0,0,0,0,0
2798.0,Tue Oct 29 09:56:08 2024,Tue Oct 29 09:28:20 2024,0.0192060763888888,548176.0,0,0,0,0,0,0
2799.0,Tue Oct 29 10:24:02 2024,Tue Oct 29 09:56:14 2024,0.0192060763888888,548417.0,0,0,0,0,0,0
2800.0,Tue Oct 29 10:51:57 2024,Tue Oct 29 10:24:09 2024,0.0192060763888888,560659.0,1,0,0,0,0,0
2801.0,Tue Oct 29 11:19:51 2024,Tue Oct 29 10:52:03 2024,0.0192060763888888,548264.0,0,0,0,0,0,0
2802.0,Tue Oct 29 11:47:46 2024,Tue Oct 29 11:19:57 2024,0.0192060763888888,549242.0,0,0,0,0,0,0
2803.0,Tue Oct 29 12:15:40 2024,Tue Oct 29 11:47:52 2024,0.0192060763888888,548252.0,0,0,0,0,0,0
2804.0,Tue Oct 29 12:43:35 2024,Tue Oct 29 12:15:46 2024,0.0192060763888888,542292.0,0,0,0,0,0,0
2805.0,Tue Oct 29 13:11:29 2024,Tue Oct 29 12:43:41 2024,0.0192060763888888,548530.0,0,0,0,0,0,0
2806.0,Tue Oct 29 13:39:24 2024,Tue Oct 29 13:11:35 2024,0.0192060763888888,548693.0,0,0,0,0,0,0
2807.0,Tue Oct 29 14:07:18 2024,Tue Oct 29 13:39:30 2024,0.0192060763888888,554653.0,0,0,0,0,0,0
2808.0,Tue Oct 29 14:35:13 2024,Tue Oct 29 14:07:24 2024,0.0192060763888888,554830.0,0,0,0,0,0,0
2809.0,Tue Oct 29 15:03:07 2024,Tue Oct 29 14:35:19 2024,0.0192060763888888,540683.0,0,0,0,0,0,0
2810.0,Tue Oct 29 15:31:01 2024,Tue Oct 29 15:03:13 2024,0.0192060763888888,554519.0,0,0,0,0,0,0
2811.0,Tue Oct 29 15:58:56 2024,Tue Oct 29 15:31:07 2024,0.0192060763888888,553642.0,1,0,0,0,0,0
2812.0,Tue Oct 29 16:26:50 2024,Tue Oct 29 15:59:02 2024,0.0192060763888888,548832.0,0,0,0,0,0,0
2813.0,Tue Oct 29 16:54:44 2024,Tue Oct 29 16:26:56 2024,0.0192060763888888,553702.0,0,0,0,0,0,0
2814.0,Tue Oct 29 17:22:39 2024,Tue Oct 29 16:54:50 2024,0.0192060763888888,548578.0,0,0,0,0,0,0
2815.0,Tue Oct 29 17:50:33 2024,Tue Oct 29 17:22:45 2024,0.0192060763888888,541455.0,0,0,0,0,0,0
2816.0,Tue Oct 29 18:18:27 2024,Tue Oct 29 17:50:39 2024,0.0192060763888888,547955.0,0,0,0,0,0,0
2817.0,Tue Oct 29 18:46:22 2024,Tue Oct 29 18:18:33 2024,0.0192060763888888,554512.0,0,0,0,0,0,0
2818.0,Tue Oct 29 19:14:16 2024,Tue Oct 29 18:46:28 2024,0.0192060763888888,528147.0,0,0,0,0,0,0
2819.0,Tue Oct 29 19:42:10 2024,Tue Oct 29 19:14:22 2024,0.0192060763888888,553612.0,0,0,0,0,0,0
2820.0,Tue Oct 29 20:10:05 2024,Tue Oct 29 19:42:17 2024,0.0192060763888888,559610.0,0,0,0,0,0,0
2821.0,Tue Oct 29 20:37:59 2024,Tue Oct 29 20:10:11 2024,0.0192060763888888,559908.0,0,0,0,0,0,0
2822.0,Tue Oct 29 21:05:53 2024,Tue Oct 29 20:38:05 2024,0.0192060763888888,554210.0,0,0,0,0,0,0
2823.0,Tue Oct 29 21:33:48 2024,Tue Oct 29 21:06:00 2024,0.0192060763888888,549865.0,0,0,0,0,0,0
2824.0,Tue Oct 29 22:01:42 2024,Tue Oct 29 21:33:54 2024,0.0192060763888888,554936.0,0,0,0,0,0,0
2825.0,Tue Oct 29 22:29:37 2024,Tue Oct 29 22:01:49 2024,0.0192060763888888,555609.0,0,0,0,0,0,0
2826.0,Tue Oct 29 22:57:32 2024,Tue Oct 29 22:29:43 2024,0.0192060763888888,542080.0,0,0,0,0,0,0
2827.0,Tue Oct 29 23:25:26 2024,Tue Oct 29 22:57:38 2024,0.0192060763888888,540845.0,0,0,0,0,0,0
2828.0,Tue Oct 29 23:53:20 2024,Tue Oct 29 23:25:32 2024,0.0192060763888888,540801.0,0,0,0,0,0,0
2829.0,Wed Oct 30 00:21:14 2024,Tue Oct 29 23:53:26 2024,0.0192060763888888,548527.0,0,0,0,0,0,0
2830.0,Wed Oct 30 00:49:09 2024,Wed Oct 30 00:21:20 2024,0.0192060763888888,541693.0,0,0,0,0,0,0
2831.0,Wed Oct 30 01:17:03 2024,Wed Oct 30 00:49:15 2024,0.0192060763888888,547695.0,0,0,0,0,0,0
2832.0,Wed Oct 30 01:44:58 2024,Wed Oct 30 01:17:09 2024,0.0192060763888888,553737.0,0,0,0,0,0,0
2833.0,Wed Oct 30 02:12:52 2024,Wed Oct 30 01:45:04 2024,0.0192060763888888,548919.0,0,0,0,0,0,0
2834.0,Wed Oct 30 02:40:46 2024,Wed Oct 30 02:12:58 2024,0.0192060763888888,560982.0,0,0,0,0,0,0
2835.0,Wed Oct 30 03:08:41 2024,Wed Oct 30 02:40:52 2024,0.0192060763888888,548434.0,0,0,0,0,0,0
2836.0,Wed Oct 30 03:36:35 2024,Wed Oct 30 03:08:47 2024,0.0192060763888888,547853.0,0,0,0,0,0,0
2837.0,Wed Oct 30 04:04:29 2024,Wed Oct 30 03:36:41 2024,0.0192060763888888,554506.0,1,0,0,0,0,0
2838.0,Wed Oct 30 04:32:24 2024,Wed Oct 30 04:04:36 2024,0.0192060763888888,554100.0,0,0,0,0,0,0
2839.0,Wed Oct 30 05:00:18 2024,Wed Oct 30 04:32:30 2024,0.0192060763888888,560215.0,0,0,0,0,0,0
2840.0,Wed Oct 30 05:28:13 2024,Wed Oct 30 05:00:25 2024,0.0192060763888888,560670.0,0,0,0,0,0,0
2841.0,Wed Oct 30 05:56:07 2024,Wed Oct 30 05:28:19 2024,0.0192060763888888,554384.0,0,0,0,0,0,0
2842.0,Wed Oct 30 06:24:02 2024,Wed Oct 30 05:56:14 2024,0.0192060763888888,529481.0,0,0,0,0,0,0
2843.0,Wed Oct 30 06:51:56 2024,Wed Oct 30 06:24:08 2024,0.0192060763888888,560702.0,0,0,0,0,0,0
2844.0,Wed Oct 30 07:19:51 2024,Wed Oct 30 06:52:03 2024,0.0192060763888888,560692.0,0,0,0,0,0,0
2845.0,Wed Oct 30 07:47:45 2024,Wed Oct 30 07:19:57 2024,0.0192060763888888,548357.0,0,0,0,0,0,0
2846.0,Wed Oct 30 08:15:40 2024,Wed Oct 30 07:47:52 2024,0.0192060763888888,554824.0,0,0,0,0,0,0
2847.0,Wed Oct 30 08:43:34 2024,Wed Oct 30 08:15:46 2024,0.0192060763888888,543402.0,0,0,0,0,0,0
2848.0,Wed Oct 30 09:11:28 2024,Wed Oct 30 08:43:40 2024,0.0192060763888888,530310.0,0,0,0,0,0,0
2849.0,Wed Oct 30 09:39:23 2024,Wed Oct 30 09:11:35 2024,0.0192060763888888,547402.0,0,0,0,0,0,0
2850.0,Wed Oct 30 10:07:17 2024,Wed Oct 30 09:39:29 2024,0.0192060763888888,554417.0,0,0,0,0,0,0
2851.0,Wed Oct 30 10:35:12 2024,Wed Oct 30 10:07:23 2024,0.0192060763888888,559470.0,0,0,0,0,0,0
2852.0,Wed Oct 30 11:03:06 2024,Wed Oct 30 10:35:18 2024,0.0192060763888888,541843.0,0,0,0,0,0,0
2853.0,Wed Oct 30 11:31:01 2024,Wed Oct 30 11:03:12 2024,0.0192060763888888,551518.0,0,0,0,0,0,0
2854.0,Wed Oct 30 11:58:55 2024,Wed Oct 30 11:31:07 2024,0.0192060763888888,533571.0,0,0,0,0,0,0
2855.0,Wed Oct 30 12:26:49 2024,Wed Oct 30 11:59:01 2024,0.0192060763888888,529098.0,0,0,0,0,0,0
2856.0,Wed Oct 30 12:54:44 2024,Wed Oct 30 12:26:55 2024,0.0192060763888888,540970.0,0,0,0,0,0,0
2857.0,Wed Oct 30 13:22:38 2024,Wed Oct 30 12:54:50 2024,0.0192060763888888,553437.0,0,0,0,0,0,0
2858.0,Wed Oct 30 13:50:32 2024,Wed Oct 30 13:22:44 2024,0.0192060763888888,559418.0,0,0,0,0,0,0
2859.0,Wed Oct 30 14:18:27 2024,Wed Oct 30 13:50:39 2024,0.0192060763888888,560193.0,0,0,0,0,0,0
2860.0,Wed Oct 30 14:46:21 2024,Wed Oct 30 14:18:33 2024,0.0192060763888888,560490.0,0,0,0,0,0,0
2861.0,Wed Oct 30 15:14:16 2024,Wed Oct 30 14:46:27 2024,0.0192060763888888,554342.0,0,0,0,0,0,0
2862.0,Wed Oct 30 15:42:10 2024,Wed Oct 30 15:14:22 2024,0.0192060763888888,561161.0,0,0,0,0,0,0
2863.0,Wed Oct 30 16:10:04 2024,Wed Oct 30 15:42:16 2024,0.0192060763888888,548041.0,0,0,0,0,0,0
2864.0,Wed Oct 30 16:37:59 2024,Wed Oct 30 16:10:11 2024,0.0192060763888888,560778.0,0,0,0,0,0,0
2865.0,Wed Oct 30 17:05:53 2024,Wed Oct 30 16:38:05 2024,0.0192060763888888,548686.0,1,0,0,0,0,0
2866.0,Wed Oct 30 17:33:47 2024,Wed Oct 30 17:05:59 2024,0.0192060763888888,560535.0,0,0,0,0,0,0
2867.0,Wed Oct 30 18:01:41 2024,Wed Oct 30 17:33:53 2024,0.0192060763888888,547605.0,0,0,0,0,0,0
2868.0,Wed Oct 30 18:29:36 2024,Wed Oct 30 18:01:48 2024,0.0192060763888888,560481.0,0,0,0,0,0,0
2869.0,Wed Oct 30 18:57:31 2024,Wed Oct 30 18:29:42 2024,0.0192060763888888,560633.0,0,0,0,0,0,0
2870.0,Wed Oct 30 19:25:25 2024,Wed Oct 30 18:57:37 2024,0.0192060763888888,549078.0,0,0,0,0,0,0
2871.0,Wed Oct 30 19:53:19 2024,Wed Oct 30 19:25:31 2024,0.0192060763888888,561020.0,0,0,0,0,0,0
2872.0,Wed Oct 30 20:21:14 2024,Wed Oct 30 19:53:25 2024,0.0192060763888888,549013.0,0,0,0,0,0,0
2873.0,Wed Oct 30 20:49:08 2024,Wed Oct 30 20:21:20 2024,0.0192060763888888,561143.0,0,0,0,0,0,0
2874.0,Wed Oct 30 21:17:03 2024,Wed Oct 30 20:49:14 2024,0.0192060763888888,555301.0,0,0,0,0,0,0
2875.0,Wed Oct 30 21:44:57 2024,Wed Oct 30 21:17:09 2024,0.0192060763888888,555314.0,0,0,0,0,0,0
2876.0,Wed Oct 30 22:12:51 2024,Wed Oct 30 21:45:03 2024,0.0192060763888888,561296.0,0,0,0,0,0,0
2877.0,Wed Oct 30 22:40:46 2024,Wed Oct 30 22:12:58 2024,0.0192060763888888,561287.0,0,0,0,0,0,0
2878.0,Wed Oct 30 23:08:40 2024,Wed Oct 30 22:40:52 2024,0.0192060763888888,561317.0,0,0,0,0,0,0
2879.0,Wed Oct 30 23:36:35 2024,Wed Oct 30 23:08:46 2024,0.0192060763888888,561342.0,0,0,0,0,0,0
2880.0,Thu Oct 31 00:04:29 2024,Wed Oct 30 23:36:41 2024,0.0192060763888888,561345.0,0,0,0,0,0,0
2881.0,Thu Oct 31 00:32:23 2024,Thu Oct 31 00:04:35 2024,0.0192060763888888,555371.0,0,0,0,0,0,0
2882.0,Thu Oct 31 01:00:18 2024,Thu Oct 31 00:32:30 2024,0.0192060763888888,536823.0,0,0,0,0,0,0
2883.0,Thu Oct 31 01:28:12 2024,Thu Oct 31 01:00:24 2024,0.0192060763888888,555660.0,0,0,0,0,0,0
2884.0,Thu Oct 31 01:56:07 2024,Thu Oct 31 01:28:18 2024,0.0192060763888888,554769.0,0,0,0,0,0,0
2885.0,Thu Oct 31 02:24:01 2024,Thu Oct 31 01:56:13 2024,0.0192060763888888,547828.0,0,0,0,0,0,0
2886.0,Thu Oct 31 02:51:56 2024,Thu Oct 31 02:24:07 2024,0.0192060763888888,559592.0,0,0,0,0,0,0
2887.0,Thu Oct 31 03:19:50 2024,Thu Oct 31 02:52:02 2024,0.0192060763888888,554315.0,0,0,0,0,0,0
2888.0,Thu Oct 31 03:47:44 2024,Thu Oct 31 03:19:56 2024,0.0192060763888888,554429.0,0,0,0,0,0,0
2889.0,Thu Oct 31 04:15:39 2024,Thu Oct 31 03:47:50 2024,0.0192060763888888,554465.0,0,0,0,0,0,0
2890.0,Thu Oct 31 04:43:33 2024,Thu Oct 31 04:15:45 2024,0.0192060763888888,541040.0,0,0,0,0,0,0
2891.0,Thu Oct 31 05:11:28 2024,Thu Oct 31 04:43:39 2024,0.0192060763888888,554487.0,0,0,0,0,0,0
2892.0,Thu Oct 31 05:39:22 2024,Thu Oct 31 05:11:34 2024,0.0192060763888888,554800.0,0,0,0,0,0,0
2893.0,Thu Oct 31 06:07:16 2024,Thu Oct 31 05:39:28 2024,0.0192060763888888,548805.0,0,0,0,0,0,0
2894.0,Thu Oct 31 06:35:11 2024,Thu Oct 31 06:07:23 2024,0.0192060763888888,548970.0,0,0,0,0,0,0
2895.0,Thu Oct 31 07:03:05 2024,Thu Oct 31 06:35:17 2024,0.0192060763888888,561004.0,0,0,0,0,0,0
2896.0,Thu Oct 31 07:31:00 2024,Thu Oct 31 07:03:11 2024,0.0192060763888888,542567.0,0,0,0,0,0,0
2897.0,Thu Oct 31 07:58:54 2024,Thu Oct 31 07:31:06 2024,0.0192060763888888,542363.0,0,0,0,0,0,0
2898.0,Thu Oct 31 08:26:48 2024,Thu Oct 31 07:59:00 2024,0.0192060763888888,554939.0,0,0,0,0,0,0
2899.0,Thu Oct 31 08:54:42 2024,Thu Oct 31 08:26:54 2024,0.0192060763888888,535444.0,0,0,0,0,0,0
2900.0,Thu Oct 31 09:22:37 2024,Thu Oct 31 08:54:49 2024,0.0192060763888888,553328.0,0,0,0,0,0,0
2901.0,Thu Oct 31 09:50:31 2024,Thu Oct 31 09:22:43 2024,0.0192060763888888,552860.0,0,0,0,0,0,0
2902.0,Thu Oct 31 10:18:26 2024,Thu Oct 31 09:50:38 2024,0.0192060763888888,551425.0,0,0,0,0,0,0
2903.0,Thu Oct 31 10:46:20 2024,Thu Oct 31 10:18:32 2024,0.0192060763888888,552378.0,0,0,0,0,0,0
2904.0,Thu Oct 31 11:14:15 2024,Thu Oct 31 10:46:26 2024,0.0192060763888888,551598.0,0,0,0,0,0,0
2905.0,Thu Oct 31 11:42:09 2024,Thu Oct 31 11:14:21 2024,0.0192060763888888,546058.0,0,0,0,0,0,0
2906.0,Thu Oct 31 12:10:04 2024,Thu Oct 31 11:42:15 2024,0.0192060763888888,552207.0,0,0,0,0,0,0
2907.0,Thu Oct 31 12:37:58 2024,Thu Oct 31 12:10:10 2024,0.0192060763888888,552784.0,0,0,0,0,0,0
2908.0,Thu Oct 31 13:05:52 2024,Thu Oct 31 12:38:04 2024,0.0192060763888888,545780.0,0,0,0,0,0,0
2909.0,Thu Oct 31 13:33:47 2024,Thu Oct 31 13:05:58 2024,0.0192060763888888,553603.0,0,0,0,0,0,0
2910.0,Thu Oct 31 14:01:41 2024,Thu Oct 31 13:33:53 2024,0.0192060763888888,548390.0,0,0,0,0,0,0
2911.0,Thu Oct 31 14:29:36 2024,Thu Oct 31 14:01:47 2024,0.0192060763888888,547821.0,0,0,0,0,0,0
2912.0,Thu Oct 31 14:57:30 2024,Thu Oct 31 14:29:42 2024,0.0192060763888888,535613.0,0,0,0,0,0,0
2913.0,Thu Oct 31 15:25:24 2024,Thu Oct 31 14:57:36 2024,0.0192060763888888,548783.0,0,0,0,0,0,0
2914.0,Thu Oct 31 15:53:19 2024,Thu Oct 31 15:25:31 2024,0.0192060763888888,560796.0,0,0,0,0,0,0
2915.0,Thu Oct 31 16:21:13 2024,Thu Oct 31 15:53:25 2024,0.0192060763888888,561028.0,0,0,0,0,0,0
2916.0,Thu Oct 31 16:49:07 2024,Thu Oct 31 16:21:19 2024,0.0192060763888888,549186.0,0,0,0,0,0,0
2917.0,Thu Oct 31 17:17:02 2024,Thu Oct 31 16:49:14 2024,0.0192060763888888,543160.0,0,0,0,0,0,0
2918.0,Thu Oct 31 17:44:57 2024,Thu Oct 31 17:17:08 2024,0.0192060763888888,554549.0,0,0,0,0,0,0
2919.0,Thu Oct 31 18:12:51 2024,Thu Oct 31 17:45:03 2024,0.0192060763888888,549232.0,0,0,0,0,0,0
2920.0,Thu Oct 31 18:40:46 2024,Thu Oct 31 18:12:57 2024,0.0192060763888888,555543.0,0,0,0,0,0,0
2921.0,Thu Oct 31 19:08:40 2024,Thu Oct 31 18:40:52 2024,0.0192060763888888,541982.0,0,0,0,0,0,0
2922.0,Thu Oct 31 19:36:34 2024,Thu Oct 31 19:08:46 2024,0.0192060763888888,560862.0,1,0,0,0,0,0
2923.0,Thu Oct 31 20:04:29 2024,Thu Oct 31 19:36:41 2024,0.0192060763888888,539851.0,0,0,0,0,0,0
2924.0,Thu Oct 31 20:32:23 2024,Thu Oct 31 20:04:35 2024,0.0192060763888888,553135.0,0,0,0,0,0,0
2925.0,Thu Oct 31 21:00:18 2024,Thu Oct 31 20:32:29 2024,0.0192060763888888,547176.0,0,0,0,0,0,0
2926.0,Thu Oct 31 21:28:12 2024,Thu Oct 31 21:00:24 2024,0.0192060763888888,551255.0,0,0,0,0,0,0
2927.0,Thu Oct 31 21:56:06 2024,Thu Oct 31 21:28:18 2024,0.0192060763888888,551920.0,0,0,0,0,0,0
2928.0,Thu Oct 31 22:24:01 2024,Thu Oct 31 21:56:13 2024,0.0192060763888888,540210.0,0,0,0,0,0,0
2929.0,Thu Oct 31 22:51:55 2024,Thu Oct 31 22:24:07 2024,0.0192060763888888,552338.0,0,0,0,0,0,0
2930.0,Thu Oct 31 23:19:49 2024,Thu Oct 31 22:52:01 2024,0.0192060763888888,548346.0,0,0,0,0,0,0
2931.0,Thu Oct 31 23:47:44 2024,Thu Oct 31 23:19:55 2024,0.0192060763888888,541855.0,0,0,0,0,0,0
2932.0,Fri Nov  1 00:15:38 2024,Thu Oct 31 23:47:50 2024,0.0192060763888888,554060.0,0,0,0,0,0,0
2933.0,Fri Nov  1 00:43:32 2024,Fri Nov  1 00:15:44 2024,0.0192060763888888,548613.0,0,0,0,0,0,0
2934.0,Fri Nov  1 01:11:26 2024,Fri Nov  1 00:43:38 2024,0.0192060763888888,560770.0,0,0,0,0,0,0
2935.0,Fri Nov  1 01:39:21 2024,Fri Nov  1 01:11:33 2024,0.0192060763888888,561014.0,0,0,0,0,0,0
2936.0,Fri Nov  1 02:07:15 2024,Fri Nov  1 01:39:27 2024,0.0192060763888888,548345.0,0,0,0,0,0,0
2937.0,Fri Nov  1 02:35:10 2024,Fri Nov  1 02:07:21 2024,0.0192060763888888,555487.0,0,0,0,0,0,0
2938.0,Fri Nov  1 03:03:04 2024,Fri Nov  1 02:35:16 2024,0.0192060763888888,554329.0,0,0,0,0,0,0
2939.0,Fri Nov  1 03:30:59 2024,Fri Nov  1 03:03:10 2024,0.0192060763888888,560868.0,0,0,0,0,0,0
2940.0,Fri Nov  1 03:58:53 2024,Fri Nov  1 03:31:04 2024,0.0192060763888888,548310.0,0,0,0,0,0,0
2941.0,Fri Nov  1 04:26:47 2024,Fri Nov  1 03:58:59 2024,0.0192060763888888,539534.0,1,0,0,0,0,0
2942.0,Fri Nov  1 04:54:42 2024,Fri Nov  1 04:26:53 2024,0.0192060763888888,553816.0,0,0,0,0,0,0
2943.0,Fri Nov  1 05:22:36 2024,Fri Nov  1 04:54:48 2024,0.0192060763888888,559869.0,0,0,0,0,0,0
2944.0,Fri Nov  1 05:50:30 2024,Fri Nov  1 05:22:42 2024,0.0192060763888888,548121.0,0,0,0,0,0,0
2945.0,Fri Nov  1 06:18:25 2024,Fri Nov  1 05:50:36 2024,0.0192060763888888,553027.0,0,0,0,0,0,0
2946.0,Fri Nov  1 06:46:19 2024,Fri Nov  1 06:18:31 2024,0.0192060763888888,547974.0,0,0,0,0,0,0
2947.0,Fri Nov  1 07:14:13 2024,Fri Nov  1 06:46:25 2024,0.0192060763888888,560201.0,0,0,0,0,0,0
2948.0,Fri Nov  1 07:42:07 2024,Fri Nov  1 07:14:19 2024,0.0192060763888888,542633.0,1,0,0,0,0,0
2949.0,Fri Nov  1 08:10:02 2024,Fri Nov  1 07:42:13 2024,0.0192060763888888,554649.0,0,0,0,0,0,0
2950.0,Fri Nov  1 08:37:56 2024,Fri Nov  1 08:10:08 2024,0.0192060763888888,542789.0,0,0,0,0,0,0
2951.0,Fri Nov  1 09:05:50 2024,Fri Nov  1 08:38:02 2024,0.0192060763888888,554903.0,0,0,0,0,0,0
2952.0,Fri Nov  1 09:33:45 2024,Fri Nov  1 09:05:57 2024,0.0192060763888888,555296.0,0,0,0,0,0,0
2953.0,Fri Nov  1 10:01:39 2024,Fri Nov  1 09:33:51 2024,0.0192060763888888,527940.0,0,0,0,0,0,0
2954.0,Fri Nov  1 10:29:34 2024,Fri Nov  1 10:01:45 2024,0.0192060763888888,548151.0,0,0,0,0,0,0
2955.0,Fri Nov  1 10:57:28 2024,Fri Nov  1 10:29:40 2024,0.0192060763888888,559869.0,0,0,0,0,0,0
2956.0,Fri Nov  1 11:25:22 2024,Fri Nov  1 10:57:34 2024,0.0192060763888888,553867.0,0,0,0,0,0,0
2957.0,Fri Nov  1 11:53:17 2024,Fri Nov  1 11:25:28 2024,0.0192060763888888,547462.0,0,0,0,0,0,0
2958.0,Fri Nov  1 12:21:11 2024,Fri Nov  1 11:53:23 2024,0.0192060763888888,559310.0,0,0,0,0,0,0
2959.0,Fri Nov  1 12:49:06 2024,Fri Nov  1 12:21:18 2024,0.0192060763888888,546468.0,0,0,0,0,0,0
2960.0,Fri Nov  1 13:17:00 2024,Fri Nov  1 12:49:12 2024,0.0192060763888888,553965.0,0,0,0,0,0,0
2961.0,Fri Nov  1 13:44:55 2024,Fri Nov  1 13:17:06 2024,0.0192060763888888,552685.0,0,0,0,0,0,0
2962.0,Fri Nov  1 14:12:49 2024,Fri Nov  1 13:45:01 2024,0.0192060763888888,552705.0,0,0,0,0,0,0
2963.0,Fri Nov  1 14:40:43 2024,Fri Nov  1 14:12:55 2024,0.0192060763888888,546724.0,0,0,0,0,0,0
2964.0,Fri Nov  1 15:08:38 2024,Fri Nov  1 14:40:49 2024,0.0192060763888888,552999.0,0,0,0,0,0,0
2965.0,Fri Nov  1 15:36:32 2024,Fri Nov  1 15:08:44 2024,0.0192060763888888,542009.0,0,0,0,0,0,0
2966.0,Fri Nov  1 16:04:27 2024,Fri Nov  1 15:36:39 2024,0.0192060763888888,553902.0,0,0,0,0,0,0
2967.0,Fri Nov  1 16:32:21 2024,Fri Nov  1 16:04:33 2024,0.0192060763888888,560329.0,0,0,0,0,0,0
2968.0,Fri Nov  1 17:00:16 2024,Fri Nov  1 16:32:27 2024,0.0192060763888888,553995.0,0,0,0,0,0,0
2969.0,Fri Nov  1 17:28:10 2024,Fri Nov  1 17:00:22 2024,0.0192060763888888,548582.0,0,0,0,0,0,0
2970.0,Fri Nov  1 17:56:04 2024,Fri Nov  1 17:28:16 2024,0.0192060763888888,560798.0,0,0,0,0,0,0
2971.0,Fri Nov  1 18:23:59 2024,Fri Nov  1 17:56:10 2024,0.0192060763888888,554881.0,0,0,0,0,0,0
2972.0,Fri Nov  1 18:51:53 2024,Fri Nov  1 18:24:05 2024,0.0192060763888888,555093.0,0,0,0,0,0,0
2973.0,Fri Nov  1 19:19:48 2024,Fri Nov  1 18:51:59 2024,0.0192060763888888,549207.0,0,0,0,0,0,0
2974.0,Fri Nov  1 19:47:42 2024,Fri Nov  1 19:19:54 2024,0.0192060763888888,542772.0,0,0,0,0,0,0
2975.0,Fri Nov  1 20:15:36 2024,Fri Nov  1 19:47:48 2024,0.0192060763888888,536018.0,0,0,0,0,0,0
2976.0,Fri Nov  1 20:43:31 2024,Fri Nov  1 20:15:43 2024,0.0192060763888888,540856.0,0,0,0,0,0,0
2977.0,Fri Nov  1 21:11:25 2024,Fri Nov  1 20:43:37 2024,0.0192060763888888,539620.0,1,0,0,0,0,0
2978.0,Fri Nov  1 21:39:20 2024,Fri Nov  1 21:11:31 2024,0.0192060763888888,559683.0,0,0,0,0,0,0
2979.0,Fri Nov  1 22:07:14 2024,Fri Nov  1 21:39:26 2024,0.0192060763888888,546993.0,0,0,0,0,0,0
2980.0,Fri Nov  1 22:35:09 2024,Fri Nov  1 22:07:20 2024,0.0192060763888888,547043.0,0,0,0,0,0,0
2981.0,Fri Nov  1 23:03:03 2024,Fri Nov  1 22:35:15 2024,0.0192060763888888,547063.0,0,0,0,0,0,0
2982.0,Fri Nov  1 23:30:57 2024,Fri Nov  1 23:03:09 2024,0.0192060763888888,548015.0,0,0,0,0,0,0
2983.0,Fri Nov  1 23:58:52 2024,Fri Nov  1 23:31:04 2024,0.0192060763888888,542461.0,0,0,0,0,0,0
2984.0,Sat Nov  2 00:26:46 2024,Fri Nov  1 23:58:58 2024,0.0192060763888888,554726.0,0,0,0,0,0,0
2985.0,Sat Nov  2 00:54:41 2024,Sat Nov  2 00:26:53 2024,0.0192060763888888,554733.0,0,0,0,0,0,0
2986.0,Sat Nov  2 01:22:35 2024,Sat Nov  2 00:54:47 2024,0.0192060763888888,560934.0,0,0,0,0,0,0
2987.0,Sat Nov  2 01:50:30 2024,Sat Nov  2 01:22:41 2024,0.0192060763888888,561048.0,0,0,0,0,0,0
2988.0,Sat Nov  2 02:18:24 2024,Sat Nov  2 01:50:36 2024,0.0192060763888888,555146.0,0,0,0,0,0,0
2989.0,Sat Nov  2 02:46:18 2024,Sat Nov  2 02:18:30 2024,0.0192060763888888,555248.0,0,0,0,0,0,0
2990.0,Sat Nov  2 03:14:13 2024,Sat Nov  2 02:46:25 2024,0.0192060763888888,548547.0,0,0,0,0,0,0
2991.0,Sat Nov  2 03:42:08 2024,Sat Nov  2 03:14:19 2024,0.0192060763888888,554620.0,0,0,0,0,0,0
2992.0,Sat Nov  2 04:10:02 2024,Sat Nov  2 03:42:14 2024,0.0192060763888888,561026.0,0,0,0,0,0,0
2993.0,Sat Nov  2 04:37:57 2024,Sat Nov  2 04:10:08 2024,0.0192060763888888,542115.0,0,0,0,0,0,0
2994.0,Sat Nov  2 05:05:51 2024,Sat Nov  2 04:38:03 2024,0.0192060763888888,560673.0,0,0,0,0,0,0
2995.0,Sat Nov  2 05:33:46 2024,Sat Nov  2 05:05:57 2024,0.0192060763888888,554701.0,0,0,0,0,0,0
2996.0,Sat Nov  2 06:01:40 2024,Sat Nov  2 05:33:52 2024,0.0192060763888888,554272.0,0,0,0,0,0,0
2997.0,Sat Nov  2 06:29:34 2024,Sat Nov  2 06:01:46 2024,0.0192060763888888,548008.0,0,0,0,0,0,0
2998.0,Sat Nov  2 06:57:29 2024,Sat Nov  2 06:29:41 2024,0.0192060763888888,554861.0,0,0,0,0,0,0
2999.0,Sat Nov  2 07:25:24 2024,Sat Nov  2 06:57:35 2024,0.0192060763888888,560882.0,0,0,0,0,0,0
3000.0,Sat Nov  2 07:53:18 2024,Sat Nov  2 07:25:29 2024,0.0192060763888888,555193.0,1,0,0,0,0,0
3001.0,Sat Nov  2 08:21:12 2024,Sat Nov  2 07:53:24 2024,0.0192060763888888,547959.0,0,0,0,0,0,0
3002.0,Sat Nov  2 08:49:07 2024,Sat Nov  2 08:21:18 2024,0.0192060763888888,560582.0,0,0,0,0,0,0
3003.0,Sat Nov  2 09:17:01 2024,Sat Nov  2 08:49:13 2024,0.0192060763888888,560946.0,0,0,0,0,0,0
3004.0,Sat Nov  2 09:44:55 2024,Sat Nov  2 09:17:07 2024,0.0192060763888888,554182.0,0,0,0,0,0,0
3005.0,Sat Nov  2 10:12:49 2024,Sat Nov  2 09:45:01 2024,0.0192060763888888,535338.0,0,0,0,0,0,0
3006.0,Sat Nov  2 10:40:43 2024,Sat Nov  2 10:12:55 2024,0.0192060763888888,548355.0,0,0,0,0,0,0
3007.0,Sat Nov  2 11:08:38 2024,Sat Nov  2 10:40:50 2024,0.0192060763888888,560354.0,0,0,0,0,0,0
3008.0,Sat Nov  2 11:36:32 2024,Sat Nov  2 11:08:44 2024,0.0192060763888888,542253.0,0,0,0,0,0,0
3009.0,Sat Nov  2 12:04:27 2024,Sat Nov  2 11:36:38 2024,0.0192060763888888,542742.0,0,0,0,0,0,0
3010.0,Sat Nov  2 12:32:21 2024,Sat Nov  2 12:04:33 2024,0.0192060763888888,540869.0,0,0,0,0,0,0
3011.0,Sat Nov  2 13:00:15 2024,Sat Nov  2 12:32:27 2024,0.0192060763888888,560178.0,0,0,0,0,0,0
3012.0,Sat Nov  2 13:28:10 2024,Sat Nov  2 13:00:21 2024,0.0192060763888888,548531.0,0,0,0,0,0,0
3013.0,Sat Nov  2 13:56:04 2024,Sat Nov  2 13:28:16 2024,0.0192060763888888,548545.0,0,0,0,0,0,0
3014.0,Sat Nov  2 14:23:59 2024,Sat Nov  2 13:56:11 2024,0.0192060763888888,560436.0,0,0,0,0,0,0
3015.0,Sat Nov  2 14:51:53 2024,Sat Nov  2 14:24:05 2024,0.0192060763888888,554868.0,0,0,0,0,0,0
3016.0,Sat Nov  2 15:19:48 2024,Sat Nov  2 14:51:59 2024,0.0192060763888888,554831.0,0,0,0,0,0,0
3017.0,Sat Nov  2 15:47:42 2024,Sat Nov  2 15:19:54 2024,0.0192060763888888,547684.0,1,0,0,0,0,0
3018.0,Sat Nov  2 16:15:37 2024,Sat Nov  2 15:47:48 2024,0.0192060763888888,547725.0,0,0,0,0,0,0
3019.0,Sat Nov  2 16:43:31 2024,Sat Nov  2 16:15:43 2024,0.0192060763888888,552610.0,0,0,0,0,0,0
3020.0,Sat Nov  2 17:11:26 2024,Sat Nov  2 16:43:37 2024,0.0192060763888888,541709.0,0,0,0,0,0,0
3021.0,Sat Nov  2 17:39:20 2024,Sat Nov  2 17:11:32 2024,0.0192060763888888,553062.0,0,0,0,0,0,0
3022.0,Sat Nov  2 18:07:14 2024,Sat Nov  2 17:39:26 2024,0.0192060763888888,553055.0,0,0,0,0,0,0
3023.0,Sat Nov  2 18:35:09 2024,Sat Nov  2 18:07:21 2024,0.0192060763888888,548001.0,0,0,0,0,0,0
3024.0,Sat Nov  2 19:03:03 2024,Sat Nov  2 18:35:15 2024,0.0192060763888888,533295.0,0,0,0,0,0,0
3025.0,Sat Nov  2 19:30:58 2024,Sat Nov  2 19:03:10 2024,0.0192060763888888,546105.0,0,0,0,0,0,0
3026.0,Sat Nov  2 19:58:52 2024,Sat Nov  2 19:31:04 2024,0.0192060763888888,552794.0,0,0,0,0,0,0
3027.0,Sat Nov  2 20:26:47 2024,Sat Nov  2 19:58:59 2024,0.0192060763888888,550013.0,0,0,0,0,0,0
3028.0,Sat Nov  2 20:54:41 2024,Sat Nov  2 20:26:53 2024,0.0192060763888888,552243.0,0,0,0,0,0,0
3029.0,Sat Nov  2 21:22:36 2024,Sat Nov  2 20:54:47 2024,0.0192060763888888,552245.0,0,0,0,0,0,0
3030.0,Sat Nov  2 21:50:30 2024,Sat Nov  2 21:22:42 2024,0.0192060763888888,540764.0,0,0,0,0,0,0
3031.0,Sat Nov  2 22:18:25 2024,Sat Nov  2 21:50:36 2024,0.0192060763888888,553247.0,0,0,0,0,0,0
3032.0,Sat Nov  2 22:46:19 2024,Sat Nov  2 22:18:31 2024,0.0192060763888888,559403.0,0,0,0,0,0,0
3033.0,Sat Nov  2 23:14:13 2024,Sat Nov  2 22:46:25 2024,0.0192060763888888,554433.0,0,0,0,0,0,0
3034.0,Sat Nov  2 23:42:08 2024,Sat Nov  2 23:14:20 2024,0.0192060763888888,549029.0,0,0,0,0,0,0
3035.0,Sun Nov  3 00:10:02 2024,Sat Nov  2 23:42:14 2024,0.0192060763888888,554475.0,0,0,0,0,0,0
3036.0,Sun Nov  3 00:37:57 2024,Sun Nov  3 00:10:08 2024,0.0192060763888888,554957.0,0,0,0,0,0,0
3037.0,Sun Nov  3 01:05:51 2024,Sun Nov  3 00:38:03 2024,0.0192060763888888,561070.0,0,0,0,0,0,0
3038.0,Sun Nov  3 01:33:45 2024,Sun Nov  3 01:05:57 2024,0.0192060763888888,549850.0,0,0,0,0,0,0
3039.0,Sun Nov  3 02:01:40 2024,Sun Nov  3 01:33:52 2024,0.0192060763888888,561074.0,0,0,0,0,0,0
3040.0,Sun Nov  3 02:29:34 2024,Sun Nov  3 02:01:46 2024,0.0192060763888888,553403.0,0,0,0,0,0,0
3041.0,Sun Nov  3 02:57:29 2024,Sun Nov  3 02:29:41 2024,0.0192060763888888,540282.0,0,0,0,0,0,0
3042.0,Sun Nov  3 03:25:23 2024,Sun Nov  3 02:57:35 2024,0.0192060763888888,552693.0,0,0,0,0,0,0
3043.0,Sun Nov  3 03:53:17 2024,Sun Nov  3 03:25:29 2024,0.0192060763888888,559306.0,0,0,0,0,0,0
3044.0,Sun Nov  3 04:21:12 2024,Sun Nov  3 03:53:24 2024,0.0192060763888888,553366.0,0,0,0,0,0,0
3045.0,Sun Nov  3 04:49:06 2024,Sun Nov  3 04:21:18 2024,0.0192060763888888,546240.0,0,0,0,0,0,0
3046.0,Sun Nov  3 05:17:01 2024,Sun Nov  3 04:49:12 2024,0.0192060763888888,558937.0,0,0,0,0,0,0
3047.0,Sun Nov  3 05:44:55 2024,Sun Nov  3 05:17:07 2024,0.0192060763888888,554760.0,0,0,0,0,0,0
3048.0,Sun Nov  3 06:12:49 2024,Sun Nov  3 05:45:01 2024,0.0192060763888888,548592.0,0,0,0,0,0,0
3049.0,Sun Nov  3 06:40:44 2024,Sun Nov  3 06:12:55 2024,0.0192060763888888,554544.0,0,0,0,0,0,0
3050.0,Sun Nov  3 07:08:38 2024,Sun Nov  3 06:40:50 2024,0.0192060763888888,560892.0,0,0,0,0,0,0
3051.0,Sun Nov  3 07:36:32 2024,Sun Nov  3 07:08:44 2024,0.0192060763888888,554907.0,0,0,0,0,0,0
3052.0,Sun Nov  3 08:04:27 2024,Sun Nov  3 07:36:39 2024,0.0192060763888888,555017.0,0,0,0,0,0,0
3053.0,Sun Nov  3 08:32:21 2024,Sun Nov  3 08:04:33 2024,0.0192060763888888,561032.0,0,0,0,0,0,0
3054.0,Sun Nov  3 09:00:16 2024,Sun Nov  3 08:32:28 2024,0.0192060763888888,555115.0,0,0,0,0,0,0
3055.0,Sun Nov  3 09:28:10 2024,Sun Nov  3 09:00:22 2024,0.0192060763888888,547456.0,0,0,0,0,0,0
3056.0,Sun Nov  3 09:56:05 2024,Sun Nov  3 09:28:17 2024,0.0192060763888888,554464.0,0,0,0,0,0,0
3057.0,Sun Nov  3 10:24:00 2024,Sun Nov  3 09:56:11 2024,0.0192060763888888,549355.0,0,0,0,0,0,0
3058.0,Sun Nov  3 10:51:54 2024,Sun Nov  3 10:24:06 2024,0.0192060763888888,544448.0,1,0,0,0,0,0
3059.0,Sun Nov  3 11:19:49 2024,Sun Nov  3 10:52:00 2024,0.0192060763888888,554039.0,0,0,0,0,0,0
3060.0,Sun Nov  3 11:47:43 2024,Sun Nov  3 11:19:54 2024,0.0192060763888888,535786.0,0,0,0,0,0,0
3061.0,Sun Nov  3 12:15:37 2024,Sun Nov  3 11:47:49 2024,0.0192060763888888,553662.0,0,0,0,0,0,0
3062.0,Sun Nov  3 12:43:31 2024,Sun Nov  3 12:15:43 2024,0.0192060763888888,560293.0,0,0,0,0,0,0
3063.0,Sun Nov  3 13:11:26 2024,Sun Nov  3 12:43:38 2024,0.0192060763888888,554517.0,0,0,0,0,0,0
3064.0,Sun Nov  3 13:39:20 2024,Sun Nov  3 13:11:32 2024,0.0192060763888888,548219.0,0,0,0,0,0,0
3065.0,Sun Nov  3 14:07:14 2024,Sun Nov  3 13:39:26 2024,0.0192060763888888,536414.0,0,0,0,0,0,0
3066.0,Sun Nov  3 14:35:09 2024,Sun Nov  3 14:07:21 2024,0.0192060763888888,548163.0,0,0,0,0,0,0
3067.0,Sun Nov  3 15:03:03 2024,Sun Nov  3 14:35:15 2024,0.0192060763888888,560302.0,0,0,0,0,0,0
3068.0,Sun Nov  3 15:30:58 2024,Sun Nov  3 15:03:09 2024,0.0192060763888888,534530.0,0,0,0,0,0,0
3069.0,Sun Nov  3 15:58:52 2024,Sun Nov  3 15:31:04 2024,0.0192060763888888,554498.0,0,0,0,0,0,0
3070.0,Sun Nov  3 16:26:46 2024,Sun Nov  3 15:58:58 2024,0.0192060763888888,540205.0,0,0,0,0,0,0
3071.0,Sun Nov  3 16:54:41 2024,Sun Nov  3 16:26:52 2024,0.0192060763888888,559307.0,0,0,0,0,0,0
3072.0,Sun Nov  3 17:22:35 2024,Sun Nov  3 16:54:47 2024,0.0192060763888888,559799.0,0,0,0,0,0,0
3073.0,Sun Nov  3 17:50:29 2024,Sun Nov  3 17:22:41 2024,0.0192060763888888,553854.0,0,0,0,0,0,0
3074.0,Sun Nov  3 18:18:24 2024,Sun Nov  3 17:50:36 2024,0.0192060763888888,547193.0,0,0,0,0,0,0
3075.0,Sun Nov  3 18:46:18 2024,Sun Nov  3 18:18:30 2024,0.0192060763888888,541472.0,0,0,0,0,0,0
3076.0,Sun Nov  3 19:14:13 2024,Sun Nov  3 18:46:25 2024,0.0192060763888888,536265.0,0,0,0,0,0,0
3077.0,Sun Nov  3 19:42:07 2024,Sun Nov  3 19:14:19 2024,0.0192060763888888,554896.0,0,0,0,0,0,0
3078.0,Sun Nov  3 20:10:02 2024,Sun Nov  3 19:42:13 2024,0.0192060763888888,554200.0,0,0,0,0,0,0
3079.0,Sun Nov  3 20:37:56 2024,Sun Nov  3 20:10:08 2024,0.0192060763888888,535090.0,0,0,0,0,0,0
3080.0,Sun Nov  3 21:05:50 2024,Sun Nov  3 20:38:02 2024,0.0192060763888888,535677.0,0,0,0,0,0,0
3081.0,Sun Nov  3 21:33:45 2024,Sun Nov  3 21:05:56 2024,0.0192060763888888,560369.0,0,0,0,0,0,0
3082.0,Sun Nov  3 22:01:39 2024,Sun Nov  3 21:33:51 2024,0.0192060763888888,542612.0,0,0,0,0,0,0
3083.0,Sun Nov  3 22:29:34 2024,Sun Nov  3 22:01:45 2024,0.0192060763888888,559919.0,0,0,0,0,0,0
3084.0,Sun Nov  3 22:57:28 2024,Sun Nov  3 22:29:40 2024,0.0192060763888888,546864.0,0,0,0,0,0,0
3085.0,Sun Nov  3 23:25:22 2024,Sun Nov  3 22:57:34 2024,0.0192060763888888,553699.0,0,0,0,0,0,0
3086.0,Sun Nov  3 23:53:17 2024,Sun Nov  3 23:25:29 2024,0.0192060763888888,554359.0,0,0,0,0,0,0
3087.0,Mon Nov  4 00:21:11 2024,Sun Nov  3 23:53:23 2024,0.0192060763888888,560437.0,0,0,0,0,0,0
3088.0,Mon Nov  4 00:49:06 2024,Mon Nov  4 00:21:17 2024,0.0192060763888888,554452.0,0,0,0,0,0,0
3089.0,Mon Nov  4 01:17:00 2024,Mon Nov  4 00:49:12 2024,0.0192060763888888,553996.0,0,0,0,0,0,0
3090.0,Mon Nov  4 01:44:55 2024,Mon Nov  4 01:17:06 2024,0.0192060763888888,554654.0,0,0,0,0,0,0
3091.0,Mon Nov  4 02:12:49 2024,Mon Nov  4 01:45:01 2024,0.0192060763888888,555070.0,0,0,0,0,0,0
3092.0,Mon Nov  4 02:40:43 2024,Mon Nov  4 02:12:55 2024,0.0192060763888888,518316.0,0,0,0,0,0,0
3093.0,Mon Nov  4 03:08:38 2024,Mon Nov  4 02:40:49 2024,0.0192060763888888,548647.0,0,0,0,0,0,0
3094.0,Mon Nov  4 03:36:32 2024,Mon Nov  4 03:08:44 2024,0.0192060763888888,560639.0,0,0,0,0,0,0
3095.0,Mon Nov  4 04:04:27 2024,Mon Nov  4 03:36:38 2024,0.0192060763888888,554724.0,0,0,0,0,0,0
3096.0,Mon Nov  4 04:32:21 2024,Mon Nov  4 04:04:33 2024,0.0192060763888888,548429.0,0,0,0,0,0,0
3097.0,Mon Nov  4 05:00:15 2024,Mon Nov  4 04:32:27 2024,0.0192060763888888,560852.0,0,0,0,0,0,0
3098.0,Mon Nov  4 05:28:10 2024,Mon Nov  4 05:00:21 2024,0.0192060763888888,541020.0,0,0,0,0,0,0
3099.0,Mon Nov  4 05:56:04 2024,Mon Nov  4 05:28:16 2024,0.0192060763888888,547420.0,0,0,0,0,0,0
3100.0,Mon Nov  4 06:23:59 2024,Mon Nov  4 05:56:10 2024,0.0192060763888888,553802.0,0,0,0,0,0,0
3101.0,Mon Nov  4 06:51:53 2024,Mon Nov  4 06:24:05 2024,0.0192060763888888,554524.0,0,0,0,0,0,0
3102.0,Mon Nov  4 07:19:48 2024,Mon Nov  4 06:51:59 2024,0.0192060763888888,560512.0,0,0,0,0,0,0
3103.0,Mon Nov  4 07:47:42 2024,Mon Nov  4 07:19:53 2024,0.0192060763888888,553475.0,1,0,0,0,0,0
3104.0,Mon Nov  4 08:15:36 2024,Mon Nov  4 07:47:48 2024,0.0192060763888888,533983.0,0,0,0,0,0,0
3105.0,Mon Nov  4 08:43:31 2024,Mon Nov  4 08:15:42 2024,0.0192060763888888,536557.0,0,0,0,0,0,0
3106.0,Mon Nov  4 09:11:25 2024,Mon Nov  4 08:43:37 2024,0.0192060763888888,553717.0,1,0,0,0,0,0
3107.0,Mon Nov  4 09:39:19 2024,Mon Nov  4 09:11:31 2024,0.0192060763888888,547167.0,0,0,0,0,0,0
3108.0,Mon Nov  4 10:07:14 2024,Mon Nov  4 09:39:26 2024,0.0192060763888888,559578.0,0,0,0,0,0,0
3109.0,Mon Nov  4 10:35:08 2024,Mon Nov  4 10:07:20 2024,0.0192060763888888,559619.0,0,0,0,0,0,0
3110.0,Mon Nov  4 11:03:02 2024,Mon Nov  4 10:35:14 2024,0.0192060763888888,560105.0,0,0,0,0,0,0
3111.0,Mon Nov  4 11:30:57 2024,Mon Nov  4 11:03:09 2024,0.0192060763888888,548238.0,0,0,0,0,0,0
3112.0,Mon Nov  4 11:58:51 2024,Mon Nov  4 11:31:03 2024,0.0192060763888888,560731.0,0,0,0,0,0,0
3113.0,Mon Nov  4 12:26:46 2024,Mon Nov  4 11:58:58 2024,0.0192060763888888,548555.0,0,0,0,0,0,0
3114.0,Mon Nov  4 12:54:40 2024,Mon Nov  4 12:26:52 2024,0.0192060763888888,548477.0,0,0,0,0,0,0
3115.0,Mon Nov  4 13:22:34 2024,Mon Nov  4 12:54:46 2024,0.0192060763888888,554589.0,0,0,0,0,0,0
3116.0,Mon Nov  4 13:50:29 2024,Mon Nov  4 13:22:41 2024,0.0192060763888888,560591.0,0,0,0,0,0,0
3117.0,Mon Nov  4 14:18:23 2024,Mon Nov  4 13:50:35 2024,0.0192060763888888,554590.0,1,0,0,0,0,0
3118.0,Mon Nov  4 14:46:18 2024,Mon Nov  4 14:18:29 2024,0.0192060763888888,535506.0,0,0,0,0,0,0
3119.0,Mon Nov  4 15:14:12 2024,Mon Nov  4 14:46:24 2024,0.0192060763888888,552754.0,0,0,0,0,0,0
3120.0,Mon Nov  4 15:42:07 2024,Mon Nov  4 15:14:18 2024,0.0192060763888888,541459.0,0,0,0,0,0,0
3121.0,Mon Nov  4 16:10:01 2024,Mon Nov  4 15:42:13 2024,0.0192060763888888,559905.0,0,0,0,0,0,0
3122.0,Mon Nov  4 16:37:55 2024,Mon Nov  4 16:10:07 2024,0.0192060763888888,559909.0,1,0,0,0,0,0
3123.0,Mon Nov  4 17:05:50 2024,Mon Nov  4 16:38:02 2024,0.0192060763888888,559910.0,0,0,0,0,0,0
3124.0,Mon Nov  4 17:33:45 2024,Mon Nov  4 17:05:56 2024,0.0192060763888888,554034.0,0,0,0,0,0,0
3125.0,Mon Nov  4 18:01:39 2024,Mon Nov  4 17:33:51 2024,0.0192060763888888,554906.0,0,0,0,0,0,0
3126.0,Mon Nov  4 18:29:33 2024,Mon Nov  4 18:01:45 2024,0.0192060763888888,518078.0,0,0,0,0,0,0
3127.0,Mon Nov  4 18:57:28 2024,Mon Nov  4 18:29:40 2024,0.0192060763888888,554553.0,0,0,0,0,0,0
3128.0,Mon Nov  4 19:25:22 2024,Mon Nov  4 18:57:34 2024,0.0192060763888888,554129.0,0,0,0,0,0,0
3129.0,Mon Nov  4 19:53:17 2024,Mon Nov  4 19:25:29 2024,0.0192060763888888,549286.0,0,0,0,0,0,0
3130.0,Mon Nov  4 20:21:11 2024,Mon Nov  4 19:53:23 2024,0.0192060763888888,553182.0,1,0,0,0,0,0
3131.0,Mon Nov  4 20:49:06 2024,Mon Nov  4 20:21:18 2024,0.0192060763888888,547128.0,0,0,0,0,0,0
3132.0,Mon Nov  4 21:17:00 2024,Mon Nov  4 20:49:12 2024,0.0192060763888888,554291.0,0,0,0,0,0,0
3133.0,Mon Nov  4 21:44:54 2024,Mon Nov  4 21:17:06 2024,0.0192060763888888,548839.0,0,0,0,0,0,0
3134.0,Mon Nov  4 22:12:49 2024,Mon Nov  4 21:45:01 2024,0.0192060763888888,554798.0,0,0,0,0,0,0
3135.0,Mon Nov  4 22:40:43 2024,Mon Nov  4 22:12:55 2024,0.0192060763888888,547791.0,0,0,0,0,0,0
3136.0,Mon Nov  4 23:08:38 2024,Mon Nov  4 22:40:49 2024,0.0192060763888888,540205.0,0,0,0,0,0,0
3137.0,Mon Nov  4 23:36:32 2024,Mon Nov  4 23:08:44 2024,0.0192060763888888,553723.0,0,0,0,0,0,0
3138.0,Tue Nov  5 00:04:26 2024,Mon Nov  4 23:36:38 2024,0.0192060763888888,555380.0,0,0,0,0,0,0
3139.0,Tue Nov  5 00:32:21 2024,Tue Nov  5 00:04:33 2024,0.0192060763888888,548099.0,0,0,0,0,0,0
3140.0,Tue Nov  5 01:00:15 2024,Tue Nov  5 00:32:27 2024,0.0192060763888888,554463.0,0,0,0,0,0,0
3141.0,Tue Nov  5 01:28:10 2024,Tue Nov  5 01:00:22 2024,0.0192060763888888,543372.0,0,0,0,0,0,0
3142.0,Tue Nov  5 01:56:04 2024,Tue Nov  5 01:28:16 2024,0.0192060763888888,554079.0,0,0,0,0,0,0
3143.0,Tue Nov  5 02:23:59 2024,Tue Nov  5 01:56:10 2024,0.0192060763888888,541444.0,0,0,0,0,0,0
3144.0,Tue Nov  5 02:51:53 2024,Tue Nov  5 02:24:05 2024,0.0192060763888888,535788.0,0,0,0,0,0,0
3145.0,Tue Nov  5 03:19:48 2024,Tue Nov  5 02:51:59 2024,0.0192060763888888,553943.0,0,0,0,0,0,0
3146.0,Tue Nov  5 03:47:42 2024,Tue Nov  5 03:19:54 2024,0.0192060763888888,554518.0,0,0,0,0,0,0
3147.0,Tue Nov  5 04:15:36 2024,Tue Nov  5 03:47:48 2024,0.0192060763888888,534725.0,0,0,0,0,0,0
3148.0,Tue Nov  5 04:43:31 2024,Tue Nov  5 04:15:43 2024,0.0192060763888888,553868.0,0,0,0,0,0,0
3149.0,Tue Nov  5 05:11:25 2024,Tue Nov  5 04:43:37 2024,0.0192060763888888,532138.0,0,0,0,0,0,0
3150.0,Tue Nov  5 05:39:20 2024,Tue Nov  5 05:11:31 2024,0.0192060763888888,551850.0,0,0,0,0,0,0
3151.0,Tue Nov  5 06:07:14 2024,Tue Nov  5 05:39:26 2024,0.0192060763888888,558394.0,0,0,0,0,0,0
3152.0,Tue Nov  5 06:35:09 2024,Tue Nov  5 06:07:20 2024,0.0192060763888888,540495.0,0,0,0,0,0,0
3153.0,Tue Nov  5 07:03:03 2024,Tue Nov  5 06:35:15 2024,0.0192060763888888,546058.0,0,0,0,0,0,0
3154.0,Tue Nov  5 07:30:58 2024,Tue Nov  5 07:03:09 2024,0.0192060763888888,546902.0,0,0,0,0,0,0
3155.0,Tue Nov  5 07:58:52 2024,Tue Nov  5 07:31:04 2024,0.0192060763888888,553203.0,0,0,0,0,0,0
3156.0,Tue Nov  5 08:26:46 2024,Tue Nov  5 07:58:58 2024,0.0192060763888888,554076.0,0,0,0,0,0,0
3157.0,Tue Nov  5 08:54:40 2024,Tue Nov  5 08:26:52 2024,0.0192060763888888,547743.0,1,0,0,0,0,0
3158.0,Tue Nov  5 09:22:35 2024,Tue Nov  5 08:54:46 2024,0.0192060763888888,554221.0,0,0,0,0,0,0
3159.0,Tue Nov  5 09:50:29 2024,Tue Nov  5 09:22:41 2024,0.0192060763888888,560859.0,0,0,0,0,0,0
3160.0,Tue Nov  5 10:18:24 2024,Tue Nov  5 09:50:35 2024,0.0192060763888888,537572.0,0,0,0,0,0,0
3161.0,Tue Nov  5 10:46:18 2024,Tue Nov  5 10:18:30 2024,0.0192060763888888,537370.0,0,0,0,0,0,0
3162.0,Tue Nov  5 11:14:12 2024,Tue Nov  5 10:46:24 2024,0.0192060763888888,541355.0,0,0,0,0,0,0
3163.0,Tue Nov  5 11:42:07 2024,Tue Nov  5 11:14:19 2024,0.0192060763888888,558774.0,0,0,0,0,0,0
3164.0,Tue Nov  5 12:10:01 2024,Tue Nov  5 11:42:13 2024,0.0192060763888888,554353.0,0,0,0,0,0,0
3165.0,Tue Nov  5 12:37:56 2024,Tue Nov  5 12:10:07 2024,0.0192060763888888,560259.0,0,0,0,0,0,0
3166.0,Tue Nov  5 13:05:50 2024,Tue Nov  5 12:38:02 2024,0.0192060763888888,548105.0,0,0,0,0,0,0
3167.0,Tue Nov  5 13:33:44 2024,Tue Nov  5 13:05:56 2024,0.0192060763888888,553397.0,0,0,0,0,0,0
3168.0,Tue Nov  5 14:01:39 2024,Tue Nov  5 13:33:50 2024,0.0192060763888888,560455.0,0,0,0,0,0,0
3169.0,Tue Nov  5 14:29:33 2024,Tue Nov  5 14:01:45 2024,0.0192060763888888,541782.0,0,0,0,0,0,0
3170.0,Tue Nov  5 14:57:28 2024,Tue Nov  5 14:29:40 2024,0.0192060763888888,548665.0,0,0,0,0,0,0
3171.0,Tue Nov  5 15:25:22 2024,Tue Nov  5 14:57:34 2024,0.0192060763888888,554600.0,0,0,0,0,0,0
3172.0,Tue Nov  5 15:53:17 2024,Tue Nov  5 15:25:28 2024,0.0192060763888888,540485.0,0,0,0,0,0,0
3173.0,Tue Nov  5 16:21:11 2024,Tue Nov  5 15:53:23 2024,0.0192060763888888,560370.0,0,0,0,0,0,0
3174.0,Tue Nov  5 16:49:05 2024,Tue Nov  5 16:21:17 2024,0.0192060763888888,547151.0,0,0,0,0,0,0
3175.0,Tue Nov  5 17:17:00 2024,Tue Nov  5 16:49:11 2024,0.0192060763888888,543417.0,0,0,0,0,0,0
3176.0,Tue Nov  5 17:44:54 2024,Tue Nov  5 17:17:06 2024,0.0192060763888888,526376.0,0,0,0,0,0,0
3177.0,Tue Nov  5 18:12:49 2024,Tue Nov  5 17:45:00 2024,0.0192060763888888,547195.0,0,0,0,0,0,0
3178.0,Tue Nov  5 18:40:43 2024,Tue Nov  5 18:12:55 2024,0.0192060763888888,558622.0,0,0,0,0,0,0
3179.0,Tue Nov  5 19:08:38 2024,Tue Nov  5 18:40:49 2024,0.0192060763888888,558869.0,0,0,0,0,0,0
3180.0,Tue Nov  5 19:36:32 2024,Tue Nov  5 19:08:44 2024,0.0192060763888888,552895.0,0,0,0,0,0,0
3181.0,Tue Nov  5 20:04:26 2024,Tue Nov  5 19:36:38 2024,0.0192060763888888,553826.0,0,0,0,0,0,0
3182.0,Tue Nov  5 20:32:21 2024,Tue Nov  5 20:04:33 2024,0.0192060763888888,541431.0,0,0,0,0,0,0
3183.0,Tue Nov  5 21:00:15 2024,Tue Nov  5 20:32:27 2024,0.0192060763888888,560578.0,0,0,0,0,0,0
3184.0,Tue Nov  5 21:28:10 2024,Tue Nov  5 21:00:21 2024,0.0192060763888888,560981.0,0,0,0,0,0,0
3185.0,Tue Nov  5 21:56:04 2024,Tue Nov  5 21:28:16 2024,0.0192060763888888,555060.0,1,0,0,0,0,0
3186.0,Tue Nov  5 22:23:59 2024,Tue Nov  5 21:56:10 2024,0.0192060763888888,561033.0,0,0,0,0,0,0
3187.0,Tue Nov  5 22:51:53 2024,Tue Nov  5 22:24:05 2024,0.0192060763888888,555041.0,0,0,0,0,0,0
3188.0,Tue Nov  5 23:19:47 2024,Tue Nov  5 22:51:59 2024,0.0192060763888888,555058.0,0,0,0,0,0,0
3189.0,Tue Nov  5 23:47:42 2024,Tue Nov  5 23:19:53 2024,0.0192060763888888,561296.0,0,0,0,0,0,0
3190.0,Wed Nov  6 00:15:36 2024,Tue Nov  5 23:47:48 2024,0.0192060763888888,549379.0,0,0,0,0,0,0
3191.0,Wed Nov  6 00:43:31 2024,Wed Nov  6 00:15:42 2024,0.0192060763888888,561330.0,0,0,0,0,0,0
3192.0,Wed Nov  6 01:11:25 2024,Wed Nov  6 00:43:37 2024,0.0192060763888888,554790.0,0,0,0,0,0,0
3193.0,Wed Nov  6 01:39:19 2024,Wed Nov  6 01:11:31 2024,0.0192060763888888,544272.0,0,0,0,0,0,0
3194.0,Wed Nov  6 02:07:14 2024,Wed Nov  6 01:39:26 2024,0.0192060763888888,561168.0,0,0,0,0,0,0
3195.0,Wed Nov  6 02:35:08 2024,Wed Nov  6 02:07:20 2024,0.0192060763888888,555899.0,0,0,0,0,0,0
3196.0,Wed Nov  6 03:03:03 2024,Wed Nov  6 02:35:14 2024,0.0192060763888888,554900.0,0,0,0,0,0,0
3197.0,Wed Nov  6 03:30:57 2024,Wed Nov  6 03:03:09 2024,0.0192060763888888,548724.0,0,0,0,0,0,0
3198.0,Wed Nov  6 03:58:52 2024,Wed Nov  6 03:31:04 2024,0.0192060763888888,555244.0,0,0,0,0,0,0
3199.0,Wed Nov  6 04:26:46 2024,Wed Nov  6 03:58:58 2024,0.0192060763888888,555276.0,0,0,0,0,0,0
3200.0,Wed Nov  6 04:54:41 2024,Wed Nov  6 04:26:53 2024,0.0192060763888888,554658.0,0,0,0,0,0,0
3201.0,Wed Nov  6 05:22:35 2024,Wed Nov  6 04:54:47 2024,0.0192060763888888,555288.0,0,0,0,0,0,0
3202.0,Wed Nov  6 05:50:30 2024,Wed Nov  6 05:22:42 2024,0.0192060763888888,548437.0,0,0,0,0,0,0
3203.0,Wed Nov  6 06:18:24 2024,Wed Nov  6 05:50:36 2024,0.0192060763888888,553251.0,0,0,0,0,0,0
3204.0,Wed Nov  6 06:46:19 2024,Wed Nov  6 06:18:30 2024,0.0192060763888888,560232.0,0,0,0,0,0,0
3205.0,Wed Nov  6 07:14:13 2024,Wed Nov  6 06:46:25 2024,0.0192060763888888,547313.0,0,0,0,0,0,0
3206.0,Wed Nov  6 07:42:07 2024,Wed Nov  6 07:14:19 2024,0.0192060763888888,554673.0,0,0,0,0,0,0
3207.0,Wed Nov  6 08:10:02 2024,Wed Nov  6 07:42:14 2024,0.0192060763888888,559838.0,0,0,0,0,0,0
3208.0,Wed Nov  6 08:37:56 2024,Wed Nov  6 08:10:08 2024,0.0192060763888888,535263.0,0,0,0,0,0,0
3209.0,Wed Nov  6 09:05:51 2024,Wed Nov  6 08:38:03 2024,0.0192060763888888,560062.0,0,0,0,0,0,0
3210.0,Wed Nov  6 09:33:45 2024,Wed Nov  6 09:05:57 2024,0.0192060763888888,560725.0,0,0,0,0,0,0
3211.0,Wed Nov  6 10:01:40 2024,Wed Nov  6 09:33:51 2024,0.0192060763888888,542454.0,0,0,0,0,0,0
3212.0,Wed Nov  6 10:29:34 2024,Wed Nov  6 10:01:46 2024,0.0192060763888888,555038.0,0,0,0,0,0,0
3213.0,Wed Nov  6 10:57:28 2024,Wed Nov  6 10:29:40 2024,0.0192060763888888,561022.0,0,0,0,0,0,0
3214.0,Wed Nov  6 11:25:23 2024,Wed Nov  6 10:57:34 2024,0.0192060763888888,554035.0,0,0,0,0,0,0
3215.0,Wed Nov  6 11:53:17 2024,Wed Nov  6 11:25:29 2024,0.0192060763888888,561247.0,0,0,0,0,0,0
3216.0,Wed Nov  6 12:21:11 2024,Wed Nov  6 11:53:23 2024,0.0192060763888888,554616.0,0,0,0,0,0,0
3217.0,Wed Nov  6 12:49:06 2024,Wed Nov  6 12:21:18 2024,0.0192060763888888,560935.0,0,0,0,0,0,0
3218.0,Wed Nov  6 13:17:00 2024,Wed Nov  6 12:49:12 2024,0.0192060763888888,548992.0,0,0,0,0,0,0
3219.0,Wed Nov  6 13:44:55 2024,Wed Nov  6 13:17:07 2024,0.0192060763888888,555044.0,0,0,0,0,0,0
3220.0,Wed Nov  6 14:12:49 2024,Wed Nov  6 13:45:01 2024,0.0192060763888888,561044.0,0,0,0,0,0,0
3221.0,Wed Nov  6 14:40:44 2024,Wed Nov  6 14:12:55 2024,0.0192060763888888,554539.0,0,0,0,0,0,0
3222.0,Wed Nov  6 15:08:38 2024,Wed Nov  6 14:40:50 2024,0.0192060763888888,560976.0,0,0,0,0,0,0
3223.0,Wed Nov  6 15:36:32 2024,Wed Nov  6 15:08:44 2024,0.0192060763888888,554611.0,0,0,0,0,0,0
3224.0,Wed Nov  6 16:04:27 2024,Wed Nov  6 15:36:38 2024,0.0192060763888888,561246.0,0,0,0,0,0,0
3225.0,Wed Nov  6 16:32:21 2024,Wed Nov  6 16:04:33 2024,0.0192060763888888,561218.0,0,0,0,0,0,0
3226.0,Wed Nov  6 17:00:16 2024,Wed Nov  6 16:32:28 2024,0.0192060763888888,561236.0,0,0,0,0,0,0
3227.0,Wed Nov  6 17:28:10 2024,Wed Nov  6 17:00:22 2024,0.0192060763888888,542203.0,1,0,0,0,0,0
3228.0,Wed Nov  6 17:56:04 2024,Wed Nov  6 17:28:16 2024,0.0192060763888888,560954.0,0,0,0,0,0,0
3229.0,Wed Nov  6 18:23:59 2024,Wed Nov  6 17:56:11 2024,0.0192060763888888,561193.0,0,0,0,0,0,0
3230.0,Wed Nov  6 18:51:53 2024,Wed Nov  6 18:24:05 2024,0.0192060763888888,548678.0,0,0,0,0,0,0
3231.0,Wed Nov  6 19:19:47 2024,Wed Nov  6 18:51:59 2024,0.0192060763888888,536343.0,0,0,0,0,0,0
3232.0,Wed Nov  6 19:47:42 2024,Wed Nov  6 19:19:53 2024,0.0192060763888888,554398.0,0,0,0,0,0,0
3233.0,Wed Nov  6 20:15:36 2024,Wed Nov  6 19:47:48 2024,0.0192060763888888,560696.0,0,0,0,0,0,0
3234.0,Wed Nov  6 20:43:31 2024,Wed Nov  6 20:15:42 2024,0.0192060763888888,560839.0,0,0,0,0,0,0
3235.0,Wed Nov  6 21:11:25 2024,Wed Nov  6 20:43:37 2024,0.0192060763888888,554964.0,0,0,0,0,0,0
3236.0,Wed Nov  6 21:39:20 2024,Wed Nov  6 21:11:31 2024,0.0192060763888888,554838.0,0,0,0,0,0,0
3237.0,Wed Nov  6 22:07:14 2024,Wed Nov  6 21:39:26 2024,0.0192060763888888,555685.0,0,0,0,0,0,0
3238.0,Wed Nov  6 22:35:09 2024,Wed Nov  6 22:07:20 2024,0.0192060763888888,548113.0,0,0,0,0,0,0
3239.0,Wed Nov  6 23:03:03 2024,Wed Nov  6 22:35:15 2024,0.0192060763888888,555459.0,0,0,0,0,0,0
3240.0,Wed Nov  6 23:30:57 2024,Wed Nov  6 23:03:09 2024,0.0192060763888888,554938.0,0,0,0,0,0,0
3241.0,Wed Nov  6 23:58:52 2024,Wed Nov  6 23:31:03 2024,0.0192060763888888,555453.0,0,0,0,0,0,0
3242.0,Thu Nov  7 00:26:46 2024,Wed Nov  6 23:58:58 2024,0.0192060763888888,553458.0,0,0,0,0,0,0
3243.0,Thu Nov  7 00:54:41 2024,Thu Nov  7 00:26:53 2024,0.0192060763888888,535844.0,0,0,0,0,0,0
3244.0,Thu Nov  7 01:22:35 2024,Thu Nov  7 00:54:47 2024,0.0192060763888888,542173.0,0,0,0,0,0,0
3245.0,Thu Nov  7 01:50:30 2024,Thu Nov  7 01:22:41 2024,0.0192060763888888,543067.0,0,0,0,0,0,0
3246.0,Thu Nov  7 02:18:24 2024,Thu Nov  7 01:50:36 2024,0.0192060763888888,548709.0,0,0,0,0,0,0
3247.0,Thu Nov  7 02:46:18 2024,Thu Nov  7 02:18:30 2024,0.0192060763888888,554019.0,0,0,0,0,0,0
3248.0,Thu Nov  7 03:14:13 2024,Thu Nov  7 02:46:24 2024,0.0192060763888888,553582.0,0,0,0,0,0,0
3249.0,Thu Nov  7 03:42:07 2024,Thu Nov  7 03:14:19 2024,0.0192060763888888,560800.0,0,0,0,0,0,0
3250.0,Thu Nov  7 04:10:02 2024,Thu Nov  7 03:42:13 2024,0.0192060763888888,535422.0,0,0,0,0,0,0
3251.0,Thu Nov  7 04:37:56 2024,Thu Nov  7 04:10:08 2024,0.0192060763888888,526681.0,0,0,0,0,0,0
3252.0,Thu Nov  7 05:05:51 2024,Thu Nov  7 04:38:02 2024,0.0192060763888888,558494.0,0,0,0,0,0,0
3253.0,Thu Nov  7 05:33:45 2024,Thu Nov  7 05:05:57 2024,0.0192060763888888,552536.0,0,0,0,0,0,0
3254.0,Thu Nov  7 06:01:40 2024,Thu Nov  7 05:33:51 2024,0.0192060763888888,551902.0,0,0,0,0,0,0
3255.0,Thu Nov  7 06:29:34 2024,Thu Nov  7 06:01:46 2024,0.0192060763888888,558573.0,0,0,0,0,0,0
3256.0,Thu Nov  7 06:57:28 2024,Thu Nov  7 06:29:40 2024,0.0192060763888888,552646.0,0,0,0,0,0,0
3257.0,Thu Nov  7 07:25:23 2024,Thu Nov  7 06:57:35 2024,0.0192060763888888,547918.0,0,0,0,0,0,0
3258.0,Thu Nov  7 07:53:17 2024,Thu Nov  7 07:25:29 2024,0.0192060763888888,541426.0,1,0,0,0,0,0
3259.0,Thu Nov  7 08:21:12 2024,Thu Nov  7 07:53:23 2024,0.0192060763888888,560380.0,0,0,0,0,0,0
3260.0,Thu Nov  7 08:49:06 2024,Thu Nov  7 08:21:18 2024,0.0192060763888888,555249.0,0,0,0,0,0,0
3261.0,Thu Nov  7 09:17:01 2024,Thu Nov  7 08:49:12 2024,0.0192060763888888,548667.0,0,0,0,0,0,0
3262.0,Thu Nov  7 09:44:55 2024,Thu Nov  7 09:17:07 2024,0.0192060763888888,555461.0,0,0,0,0,0,0
3263.0,Thu Nov  7 10:12:49 2024,Thu Nov  7 09:45:01 2024,0.0192060763888888,555407.0,0,0,0,0,0,0
3264.0,Thu Nov  7 10:40:44 2024,Thu Nov  7 10:12:56 2024,0.0192060763888888,555035.0,0,0,0,0,0,0
3265.0,Thu Nov  7 11:08:38 2024,Thu Nov  7 10:40:50 2024,0.0192060763888888,561344.0,0,0,0,0,0,0
3266.0,Thu Nov  7 11:36:33 2024,Thu Nov  7 11:08:44 2024,0.0192060763888888,554702.0,0,0,0,0,0,0
3267.0,Thu Nov  7 12:04:27 2024,Thu Nov  7 11:36:39 2024,0.0192060763888888,556068.0,0,0,0,0,0,0
3268.0,Thu Nov  7 12:32:22 2024,Thu Nov  7 12:04:33 2024,0.0192060763888888,548177.0,0,0,0,0,0,0
3269.0,Thu Nov  7 13:00:16 2024,Thu Nov  7 12:32:28 2024,0.0192060763888888,560809.0,0,0,0,0,0,0
3270.0,Thu Nov  7 13:28:10 2024,Thu Nov  7 13:00:22 2024,0.0192060763888888,548350.0,0,0,0,0,0,0
3271.0,Thu Nov  7 13:56:04 2024,Thu Nov  7 13:28:16 2024,0.0192060763888888,554632.0,0,0,0,0,0,0
3272.0,Thu Nov  7 14:23:59 2024,Thu Nov  7 13:56:11 2024,0.0192060763888888,554636.0,0,0,0,0,0,0
3273.0,Thu Nov  7 14:51:53 2024,Thu Nov  7 14:24:05 2024,0.0192060763888888,554711.0,0,0,0,0,0,0
3274.0,Thu Nov  7 15:19:48 2024,Thu Nov  7 14:51:59 2024,0.0192060763888888,560790.0,0,0,0,0,0,0
3275.0,Thu Nov  7 15:47:42 2024,Thu Nov  7 15:19:54 2024,0.0192060763888888,549940.0,0,0,0,0,0,0
3276.0,Thu Nov  7 16:15:36 2024,Thu Nov  7 15:47:48 2024,0.0192060763888888,550014.0,0,0,0,0,0,0
3277.0,Thu Nov  7 16:43:30 2024,Thu Nov  7 16:15:42 2024,0.0192060763888888,542020.0,0,0,0,0,0,0
3278.0,Thu Nov  7 17:11:25 2024,Thu Nov  7 16:43:36 2024,0.0192060763888888,561107.0,0,0,0,0,0,0
3279.0,Thu Nov  7 17:39:19 2024,Thu Nov  7 17:11:31 2024,0.0192060763888888,561101.0,0,0,0,0,0,0
3280.0,Thu Nov  7 18:07:14 2024,Thu Nov  7 17:39:25 2024,0.0192060763888888,536463.0,0,0,0,0,0,0
3281.0,Thu Nov  7 18:35:08 2024,Thu Nov  7 18:07:20 2024,0.0192060763888888,560890.0,0,0,0,0,0,0
3282.0,Thu Nov  7 19:03:03 2024,Thu Nov  7 18:35:14 2024,0.0192060763888888,554458.0,0,0,0,0,0,0
3283.0,Thu Nov  7 19:30:57 2024,Thu Nov  7 19:03:09 2024,0.0192060763888888,542663.0,0,0,0,0,0,0
3284.0,Thu Nov  7 19:58:52 2024,Thu Nov  7 19:31:03 2024,0.0192060763888888,535799.0,0,0,0,0,0,0
3285.0,Thu Nov  7 20:26:46 2024,Thu Nov  7 19:58:58 2024,0.0192060763888888,542224.0,0,0,0,0,0,0
3286.0,Thu Nov  7 20:54:40 2024,Thu Nov  7 20:26:52 2024,0.0192060763888888,560679.0,0,0,0,0,0,0
3287.0,Thu Nov  7 21:22:35 2024,Thu Nov  7 20:54:47 2024,0.0192060763888888,554812.0,1,0,0,0,0,0
3288.0,Thu Nov  7 21:50:29 2024,Thu Nov  7 21:22:41 2024,0.0192060763888888,541303.0,0,0,0,0,0,0
3289.0,Thu Nov  7 22:18:24 2024,Thu Nov  7 21:50:35 2024,0.0192060763888888,541656.0,0,0,0,0,0,0
3290.0,Thu Nov  7 22:46:18 2024,Thu Nov  7 22:18:30 2024,0.0192060763888888,560158.0,0,0,0,0,0,0
3291.0,Thu Nov  7 23:14:12 2024,Thu Nov  7 22:46:24 2024,0.0192060763888888,547866.0,0,0,0,0,0,0
3292.0,Thu Nov  7 23:42:07 2024,Thu Nov  7 23:14:18 2024,0.0192060763888888,554283.0,0,0,0,0,0,0
3293.0,Fri Nov  8 00:10:01 2024,Thu Nov  7 23:42:13 2024,0.0192060763888888,541883.0,0,0,0,0,0,0
3294.0,Fri Nov  8 00:37:55 2024,Fri Nov  8 00:10:07 2024,0.0192060763888888,554265.0,0,0,0,0,0,0
3295.0,Fri Nov  8 01:05:50 2024,Fri Nov  8 00:38:02 2024,0.0192060763888888,554773.0,0,0,0,0,0,0
3296.0,Fri Nov  8 01:33:44 2024,Fri Nov  8 01:05:56 2024,0.0192060763888888,554920.0,0,0,0,0,0,0
3297.0,Fri Nov  8 02:01:39 2024,Fri Nov  8 01:33:51 2024,0.0192060763888888,560887.0,0,0,0,0,0,0
3298.0,Fri Nov  8 02:29:33 2024,Fri Nov  8 02:01:45 2024,0.0192060763888888,561035.0,0,0,0,0,0,0
3299.0,Fri Nov  8 02:57:27 2024,Fri Nov  8 02:29:39 2024,0.0192060763888888,554153.0,1,0,0,0,0,0
3300.0,Fri Nov  8 03:25:22 2024,Fri Nov  8 02:57:33 2024,0.0192060763888888,554902.0,0,0,0,0,0,0
3301.0,Fri Nov  8 03:53:16 2024,Fri Nov  8 03:25:28 2024,0.0192060763888888,560718.0,0,0,0,0,0,0
3302.0,Fri Nov  8 04:21:11 2024,Fri Nov  8 03:53:22 2024,0.0192060763888888,549126.0,0,0,0,0,0,0
3303.0,Fri Nov  8 04:49:05 2024,Fri Nov  8 04:21:17 2024,0.0192060763888888,561030.0,0,0,0,0,0,0
3304.0,Fri Nov  8 05:17:00 2024,Fri Nov  8 04:49:11 2024,0.0192060763888888,561039.0,0,0,0,0,0,0
3305.0,Fri Nov  8 05:44:54 2024,Fri Nov  8 05:17:06 2024,0.0192060763888888,561108.0,0,0,0,0,0,0
3306.0,Fri Nov  8 06:12:49 2024,Fri Nov  8 05:45:00 2024,0.0192060763888888,554277.0,1,0,0,0,0,0
3307.0,Fri Nov  8 06:40:43 2024,Fri Nov  8 06:12:55 2024,0.0192060763888888,555089.0,0,0,0,0,0,0
3308.0,Fri Nov  8 07:08:38 2024,Fri Nov  8 06:40:49 2024,0.0192060763888888,555117.0,0,0,0,0,0,0
3309.0,Fri Nov  8 07:36:32 2024,Fri Nov  8 07:08:44 2024,0.0192060763888888,547611.0,0,0,0,0,0,0
3310.0,Fri Nov  8 08:04:26 2024,Fri Nov  8 07:36:38 2024,0.0192060763888888,548852.0,0,0,0,0,0,0
3311.0,Fri Nov  8 08:32:20 2024,Fri Nov  8 08:04:32 2024,0.0192060763888888,545664.0,0,0,0,0,0,0
3312.0,Fri Nov  8 09:00:15 2024,Fri Nov  8 08:32:27 2024,0.0192060763888888,559435.0,0,0,0,0,0,0
3313.0,Fri Nov  8 09:28:09 2024,Fri Nov  8 09:00:21 2024,0.0192060763888888,559591.0,0,0,0,0,0,0
3314.0,Fri Nov  8 09:56:04 2024,Fri Nov  8 09:28:16 2024,0.0192060763888888,553183.0,0,0,0,0,0,0
3315.0,Fri Nov  8 10:23:58 2024,Fri Nov  8 09:56:10 2024,0.0192060763888888,559548.0,0,0,0,0,0,0
3316.0,Fri Nov  8 10:51:53 2024,Fri Nov  8 10:24:05 2024,0.0192060763888888,554954.0,0,0,0,0,0,0
3317.0,Fri Nov  8 11:19:48 2024,Fri Nov  8 10:51:59 2024,0.0192060763888888,560913.0,0,0,0,0,0,0
3318.0,Fri Nov  8 11:47:42 2024,Fri Nov  8 11:19:54 2024,0.0192060763888888,561306.0,0,0,0,0,0,0
3319.0,Fri Nov  8 12:15:36 2024,Fri Nov  8 11:47:48 2024,0.0192060763888888,561295.0,0,0,0,0,0,0
3320.0,Fri Nov  8 12:43:31 2024,Fri Nov  8 12:15:43 2024,0.0192060763888888,555225.0,0,0,0,0,0,0
3321.0,Fri Nov  8 13:11:26 2024,Fri Nov  8 12:43:37 2024,0.0192060763888888,548591.0,1,0,0,0,0,0
3322.0,Fri Nov  8 13:39:20 2024,Fri Nov  8 13:11:32 2024,0.0192060763888888,535294.0,0,0,0,0,0,0
3323.0,Fri Nov  8 14:07:15 2024,Fri Nov  8 13:39:26 2024,0.0192060763888888,559856.0,0,0,0,0,0,0
3324.0,Fri Nov  8 14:35:09 2024,Fri Nov  8 14:07:21 2024,0.0192060763888888,547478.0,0,0,0,0,0,0
3325.0,Fri Nov  8 15:03:03 2024,Fri Nov  8 14:35:15 2024,0.0192060763888888,540793.0,0,0,0,0,0,0
3326.0,Fri Nov  8 15:30:57 2024,Fri Nov  8 15:03:09 2024,0.0192060763888888,539933.0,0,0,0,0,0,0
3327.0,Fri Nov  8 15:58:52 2024,Fri Nov  8 15:31:03 2024,0.0192060763888888,551749.0,0,0,0,0,0,0
3328.0,Fri Nov  8 16:26:46 2024,Fri Nov  8 15:58:58 2024,0.0192060763888888,559142.0,0,0,0,0,0,0
3329.0,Fri Nov  8 16:54:41 2024,Fri Nov  8 16:26:52 2024,0.0192060763888888,553974.0,0,0,0,0,0,0
3330.0,Fri Nov  8 17:22:35 2024,Fri Nov  8 16:54:47 2024,0.0192060763888888,548003.0,0,0,0,0,0,0
3331.0,Fri Nov  8 17:50:30 2024,Fri Nov  8 17:22:41 2024,0.0192060763888888,547410.0,0,0,0,0,0,0
3332.0,Fri Nov  8 18:18:24 2024,Fri Nov  8 17:50:36 2024,0.0192060763888888,554495.0,0,0,0,0,0,0
3333.0,Fri Nov  8 18:46:18 2024,Fri Nov  8 18:18:30 2024,0.0192060763888888,561155.0,0,0,0,0,0,0
3334.0,Fri Nov  8 19:14:13 2024,Fri Nov  8 18:46:25 2024,0.0192060763888888,561298.0,0,0,0,0,0,0
3335.0,Fri Nov  8 19:42:07 2024,Fri Nov  8 19:14:19 2024,0.0192060763888888,549431.0,0,0,0,0,0,0
3336.0,Fri Nov  8 20:10:02 2024,Fri Nov  8 19:42:13 2024,0.0192060763888888,553900.0,0,0,0,0,0,0
3337.0,Fri Nov  8 20:37:56 2024,Fri Nov  8 20:10:08 2024,0.0192060763888888,535793.0,0,0,0,0,0,0
3338.0,Fri Nov  8 21:05:50 2024,Fri Nov  8 20:38:02 2024,0.0192060763888888,541549.0,0,0,0,0,0,0
3339.0,Fri Nov  8 21:33:45 2024,Fri Nov  8 21:05:57 2024,0.0192060763888888,540789.0,0,0,0,0,0,0
3340.0,Fri Nov  8 22:01:39 2024,Fri Nov  8 21:33:51 2024,0.0192060763888888,532507.0,0,0,0,0,0,0
3341.0,Fri Nov  8 22:29:34 2024,Fri Nov  8 22:01:45 2024,0.0192060763888888,558221.0,0,0,0,0,0,0
3342.0,Fri Nov  8 22:57:28 2024,Fri Nov  8 22:29:40 2024,0.0192060763888888,558381.0,0,0,0,0,0,0
3343.0,Fri Nov  8 23:25:23 2024,Fri Nov  8 22:57:34 2024,0.0192060763888888,552922.0,0,0,0,0,0,0
3344.0,Fri Nov  8 23:53:17 2024,Fri Nov  8 23:25:29 2024,0.0192060763888888,559276.0,0,0,0,0,0,0
3345.0,Sat Nov  9 00:21:11 2024,Fri Nov  8 23:53:23 2024,0.0192060763888888,559528.0,0,0,0,0,0,0
3346.0,Sat Nov  9 00:49:06 2024,Sat Nov  9 00:21:18 2024,0.0192060763888888,536323.0,0,0,0,0,0,0
3347.0,Sat Nov  9 01:17:00 2024,Sat Nov  9 00:49:12 2024,0.0192060763888888,554910.0,0,0,0,0,0,0
3348.0,Sat Nov  9 01:44:55 2024,Sat Nov  9 01:17:07 2024,0.0192060763888888,535869.0,0,0,0,0,0,0
3349.0,Sat Nov  9 02:12:49 2024,Sat Nov  9 01:45:01 2024,0.0192060763888888,549013.0,0,0,0,0,0,0
3350.0,Sat Nov  9 02:40:44 2024,Sat Nov  9 02:12:55 2024,0.0192060763888888,549074.0,1,0,0,0,0,0
3351.0,Sat Nov  9 03:08:38 2024,Sat Nov  9 02:40:50 2024,0.0192060763888888,561003.0,0,0,0,0,0,0
3352.0,Sat Nov  9 03:36:32 2024,Sat Nov  9 03:08:44 2024,0.0192060763888888,542339.0,0,0,0,0,0,0
3353.0,Sat Nov  9 04:04:27 2024,Sat Nov  9 03:36:38 2024,0.0192060763888888,548807.0,0,0,0,0,0,0
3354.0,Sat Nov  9 04:32:21 2024,Sat Nov  9 04:04:33 2024,0.0192060763888888,561060.0,0,0,0,0,0,0
3355.0,Sat Nov  9 05:00:15 2024,Sat Nov  9 04:32:27 2024,0.0192060763888888,548154.0,0,0,0,0,0,0
3356.0,Sat Nov  9 05:28:10 2024,Sat Nov  9 05:00:22 2024,0.0192060763888888,555118.0,0,0,0,0,0,0
3357.0,Sat Nov  9 05:56:04 2024,Sat Nov  9 05:28:16 2024,0.0192060763888888,541921.0,0,0,0,0,0,0
3358.0,Sat Nov  9 06:23:58 2024,Sat Nov  9 05:56:10 2024,0.0192060763888888,547217.0,0,0,0,0,0,0
3359.0,Sat Nov  9 06:51:53 2024,Sat Nov  9 06:24:04 2024,0.0192060763888888,553340.0,0,0,0,0,0,0
3360.0,Sat Nov  9 07:19:47 2024,Sat Nov  9 06:51:59 2024,0.0192060763888888,542356.0,0,0,0,0,0,0
3361.0,Sat Nov  9 07:47:42 2024,Sat Nov  9 07:19:53 2024,0.0192060763888888,554578.0,0,0,0,0,0,0
3362.0,Sat Nov  9 08:15:36 2024,Sat Nov  9 07:47:48 2024,0.0192060763888888,535603.0,0,0,0,0,0,0
3363.0,Sat Nov  9 08:43:31 2024,Sat Nov  9 08:15:42 2024,0.0192060763888888,559922.0,0,0,0,0,0,0
3364.0,Sat Nov  9 09:11:25 2024,Sat Nov  9 08:43:37 2024,0.0192060763888888,541368.0,0,0,0,0,0,0
3365.0,Sat Nov  9 09:39:20 2024,Sat Nov  9 09:11:31 2024,0.0192060763888888,542626.0,0,0,0,0,0,0
3366.0,Sat Nov  9 10:07:14 2024,Sat Nov  9 09:39:26 2024,0.0192060763888888,553924.0,0,0,0,0,0,0
3367.0,Sat Nov  9 10:35:08 2024,Sat Nov  9 10:07:20 2024,0.0192060763888888,560004.0,0,0,0,0,0,0
3368.0,Sat Nov  9 11:03:03 2024,Sat Nov  9 10:35:14 2024,0.0192060763888888,541218.0,0,0,0,0,0,0
3369.0,Sat Nov  9 11:30:57 2024,Sat Nov  9 11:03:09 2024,0.0192060763888888,548701.0,0,0,0,0,0,0
3370.0,Sat Nov  9 11:58:52 2024,Sat Nov  9 11:31:03 2024,0.0192060763888888,547381.0,0,0,0,0,0,0
3371.0,Sat Nov  9 12:26:46 2024,Sat Nov  9 11:58:58 2024,0.0192060763888888,560665.0,0,0,0,0,0,0
3372.0,Sat Nov  9 12:54:40 2024,Sat Nov  9 12:26:52 2024,0.0192060763888888,538835.0,0,0,0,0,0,0
3373.0,Sat Nov  9 13:22:35 2024,Sat Nov  9 12:54:46 2024,0.0192060763888888,546659.0,0,0,0,0,0,0
3374.0,Sat Nov  9 13:50:29 2024,Sat Nov  9 13:22:41 2024,0.0192060763888888,537590.0,0,0,0,0,0,0
3375.0,Sat Nov  9 14:18:23 2024,Sat Nov  9 13:50:35 2024,0.0192060763888888,554735.0,0,0,0,0,0,0
3376.0,Sat Nov  9 14:46:18 2024,Sat Nov  9 14:18:29 2024,0.0192060763888888,542248.0,0,0,0,0,0,0
3377.0,Sat Nov  9 15:14:12 2024,Sat Nov  9 14:46:24 2024,0.0192060763888888,560912.0,0,0,0,0,0,0
3378.0,Sat Nov  9 15:42:06 2024,Sat Nov  9 15:14:18 2024,0.0192060763888888,560917.0,0,0,0,0,0,0
3379.0,Sat Nov  9 16:10:00 2024,Sat Nov  9 15:42:12 2024,0.0192060763888888,561129.0,1,0,0,0,0,0
3380.0,Sat Nov  9 16:37:55 2024,Sat Nov  9 16:10:07 2024,0.0192060763888888,459638.0,0,0,0,0,0,0
3381.0,Sat Nov  9 17:05:49 2024,Sat Nov  9 16:38:01 2024,0.0192060763888888,555209.0,0,0,0,0,0,0
3382.0,Sat Nov  9 17:33:44 2024,Sat Nov  9 17:05:55 2024,0.0192060763888888,547924.0,0,0,0,0,0,0
3383.0,Sat Nov  9 18:01:38 2024,Sat Nov  9 17:33:50 2024,0.0192060763888888,548393.0,0,0,0,0,0,0
3384.0,Sat Nov  9 18:29:32 2024,Sat Nov  9 18:01:44 2024,0.0192060763888888,560530.0,0,0,0,0,0,0
3385.0,Sat Nov  9 18:57:27 2024,Sat Nov  9 18:29:38 2024,0.0192060763888888,560694.0,0,0,0,0,0,0
3386.0,Sat Nov  9 19:25:21 2024,Sat Nov  9 18:57:33 2024,0.0192060763888888,543397.0,0,0,0,0,0,0
3387.0,Sat Nov  9 19:53:15 2024,Sat Nov  9 19:25:27 2024,0.0192060763888888,560700.0,0,0,0,0,0,0
3388.0,Sat Nov  9 20:21:09 2024,Sat Nov  9 19:53:21 2024,0.0192060763888888,560823.0,0,0,0,0,0,0
3389.0,Sat Nov  9 20:49:04 2024,Sat Nov  9 20:21:16 2024,0.0192060763888888,549357.0,0,0,0,0,0,0
3390.0,Sat Nov  9 21:16:58 2024,Sat Nov  9 20:49:10 2024,0.0192060763888888,549360.0,0,0,0,0,0,0
3391.0,Sat Nov  9 21:44:53 2024,Sat Nov  9 21:17:05 2024,0.0192060763888888,542168.0,0,0,0,0,0,0
3392.0,Sat Nov  9 22:12:47 2024,Sat Nov  9 21:44:59 2024,0.0192060763888888,554295.0,0,0,0,0,0,0
3393.0,Sat Nov  9 22:40:42 2024,Sat Nov  9 22:12:54 2024,0.0192060763888888,554229.0,0,0,0,0,0,0
3394.0,Sat Nov  9 23:08:36 2024,Sat Nov  9 22:40:48 2024,0.0192060763888888,537413.0,0,0,0,0,0,0
3395.0,Sat Nov  9 23:36:30 2024,Sat Nov  9 23:08:42 2024,0.0192060763888888,542246.0,0,0,0,0,0,0
3396.0,Sun Nov 10 00:04:25 2024,Sat Nov  9 23:36:36 2024,0.0192060763888888,560611.0,0,0,0,0,0,0
3397.0,Sun Nov 10 00:32:19 2024,Sun Nov 10 00:04:31 2024,0.0192060763888888,560643.0,0,0,0,0,0,0
3398.0,Sun Nov 10 01:00:13 2024,Sun Nov 10 00:32:25 2024,0.0192060763888888,548370.0,0,0,0,0,0,0
3399.0,Sun Nov 10 01:28:07 2024,Sun Nov 10 01:00:19 2024,0.0192060763888888,542066.0,0,0,0,0,0,0
3400.0,Sun Nov 10 01:56:02 2024,Sun Nov 10 01:28:14 2024,0.0192060763888888,548279.0,0,0,0,0,0,0
3401.0,Sun Nov 10 02:23:57 2024,Sun Nov 10 01:56:08 2024,0.0192060763888888,555696.0,0,0,0,0,0,0
3402.0,Sun Nov 10 02:51:51 2024,Sun Nov 10 02:24:03 2024,0.0192060763888888,554250.0,0,0,0,0,0,0
3403.0,Sun Nov 10 03:19:46 2024,Sun Nov 10 02:51:57 2024,0.0192060763888888,548783.0,0,0,0,0,0,0
3404.0,Sun Nov 10 03:47:40 2024,Sun Nov 10 03:19:52 2024,0.0192060763888888,555259.0,0,0,0,0,0,0
3405.0,Sun Nov 10 04:15:34 2024,Sun Nov 10 03:47:46 2024,0.0192060763888888,554850.0,0,0,0,0,0,0
3406.0,Sun Nov 10 04:43:29 2024,Sun Nov 10 04:15:41 2024,0.0192060763888888,548392.0,0,0,0,0,0,0
3407.0,Sun Nov 10 05:11:23 2024,Sun Nov 10 04:43:35 2024,0.0192060763888888,548725.0,0,0,0,0,0,0
3408.0,Sun Nov 10 05:39:18 2024,Sun Nov 10 05:11:30 2024,0.0192060763888888,555033.0,0,0,0,0,0,0
3409.0,Sun Nov 10 06:07:12 2024,Sun Nov 10 05:39:24 2024,0.0192060763888888,554791.0,0,0,0,0,0,0
3410.0,Sun Nov 10 06:35:07 2024,Sun Nov 10 06:07:18 2024,0.0192060763888888,554814.0,0,0,0,0,0,0
3411.0,Sun Nov 10 07:03:01 2024,Sun Nov 10 06:35:13 2024,0.0192060763888888,560875.0,0,0,0,0,0,0
3412.0,Sun Nov 10 07:30:56 2024,Sun Nov 10 07:03:07 2024,0.0192060763888888,553872.0,0,0,0,0,0,0
3413.0,Sun Nov 10 07:58:50 2024,Sun Nov 10 07:31:02 2024,0.0192060763888888,560693.0,0,0,0,0,0,0
3414.0,Sun Nov 10 08:26:45 2024,Sun Nov 10 07:58:57 2024,0.0192060763888888,548109.0,0,0,0,0,0,0
3415.0,Sun Nov 10 08:54:39 2024,Sun Nov 10 08:26:51 2024,0.0192060763888888,528929.0,0,0,0,0,0,0
3416.0,Sun Nov 10 09:22:34 2024,Sun Nov 10 08:54:45 2024,0.0192060763888888,541559.0,0,0,0,0,0,0
3417.0,Sun Nov 10 09:50:28 2024,Sun Nov 10 09:22:40 2024,0.0192060763888888,559372.0,0,0,0,0,0,0
3418.0,Sun Nov 10 10:18:22 2024,Sun Nov 10 09:50:34 2024,0.0192060763888888,532722.0,0,0,0,0,0,0
3419.0,Sun Nov 10 10:46:17 2024,Sun Nov 10 10:18:28 2024,0.0192060763888888,546769.0,0,0,0,0,0,0
3420.0,Sun Nov 10 11:14:11 2024,Sun Nov 10 10:46:23 2024,0.0192060763888888,534250.0,0,0,0,0,0,0
3421.0,Sun Nov 10 11:42:05 2024,Sun Nov 10 11:14:17 2024,0.0192060763888888,551840.0,0,0,0,0,0,0
3422.0,Sun Nov 10 12:10:00 2024,Sun Nov 10 11:42:12 2024,0.0192060763888888,547831.0,0,0,0,0,0,0
3423.0,Sun Nov 10 12:37:54 2024,Sun Nov 10 12:10:06 2024,0.0192060763888888,553695.0,0,0,0,0,0,0
3424.0,Sun Nov 10 13:05:49 2024,Sun Nov 10 12:38:01 2024,0.0192060763888888,559742.0,0,0,0,0,0,0
3425.0,Sun Nov 10 13:33:43 2024,Sun Nov 10 13:05:55 2024,0.0192060763888888,560440.0,0,0,0,0,0,0
3426.0,Sun Nov 10 14:01:37 2024,Sun Nov 10 13:33:49 2024,0.0192060763888888,560514.0,0,0,0,0,0,0
3427.0,Sun Nov 10 14:29:32 2024,Sun Nov 10 14:01:44 2024,0.0192060763888888,542414.0,0,0,0,0,0,0
3428.0,Sun Nov 10 14:57:26 2024,Sun Nov 10 14:29:38 2024,0.0192060763888888,536923.0,0,0,0,0,0,0
3429.0,Sun Nov 10 15:25:21 2024,Sun Nov 10 14:57:32 2024,0.0192060763888888,547794.0,0,0,0,0,0,0
3430.0,Sun Nov 10 15:53:15 2024,Sun Nov 10 15:25:27 2024,0.0192060763888888,561044.0,0,0,0,0,0,0
3431.0,Sun Nov 10 16:21:09 2024,Sun Nov 10 15:53:21 2024,0.0192060763888888,536251.0,1,0,0,0,0,0
3432.0,Sun Nov 10 16:49:04 2024,Sun Nov 10 16:21:15 2024,0.0192060763888888,547102.0,0,0,0,0,0,0
3433.0,Sun Nov 10 17:16:58 2024,Sun Nov 10 16:49:10 2024,0.0192060763888888,559791.0,0,0,0,0,0,0
3434.0,Sun Nov 10 17:44:53 2024,Sun Nov 10 17:17:05 2024,0.0192060763888888,547134.0,0,0,0,0,0,0
3435.0,Sun Nov 10 18:12:47 2024,Sun Nov 10 17:44:59 2024,0.0192060763888888,553505.0,0,0,0,0,0,0
3436.0,Sun Nov 10 18:40:42 2024,Sun Nov 10 18:12:54 2024,0.0192060763888888,547762.0,0,0,0,0,0,0
3437.0,Sun Nov 10 19:08:36 2024,Sun Nov 10 18:40:48 2024,0.0192060763888888,548190.0,0,0,0,0,0,0
3438.0,Sun Nov 10 19:36:30 2024,Sun Nov 10 19:08:42 2024,0.0192060763888888,541097.0,0,0,0,0,0,0
3439.0,Sun Nov 10 20:04:25 2024,Sun Nov 10 19:36:37 2024,0.0192060763888888,560664.0,0,0,0,0,0,0
3440.0,Sun Nov 10 20:32:19 2024,Sun Nov 10 20:04:31 2024,0.0192060763888888,548201.0,0,0,0,0,0,0
3441.0,Sun Nov 10 21:00:13 2024,Sun Nov 10 20:32:25 2024,0.0192060763888888,547599.0,0,0,0,0,0,0
3442.0,Sun Nov 10 21:28:08 2024,Sun Nov 10 21:00:19 2024,0.0192060763888888,554516.0,0,0,0,0,0,0
3443.0,Sun Nov 10 21:56:02 2024,Sun Nov 10 21:28:14 2024,0.0192060763888888,547188.0,0,0,0,0,0,0
3444.0,Sun Nov 10 22:23:57 2024,Sun Nov 10 21:56:09 2024,0.0192060763888888,541603.0,0,0,0,0,0,0
3445.0,Sun Nov 10 22:51:51 2024,Sun Nov 10 22:24:03 2024,0.0192060763888888,560126.0,0,0,0,0,0,0
3446.0,Sun Nov 10 23:19:46 2024,Sun Nov 10 22:51:58 2024,0.0192060763888888,522857.0,0,0,0,0,0,0
3447.0,Sun Nov 10 23:47:40 2024,Sun Nov 10 23:19:52 2024,0.0192060763888888,560101.0,0,0,0,0,0,0
3448.0,Mon Nov 11 00:15:35 2024,Sun Nov 10 23:47:46 2024,0.0192060763888888,549094.0,0,0,0,0,0,0
3449.0,Mon Nov 11 00:43:29 2024,Mon Nov 11 00:15:41 2024,0.0192060763888888,560757.0,0,0,0,0,0,0
3450.0,Mon Nov 11 01:11:23 2024,Mon Nov 11 00:43:35 2024,0.0192060763888888,560960.0,0,0,0,0,0,0
3451.0,Mon Nov 11 01:39:18 2024,Mon Nov 11 01:11:29 2024,0.0192060763888888,549111.0,0,0,0,0,0,0
3452.0,Mon Nov 11 02:07:12 2024,Mon Nov 11 01:39:24 2024,0.0192060763888888,549369.0,0,0,0,0,0,0
3453.0,Mon Nov 11 02:35:06 2024,Mon Nov 11 02:07:18 2024,0.0192060763888888,542281.0,0,0,0,0,0,0
3454.0,Mon Nov 11 03:03:01 2024,Mon Nov 11 02:35:12 2024,0.0192060763888888,560785.0,0,0,0,0,0,0
3455.0,Mon Nov 11 03:30:55 2024,Mon Nov 11 03:03:07 2024,0.0192060763888888,555350.0,1,0,0,0,0,0
3456.0,Mon Nov 11 03:58:50 2024,Mon Nov 11 03:31:01 2024,0.0192060763888888,554454.0,0,0,0,0,0,0
3457.0,Mon Nov 11 04:26:44 2024,Mon Nov 11 03:58:56 2024,0.0192060763888888,560658.0,0,0,0,0,0,0
3458.0,Mon Nov 11 04:54:39 2024,Mon Nov 11 04:26:50 2024,0.0192060763888888,560752.0,0,0,0,0,0,0
3459.0,Mon Nov 11 05:22:33 2024,Mon Nov 11 04:54:45 2024,0.0192060763888888,548413.0,0,0,0,0,0,0
3460.0,Mon Nov 11 05:50:27 2024,Mon Nov 11 05:22:39 2024,0.0192060763888888,548443.0,0,0,0,0,0,0
3461.0,Mon Nov 11 06:18:22 2024,Mon Nov 11 05:50:34 2024,0.0192060763888888,560273.0,0,0,0,0,0,0
3462.0,Mon Nov 11 06:46:16 2024,Mon Nov 11 06:18:28 2024,0.0192060763888888,547162.0,1,0,0,0,0,0
3463.0,Mon Nov 11 07:14:11 2024,Mon Nov 11 06:46:23 2024,0.0192060763888888,554015.0,0,0,0,0,0,0
3464.0,Mon Nov 11 07:42:05 2024,Mon Nov 11 07:14:17 2024,0.0192060763888888,547832.0,0,0,0,0,0,0
3465.0,Mon Nov 11 08:10:00 2024,Mon Nov 11 07:42:11 2024,0.0192060763888888,547064.0,0,0,0,0,0,0
3466.0,Mon Nov 11 08:37:54 2024,Mon Nov 11 08:10:06 2024,0.0192060763888888,547766.0,0,0,0,0,0,0
3467.0,Mon Nov 11 09:05:49 2024,Mon Nov 11 08:38:01 2024,0.0192060763888888,546223.0,0,0,0,0,0,0
3468.0,Mon Nov 11 09:33:43 2024,Mon Nov 11 09:05:55 2024,0.0192060763888888,545804.0,0,0,0,0,0,0
3469.0,Mon Nov 11 10:01:38 2024,Mon Nov 11 09:33:49 2024,0.0192060763888888,535281.0,0,0,0,0,0,0
3470.0,Mon Nov 11 10:29:32 2024,Mon Nov 11 10:01:44 2024,0.0192060763888888,545981.0,0,0,0,0,0,0
3471.0,Mon Nov 11 10:57:26 2024,Mon Nov 11 10:29:38 2024,0.0192060763888888,546895.0,0,0,0,0,0,0
3472.0,Mon Nov 11 11:25:21 2024,Mon Nov 11 10:57:32 2024,0.0192060763888888,559150.0,0,0,0,0,0,0
3473.0,Mon Nov 11 11:53:15 2024,Mon Nov 11 11:25:27 2024,0.0192060763888888,553277.0,0,0,0,0,0,0
3474.0,Mon Nov 11 12:21:09 2024,Mon Nov 11 11:53:21 2024,0.0192060763888888,546559.0,0,0,0,0,0,0
3475.0,Mon Nov 11 12:49:04 2024,Mon Nov 11 12:21:16 2024,0.0192060763888888,560221.0,0,0,0,0,0,0
3476.0,Mon Nov 11 13:16:58 2024,Mon Nov 11 12:49:10 2024,0.0192060763888888,547793.0,0,0,0,0,0,0
3477.0,Mon Nov 11 13:44:53 2024,Mon Nov 11 13:17:04 2024,0.0192060763888888,548358.0,0,0,0,0,0,0
3478.0,Mon Nov 11 14:12:47 2024,Mon Nov 11 13:44:59 2024,0.0192060763888888,560333.0,0,0,0,0,0,0
3479.0,Mon Nov 11 14:40:41 2024,Mon Nov 11 14:12:53 2024,0.0192060763888888,554371.0,0,0,0,0,0,0
3480.0,Mon Nov 11 15:08:35 2024,Mon Nov 11 14:40:47 2024,0.0192060763888888,554637.0,0,0,0,0,0,0
3481.0,Mon Nov 11 15:36:30 2024,Mon Nov 11 15:08:42 2024,0.0192060763888888,560992.0,1,0,0,0,0,0
3482.0,Mon Nov 11 16:04:24 2024,Mon Nov 11 15:36:36 2024,0.0192060763888888,561066.0,0,0,0,0,0,0
3483.0,Mon Nov 11 16:32:19 2024,Mon Nov 11 16:04:30 2024,0.0192060763888888,548017.0,0,0,0,0,0,0
3484.0,Mon Nov 11 17:00:13 2024,Mon Nov 11 16:32:25 2024,0.0192060763888888,548533.0,0,0,0,0,0,0
3485.0,Mon Nov 11 17:28:07 2024,Mon Nov 11 17:00:19 2024,0.0192060763888888,554356.0,0,0,0,0,0,0
3486.0,Mon Nov 11 17:56:02 2024,Mon Nov 11 17:28:14 2024,0.0192060763888888,548976.0,0,0,0,0,0,0
3487.0,Mon Nov 11 18:23:56 2024,Mon Nov 11 17:56:08 2024,0.0192060763888888,536109.0,0,0,0,0,0,0
3488.0,Mon Nov 11 18:51:51 2024,Mon Nov 11 18:24:02 2024,0.0192060763888888,535334.0,0,0,0,0,0,0
3489.0,Mon Nov 11 19:19:45 2024,Mon Nov 11 18:51:57 2024,0.0192060763888888,560396.0,1,0,0,0,0,0
3490.0,Mon Nov 11 19:47:39 2024,Mon Nov 11 19:19:51 2024,0.0192060763888888,560665.0,0,0,0,0,0,0
3491.0,Mon Nov 11 20:15:34 2024,Mon Nov 11 19:47:46 2024,0.0192060763888888,554748.0,0,0,0,0,0,0
3492.0,Mon Nov 11 20:43:28 2024,Mon Nov 11 20:15:40 2024,0.0192060763888888,560800.0,0,0,0,0,0,0
3493.0,Mon Nov 11 21:11:23 2024,Mon Nov 11 20:43:34 2024,0.0192060763888888,560872.0,0,0,0,0,0,0
3494.0,Mon Nov 11 21:39:17 2024,Mon Nov 11 21:11:29 2024,0.0192060763888888,561258.0,0,0,0,0,0,0
3495.0,Mon Nov 11 22:07:11 2024,Mon Nov 11 21:39:23 2024,0.0192060763888888,561347.0,0,0,0,0,0,0
3496.0,Mon Nov 11 22:35:05 2024,Mon Nov 11 22:07:17 2024,0.0192060763888888,554772.0,0,0,0,0,0,0
3497.0,Mon Nov 11 23:03:00 2024,Mon Nov 11 22:35:12 2024,0.0192060763888888,547852.0,0,0,0,0,0,0
3498.0,Mon Nov 11 23:30:54 2024,Mon Nov 11 23:03:06 2024,0.0192060763888888,548736.0,0,0,0,0,0,0
3499.0,Mon Nov 11 23:58:48 2024,Mon Nov 11 23:31:00 2024,0.0192060763888888,549500.0,0,0,0,0,0,0
3500.0,Tue Nov 12 00:26:43 2024,Mon Nov 11 23:58:55 2024,0.0192060763888888,554706.0,0,0,0,0,0,0
3501.0,Tue Nov 12 00:54:37 2024,Tue Nov 12 00:26:49 2024,0.0192060763888888,554711.0,0,0,0,0,0,0
3502.0,Tue Nov 12 01:22:32 2024,Tue Nov 12 00:54:43 2024,0.0192060763888888,547692.0,0,0,0,0,0,0
3503.0,Tue Nov 12 01:50:26 2024,Tue Nov 12 01:22:38 2024,0.0192060763888888,560725.0,0,0,0,0,0,0
3504.0,Tue Nov 12 02:18:20 2024,Tue Nov 12 01:50:32 2024,0.0192060763888888,544213.0,0,0,0,0,0,0
3505.0,Tue Nov 12 02:46:15 2024,Tue Nov 12 02:18:26 2024,0.0192060763888888,555094.0,0,0,0,0,0,0
3506.0,Tue Nov 12 03:14:10 2024,Tue Nov 12 02:46:21 2024,0.0192060763888888,560966.0,0,0,0,0,0,0
3507.0,Tue Nov 12 03:42:04 2024,Tue Nov 12 03:14:16 2024,0.0192060763888888,561080.0,0,0,0,0,0,0
3508.0,Tue Nov 12 04:09:58 2024,Tue Nov 12 03:42:10 2024,0.0192060763888888,555140.0,0,0,0,0,0,0
3509.0,Tue Nov 12 04:37:53 2024,Tue Nov 12 04:10:04 2024,0.0192060763888888,549297.0,0,0,0,0,0,0
3510.0,Tue Nov 12 05:05:47 2024,Tue Nov 12 04:37:59 2024,0.0192060763888888,561259.0,0,0,0,0,0,0
3511.0,Tue Nov 12 05:33:41 2024,Tue Nov 12 05:05:53 2024,0.0192060763888888,547818.0,0,0,0,0,0,0
3512.0,Tue Nov 12 06:01:36 2024,Tue Nov 12 05:33:47 2024,0.0192060763888888,548926.0,0,0,0,0,0,0
3513.0,Tue Nov 12 06:29:30 2024,Tue Nov 12 06:01:42 2024,0.0192060763888888,554916.0,0,0,0,0,0,0
3514.0,Tue Nov 12 06:57:24 2024,Tue Nov 12 06:29:36 2024,0.0192060763888888,554919.0,0,0,0,0,0,0
3515.0,Tue Nov 12 07:25:19 2024,Tue Nov 12 06:57:30 2024,0.0192060763888888,560878.0,0,0,0,0,0,0
3516.0,Tue Nov 12 07:53:13 2024,Tue Nov 12 07:25:25 2024,0.0192060763888888,554885.0,0,0,0,0,0,0
3517.0,Tue Nov 12 08:21:08 2024,Tue Nov 12 07:53:20 2024,0.0192060763888888,554966.0,0,0,0,0,0,0
3518.0,Tue Nov 12 08:49:02 2024,Tue Nov 12 08:21:14 2024,0.0192060763888888,543093.0,0,0,0,0,0,0
3519.0,Tue Nov 12 09:16:57 2024,Tue Nov 12 08:49:09 2024,0.0192060763888888,549800.0,1,0,0,0,0,0
3520.0,Tue Nov 12 09:44:51 2024,Tue Nov 12 09:17:03 2024,0.0192060763888888,554402.0,0,0,0,0,0,0
3521.0,Tue Nov 12 10:12:46 2024,Tue Nov 12 09:44:58 2024,0.0192060763888888,543397.0,0,0,0,0,0,0
3522.0,Tue Nov 12 10:40:40 2024,Tue Nov 12 10:12:52 2024,0.0192060763888888,560347.0,0,0,0,0,0,0
3523.0,Tue Nov 12 11:08:34 2024,Tue Nov 12 10:40:46 2024,0.0192060763888888,541555.0,0,0,0,0,0,0
3524.0,Tue Nov 12 11:36:29 2024,Tue Nov 12 11:08:41 2024,0.0192060763888888,560498.0,0,0,0,0,0,0
3525.0,Tue Nov 12 12:04:23 2024,Tue Nov 12 11:36:35 2024,0.0192060763888888,554667.0,0,0,0,0,0,0
3526.0,Tue Nov 12 12:32:18 2024,Tue Nov 12 12:04:29 2024,0.0192060763888888,554326.0,0,0,0,0,0,0
3527.0,Tue Nov 12 13:00:12 2024,Tue Nov 12 12:32:24 2024,0.0192060763888888,555627.0,1,0,0,0,0,0
3528.0,Tue Nov 12 13:28:06 2024,Tue Nov 12 13:00:18 2024,0.0192060763888888,560999.0,0,0,0,0,0,0
3529.0,Tue Nov 12 13:56:01 2024,Tue Nov 12 13:28:12 2024,0.0192060763888888,549234.0,0,0,0,0,0,0
3530.0,Tue Nov 12 14:23:55 2024,Tue Nov 12 13:56:07 2024,0.0192060763888888,548292.0,0,0,0,0,0,0
3531.0,Tue Nov 12 14:51:50 2024,Tue Nov 12 14:24:01 2024,0.0192060763888888,548121.0,0,0,0,0,0,0
3532.0,Tue Nov 12 15:19:44 2024,Tue Nov 12 14:51:56 2024,0.0192060763888888,560512.0,0,0,0,0,0,0
3533.0,Tue Nov 12 15:47:39 2024,Tue Nov 12 15:19:50 2024,0.0192060763888888,548660.0,0,0,0,0,0,0
3534.0,Tue Nov 12 16:15:33 2024,Tue Nov 12 15:47:45 2024,0.0192060763888888,560385.0,0,0,0,0,0,0
3535.0,Tue Nov 12 16:43:28 2024,Tue Nov 12 16:15:40 2024,0.0192060763888888,547793.0,0,0,0,0,0,0
3536.0,Tue Nov 12 17:11:22 2024,Tue Nov 12 16:43:34 2024,0.0192060763888888,554883.0,0,0,0,0,0,0
3537.0,Tue Nov 12 17:39:16 2024,Tue Nov 12 17:11:28 2024,0.0192060763888888,549606.0,0,0,0,0,0,0
3538.0,Tue Nov 12 18:07:11 2024,Tue Nov 12 17:39:22 2024,0.0192060763888888,560859.0,0,0,0,0,0,0
3539.0,Tue Nov 12 18:35:05 2024,Tue Nov 12 18:07:17 2024,0.0192060763888888,560944.0,0,0,0,0,0,0
3540.0,Tue Nov 12 19:02:59 2024,Tue Nov 12 18:35:11 2024,0.0192060763888888,543149.0,0,0,0,0,0,0
3541.0,Tue Nov 12 19:30:54 2024,Tue Nov 12 19:03:05 2024,0.0192060763888888,561124.0,0,0,0,0,0,0
3542.0,Tue Nov 12 19:58:48 2024,Tue Nov 12 19:31:00 2024,0.0192060763888888,544188.0,0,0,0,0,0,0
3543.0,Tue Nov 12 20:26:43 2024,Tue Nov 12 19:58:54 2024,0.0192060763888888,555368.0,0,0,0,0,0,0
3544.0,Tue Nov 12 20:54:37 2024,Tue Nov 12 20:26:49 2024,0.0192060763888888,555351.0,0,0,0,0,0,0
3545.0,Tue Nov 12 21:22:31 2024,Tue Nov 12 20:54:43 2024,0.0192060763888888,561332.0,0,0,0,0,0,0
3546.0,Tue Nov 12 21:50:26 2024,Tue Nov 12 21:22:38 2024,0.0192060763888888,555336.0,0,0,0,0,0,0
3547.0,Tue Nov 12 22:18:20 2024,Tue Nov 12 21:50:32 2024,0.0192060763888888,560638.0,0,0,0,0,0,0
3548.0,Tue Nov 12 22:46:15 2024,Tue Nov 12 22:18:27 2024,0.0192060763888888,548895.0,0,0,0,0,0,0
3549.0,Tue Nov 12 23:14:09 2024,Tue Nov 12 22:46:21 2024,0.0192060763888888,555199.0,0,0,0,0,0,0
3550.0,Tue Nov 12 23:42:04 2024,Tue Nov 12 23:14:16 2024,0.0192060763888888,554439.0,0,0,0,0,0,0
3551.0,Wed Nov 13 00:09:58 2024,Tue Nov 12 23:42:10 2024,0.0192060763888888,549334.0,0,0,0,0,0,0
3552.0,Wed Nov 13 00:37:52 2024,Wed Nov 13 00:10:04 2024,0.0192060763888888,530405.0,0,0,0,0,0,0
3553.0,Wed Nov 13 01:05:47 2024,Wed Nov 13 00:37:59 2024,0.0192060763888888,559840.0,2,0,0,0,0,0
3554.0,Wed Nov 13 01:33:41 2024,Wed Nov 13 01:05:53 2024,0.0192060763888888,559232.0,0,0,0,0,0,0
3555.0,Wed Nov 13 02:01:36 2024,Wed Nov 13 01:33:47 2024,0.0192060763888888,529407.0,0,0,0,0,0,0
3556.0,Wed Nov 13 02:29:30 2024,Wed Nov 13 02:01:42 2024,0.0192060763888888,554016.0,0,0,0,0,0,0
3557.0,Wed Nov 13 02:57:25 2024,Wed Nov 13 02:29:37 2024,0.0192060763888888,553238.0,0,0,0,0,0,0
3558.0,Wed Nov 13 03:25:19 2024,Wed Nov 13 02:57:31 2024,0.0192060763888888,560108.0,0,0,0,0,0,0
3559.0,Wed Nov 13 03:53:13 2024,Wed Nov 13 03:25:25 2024,0.0192060763888888,560435.0,0,0,0,0,0,0
3560.0,Wed Nov 13 04:21:08 2024,Wed Nov 13 03:53:20 2024,0.0192060763888888,560440.0,0,0,0,0,0,0
3561.0,Wed Nov 13 04:49:02 2024,Wed Nov 13 04:21:14 2024,0.0192060763888888,536988.0,0,0,0,0,0,0
3562.0,Wed Nov 13 05:16:56 2024,Wed Nov 13 04:49:08 2024,0.0192060763888888,552282.0,0,0,0,0,0,0
3563.0,Wed Nov 13 05:44:51 2024,Wed Nov 13 05:17:02 2024,0.0192060763888888,554371.0,0,0,0,0,0,0
3564.0,Wed Nov 13 06:12:45 2024,Wed Nov 13 05:44:57 2024,0.0192060763888888,554323.0,0,0,0,0,0,0
3565.0,Wed Nov 13 06:40:39 2024,Wed Nov 13 06:12:51 2024,0.0192060763888888,542339.0,0,0,0,0,0,0
3566.0,Wed Nov 13 07:08:34 2024,Wed Nov 13 06:40:45 2024,0.0192060763888888,560176.0,0,0,0,0,0,0
3567.0,Wed Nov 13 07:36:28 2024,Wed Nov 13 07:08:40 2024,0.0192060763888888,560209.0,0,0,0,0,0,0
3568.0,Wed Nov 13 08:04:22 2024,Wed Nov 13 07:36:34 2024,0.0192060763888888,548882.0,0,0,0,0,0,0
3569.0,Wed Nov 13 08:32:17 2024,Wed Nov 13 08:04:28 2024,0.0192060763888888,542268.0,0,0,0,0,0,0
3570.0,Wed Nov 13 09:00:11 2024,Wed Nov 13 08:32:23 2024,0.0192060763888888,547819.0,0,0,0,0,0,0
3571.0,Wed Nov 13 09:28:06 2024,Wed Nov 13 09:00:17 2024,0.0192060763888888,548340.0,0,0,0,0,0,0
3572.0,Wed Nov 13 09:56:00 2024,Wed Nov 13 09:28:12 2024,0.0192060763888888,554370.0,0,0,0,0,0,0
3573.0,Wed Nov 13 10:23:54 2024,Wed Nov 13 09:56:06 2024,0.0192060763888888,555147.0,0,0,0,0,0,0
3574.0,Wed Nov 13 10:51:49 2024,Wed Nov 13 10:24:00 2024,0.0192060763888888,541992.0,0,0,0,0,0,0
3575.0,Wed Nov 13 11:19:43 2024,Wed Nov 13 10:51:55 2024,0.0192060763888888,560200.0,1,0,0,0,0,0
3576.0,Wed Nov 13 11:47:37 2024,Wed Nov 13 11:19:49 2024,0.0192060763888888,561161.0,0,0,0,0,0,0
3577.0,Wed Nov 13 12:15:31 2024,Wed Nov 13 11:47:43 2024,0.0192060763888888,555302.0,0,0,0,0,0,0
3578.0,Wed Nov 13 12:43:26 2024,Wed Nov 13 12:15:37 2024,0.0192060763888888,540487.0,0,0,0,0,0,0
3579.0,Wed Nov 13 13:11:20 2024,Wed Nov 13 12:43:32 2024,0.0192060763888888,356268.0,0,0,0,0,0,0
3580.0,Wed Nov 13 13:39:15 2024,Wed Nov 13 13:11:26 2024,0.0192060763888888,368504.0,0,0,0,0,0,0
3581.0,Wed Nov 13 14:07:09 2024,Wed Nov 13 13:39:21 2024,0.0192060763888888,362587.0,0,0,0,0,0,0
3582.0,Wed Nov 13 14:35:03 2024,Wed Nov 13 14:07:15 2024,0.0192060763888888,362531.0,0,0,0,0,0,0
3583.0,Wed Nov 13 15:02:58 2024,Wed Nov 13 14:35:10 2024,0.0192060763888888,356678.0,0,0,0,0,0,0
3584.0,Wed Nov 13 15:30:52 2024,Wed Nov 13 15:03:04 2024,0.0192060763888888,356572.0,0,0,0,0,0,0
3585.0,Wed Nov 13 15:58:47 2024,Wed Nov 13 15:30:58 2024,0.0192060763888888,369677.0,0,0,0,0,0,0
3586.0,Wed Nov 13 16:26:41 2024,Wed Nov 13 15:58:53 2024,0.0192060763888888,358347.0,0,0,0,0,0,0
3587.0,Wed Nov 13 16:54:36 2024,Wed Nov 13 16:26:47 2024,0.0192060763888888,369155.0,0,0,0,0,0,0
3588.0,Wed Nov 13 17:22:30 2024,Wed Nov 13 16:54:42 2024,0.0192060763888888,350223.0,0,0,0,0,0,0
3589.0,Wed Nov 13 17:50:24 2024,Wed Nov 13 17:22:36 2024,0.0192060763888888,361762.0,0,0,0,0,0,0
3590.0,Wed Nov 13 18:18:19 2024,Wed Nov 13 17:50:31 2024,0.0192060763888888,368619.0,0,0,0,0,0,0
3591.0,Wed Nov 13 18:46:13 2024,Wed Nov 13 18:18:25 2024,0.0192060763888888,362675.0,0,0,0,0,0,0
3592.0,Wed Nov 13 19:14:08 2024,Wed Nov 13 18:46:20 2024,0.0192060763888888,355485.0,0,0,0,0,0,0
3593.0,Wed Nov 13 19:42:02 2024,Wed Nov 13 19:14:14 2024,0.0192060763888888,343756.0,0,0,0,0,0,0
3594.0,Wed Nov 13 20:09:57 2024,Wed Nov 13 19:42:08 2024,0.0192060763888888,361876.0,0,0,0,0,0,0
3595.0,Wed Nov 13 20:37:51 2024,Wed Nov 13 20:10:03 2024,0.0192060763888888,363031.0,0,0,0,0,0,0
3596.0,Wed Nov 13 21:05:45 2024,Wed Nov 13 20:37:57 2024,0.0192060763888888,369220.0,0,0,0,0,0,0
3597.0,Wed Nov 13 21:33:40 2024,Wed Nov 13 21:05:51 2024,0.0192060763888888,351625.0,0,0,0,0,0,0
3598.0,Wed Nov 13 22:01:34 2024,Wed Nov 13 21:33:46 2024,0.0192060763888888,362976.0,0,0,0,0,0,0
3599.0,Wed Nov 13 22:29:29 2024,Wed Nov 13 22:01:40 2024,0.0192060763888888,369207.0,0,0,0,0,0,0
3600.0,Wed Nov 13 22:57:23 2024,Wed Nov 13 22:29:35 2024,0.0192060763888888,363824.0,0,0,0,0,0,0
3601.0,Wed Nov 13 23:25:17 2024,Wed Nov 13 22:57:29 2024,0.0192060763888888,369925.0,0,0,0,0,0,0
3602.0,Wed Nov 13 23:53:12 2024,Wed Nov 13 23:25:24 2024,0.0192060763888888,358006.0,0,0,0,0,0,0
3603.0,Thu Nov 14 00:21:06 2024,Wed Nov 13 23:53:18 2024,0.0192060763888888,363109.0,0,0,0,0,0,0
3604.0,Thu Nov 14 00:49:01 2024,Thu Nov 14 00:21:12 2024,0.0192060763888888,369856.0,0,0,0,0,0,0
3605.0,Thu Nov 14 01:16:55 2024,Thu Nov 14 00:49:07 2024,0.0192060763888888,357895.0,0,0,0,0,0,0
3606.0,Thu Nov 14 01:44:50 2024,Thu Nov 14 01:17:02 2024,0.0192060763888888,369846.0,0,0,0,0,0,0
3607.0,Thu Nov 14 02:12:44 2024,Thu Nov 14 01:44:56 2024,0.0192060763888888,369877.0,0,0,0,0,0,0
3608.0,Thu Nov 14 02:40:38 2024,Thu Nov 14 02:12:50 2024,0.0192060763888888,369859.0,0,0,0,0,0,0
3609.0,Thu Nov 14 03:08:33 2024,Thu Nov 14 02:40:44 2024,0.0192060763888888,357997.0,0,0,0,0,0,0
3610.0,Thu Nov 14 03:36:27 2024,Thu Nov 14 03:08:39 2024,0.0192060763888888,357969.0,0,0,0,0,0,0
3611.0,Thu Nov 14 04:04:22 2024,Thu Nov 14 03:36:33 2024,0.0192060763888888,356557.0,0,0,0,0,0,0
3612.0,Thu Nov 14 04:32:16 2024,Thu Nov 14 04:04:28 2024,0.0192060763888888,369482.0,0,0,0,0,0,0
3613.0,Thu Nov 14 05:00:10 2024,Thu Nov 14 04:32:22 2024,0.0192060763888888,338434.0,0,0,0,0,0,0
3614.0,Thu Nov 14 05:28:05 2024,Thu Nov 14 05:00:17 2024,0.0192060763888888,363187.0,0,0,0,0,0,0
3615.0,Thu Nov 14 05:55:59 2024,Thu Nov 14 05:28:11 2024,0.0192060763888888,363202.0,0,0,0,0,0,0
3616.0,Thu Nov 14 06:23:53 2024,Thu Nov 14 05:56:05 2024,0.0192060763888888,369153.0,0,0,0,0,0,0
3617.0,Thu Nov 14 06:51:48 2024,Thu Nov 14 06:24:00 2024,0.0192060763888888,363355.0,0,0,0,0,0,0
3618.0,Thu Nov 14 07:19:42 2024,Thu Nov 14 06:51:54 2024,0.0192060763888888,364633.0,0,0,0,0,0,0
3619.0,Thu Nov 14 07:47:37 2024,Thu Nov 14 07:19:49 2024,0.0192060763888888,363830.0,0,0,0,0,0,0
3620.0,Thu Nov 14 08:15:31 2024,Thu Nov 14 07:47:43 2024,0.0192060763888888,339450.0,0,0,0,0,0,0
3621.0,Thu Nov 14 08:43:26 2024,Thu Nov 14 08:15:37 2024,0.0192060763888888,369586.0,0,0,0,0,0,0
3622.0,Thu Nov 14 09:11:20 2024,Thu Nov 14 08:43:32 2024,0.0192060763888888,363275.0,0,0,0,0,0,0
3623.0,Thu Nov 14 09:39:15 2024,Thu Nov 14 09:11:26 2024,0.0192060763888888,350308.0,0,0,0,0,0,0
3624.0,Thu Nov 14 10:07:09 2024,Thu Nov 14 09:39:21 2024,0.0192060763888888,355804.0,0,0,0,0,0,0
3625.0,Thu Nov 14 10:35:03 2024,Thu Nov 14 10:07:15 2024,0.0192060763888888,362313.0,0,0,0,0,0,0
3626.0,Thu Nov 14 11:02:58 2024,Thu Nov 14 10:35:09 2024,0.0192060763888888,368522.0,0,0,0,0,0,0
3627.0,Thu Nov 14 11:30:52 2024,Thu Nov 14 11:03:04 2024,0.0192060763888888,350755.0,0,0,0,0,0,0
3628.0,Thu Nov 14 11:58:47 2024,Thu Nov 14 11:30:58 2024,0.0192060763888888,355242.0,0,0,0,0,0,0
3629.0,Thu Nov 14 12:26:41 2024,Thu Nov 14 11:58:53 2024,0.0192060763888888,369321.0,0,0,0,0,0,0
3630.0,Thu Nov 14 12:54:35 2024,Thu Nov 14 12:26:47 2024,0.0192060763888888,369816.0,0,0,0,0,0,0
3631.0,Thu Nov 14 13:22:30 2024,Thu Nov 14 12:54:41 2024,0.0192060763888888,369906.0,0,0,0,0,0,0
3632.0,Thu Nov 14 13:50:24 2024,Thu Nov 14 13:22:36 2024,0.0192060763888888,363980.0,0,0,0,0,0,0
3633.0,Thu Nov 14 14:18:19 2024,Thu Nov 14 13:50:30 2024,0.0192060763888888,369901.0,0,0,0,0,0,0
3634.0,Thu Nov 14 14:46:13 2024,Thu Nov 14 14:18:25 2024,0.0192060763888888,364124.0,0,0,0,0,0,0
3635.0,Thu Nov 14 15:14:07 2024,Thu Nov 14 14:46:19 2024,0.0192060763888888,370196.0,0,0,0,0,0,0
3636.0,Thu Nov 14 15:42:02 2024,Thu Nov 14 15:14:14 2024,0.0192060763888888,370172.0,0,0,0,0,0,0
3637.0,Thu Nov 14 16:09:56 2024,Thu Nov 14 15:42:08 2024,0.0192060763888888,370176.0,0,0,0,0,0,0
3638.0,Thu Nov 14 16:37:51 2024,Thu Nov 14 16:10:02 2024,0.0192060763888888,364204.0,0,0,0,0,0,0
3639.0,Thu Nov 14 17:05:45 2024,Thu Nov 14 16:37:57 2024,0.0192060763888888,370180.0,0,0,0,0,0,0
3640.0,Thu Nov 14 17:33:39 2024,Thu Nov 14 17:05:51 2024,0.0192060763888888,364189.0,0,0,0,0,0,0
3641.0,Thu Nov 14 18:01:34 2024,Thu Nov 14 17:33:46 2024,0.0192060763888888,364237.0,0,0,0,0,0,0
3642.0,Thu Nov 14 18:29:28 2024,Thu Nov 14 18:01:40 2024,0.0192060763888888,364215.0,0,0,0,0,0,0
3643.0,Thu Nov 14 18:57:23 2024,Thu Nov 14 18:29:34 2024,0.0192060763888888,357190.0,0,0,0,0,0,0
3644.0,Thu Nov 14 19:25:17 2024,Thu Nov 14 18:57:29 2024,0.0192060763888888,364125.0,0,0,0,0,0,0
3645.0,Thu Nov 14 19:53:12 2024,Thu Nov 14 19:25:24 2024,0.0192060763888888,370080.0,0,0,0,0,0,0
3646.0,Thu Nov 14 20:21:06 2024,Thu Nov 14 19:53:18 2024,0.0192060763888888,363244.0,0,0,0,0,0,0
3647.0,Thu Nov 14 20:49:01 2024,Thu Nov 14 20:21:12 2024,0.0192060763888888,364730.0,0,0,0,0,0,0
3648.0,Thu Nov 14 21:16:55 2024,Thu Nov 14 20:49:07 2024,0.0192060763888888,358003.0,0,0,0,0,0,0
3649.0,Thu Nov 14 21:44:50 2024,Thu Nov 14 21:17:02 2024,0.0192060763888888,358035.0,0,0,0,0,0,0
3650.0,Thu Nov 14 22:12:44 2024,Thu Nov 14 21:44:56 2024,0.0192060763888888,358622.0,0,0,0,0,0,0
3651.0,Thu Nov 14 22:40:39 2024,Thu Nov 14 22:12:50 2024,0.0192060763888888,363995.0,0,0,0,0,0,0
3652.0,Thu Nov 14 23:08:33 2024,Thu Nov 14 22:40:45 2024,0.0192060763888888,350276.0,0,0,0,0,0,0
3653.0,Thu Nov 14 23:36:27 2024,Thu Nov 14 23:08:39 2024,0.0192060763888888,369461.0,0,0,0,0,0,0
3654.0,Fri Nov 15 00:04:21 2024,Thu Nov 14 23:36:33 2024,0.0192060763888888,369484.0,0,0,0,0,0,0
3655.0,Fri Nov 15 00:32:16 2024,Fri Nov 15 00:04:27 2024,0.0192060763888888,362693.0,0,0,0,0,0,0
3656.0,Fri Nov 15 01:00:10 2024,Fri Nov 15 00:32:22 2024,0.0192060763888888,357039.0,0,0,0,0,0,0
3657.0,Fri Nov 15 01:28:05 2024,Fri Nov 15 01:00:17 2024,0.0192060763888888,357285.0,0,0,0,0,0,0
3658.0,Fri Nov 15 01:55:59 2024,Fri Nov 15 01:28:11 2024,0.0192060763888888,458760.0,1,0,0,0,0,0
3659.0,Fri Nov 15 02:23:54 2024,Fri Nov 15 01:56:05 2024,0.0192060763888888,442070.0,0,0,0,0,0,0
3660.0,Fri Nov 15 02:51:48 2024,Fri Nov 15 02:24:00 2024,0.0192060763888888,465234.0,0,0,0,0,0,0
3661.0,Fri Nov 15 03:19:43 2024,Fri Nov 15 02:51:54 2024,0.0192060763888888,453371.0,0,0,0,0,0,0
3662.0,Fri Nov 15 03:47:37 2024,Fri Nov 15 03:19:49 2024,0.0192060763888888,465437.0,0,0,0,0,0,0
3663.0,Fri Nov 15 04:15:31 2024,Fri Nov 15 03:47:43 2024,0.0192060763888888,465787.0,0,0,0,0,0,0
3664.0,Fri Nov 15 04:43:26 2024,Fri Nov 15 04:15:37 2024,0.0192060763888888,453438.0,0,0,0,0,0,0
3665.0,Fri Nov 15 05:11:20 2024,Fri Nov 15 04:43:32 2024,0.0192060763888888,459891.0,0,0,0,0,0,0
3666.0,Fri Nov 15 05:39:14 2024,Fri Nov 15 05:11:26 2024,0.0192060763888888,465882.0,0,0,0,0,0,0
3667.0,Fri Nov 15 06:07:08 2024,Fri Nov 15 05:39:20 2024,0.0192060763888888,459870.0,1,0,0,0,0,0
3668.0,Fri Nov 15 06:35:03 2024,Fri Nov 15 06:07:14 2024,0.0192060763888888,447429.0,0,0,0,0,0,0
3669.0,Fri Nov 15 07:02:57 2024,Fri Nov 15 06:35:09 2024,0.0192060763888888,465742.0,0,0,0,0,0,0
3670.0,Fri Nov 15 07:30:51 2024,Fri Nov 15 07:03:03 2024,0.0192060763888888,465752.0,0,0,0,0,0,0
3671.0,Fri Nov 15 07:58:46 2024,Fri Nov 15 07:30:57 2024,0.0192060763888888,459907.0,0,0,0,0,0,0
3672.0,Fri Nov 15 08:26:40 2024,Fri Nov 15 07:58:52 2024,0.0192060763888888,465907.0,0,0,0,0,0,0
3673.0,Fri Nov 15 08:54:35 2024,Fri Nov 15 08:26:46 2024,0.0192060763888888,465905.0,0,0,0,0,0,0
3674.0,Fri Nov 15 09:22:29 2024,Fri Nov 15 08:54:41 2024,0.0192060763888888,465918.0,0,0,0,0,0,0
3675.0,Fri Nov 15 09:50:23 2024,Fri Nov 15 09:22:35 2024,0.0192060763888888,453290.0,0,0,0,0,0,0
3676.0,Fri Nov 15 10:18:18 2024,Fri Nov 15 09:50:29 2024,0.0192060763888888,453939.0,0,0,0,0,0,0
3677.0,Fri Nov 15 10:46:12 2024,Fri Nov 15 10:18:24 2024,0.0192060763888888,465943.0,0,0,0,0,0,0
3678.0,Fri Nov 15 11:14:07 2024,Fri Nov 15 10:46:18 2024,0.0192060763888888,444962.0,0,0,0,0,0,0
3679.0,Fri Nov 15 11:42:01 2024,Fri Nov 15 11:14:13 2024,0.0192060763888888,447435.0,0,0,0,0,0,0
3680.0,Fri Nov 15 12:09:56 2024,Fri Nov 15 11:42:07 2024,0.0192060763888888,465273.0,0,0,0,0,0,0
3681.0,Fri Nov 15 12:37:50 2024,Fri Nov 15 12:10:02 2024,0.0192060763888888,459322.0,0,0,0,0,0,0
3682.0,Fri Nov 15 13:05:44 2024,Fri Nov 15 12:37:56 2024,0.0192060763888888,465403.0,0,0,0,0,0,0
3683.0,Fri Nov 15 13:33:39 2024,Fri Nov 15 13:05:51 2024,0.0192060763888888,453601.0,0,0,0,0,0,0
3684.0,Fri Nov 15 14:01:33 2024,Fri Nov 15 13:33:45 2024,0.0192060763888888,451474.0,0,0,0,0,0,0
3685.0,Fri Nov 15 14:29:28 2024,Fri Nov 15 14:01:39 2024,0.0192060763888888,465239.0,0,0,0,0,0,0
3686.0,Fri Nov 15 14:57:22 2024,Fri Nov 15 14:29:34 2024,0.0192060763888888,445340.0,0,0,0,0,0,0
3687.0,Fri Nov 15 15:25:16 2024,Fri Nov 15 14:57:28 2024,0.0192060763888888,446316.0,0,0,0,0,0,0
3688.0,Fri Nov 15 15:53:11 2024,Fri Nov 15 15:25:22 2024,0.0192060763888888,456969.0,0,0,0,0,0,0
3689.0,Fri Nov 15 16:21:05 2024,Fri Nov 15 15:53:17 2024,0.0192060763888888,457390.0,0,0,0,0,0,0
3690.0,Fri Nov 15 16:48:59 2024,Fri Nov 15 16:21:11 2024,0.0192060763888888,450598.0,0,0,0,0,0,0
3691.0,Fri Nov 15 17:16:54 2024,Fri Nov 15 16:49:05 2024,0.0192060763888888,463905.0,0,0,0,0,0,0
3692.0,Fri Nov 15 17:44:48 2024,Fri Nov 15 17:17:00 2024,0.0192060763888888,458228.0,0,0,0,0,0,0
3693.0,Fri Nov 15 18:12:43 2024,Fri Nov 15 17:44:55 2024,0.0192060763888888,464552.0,0,0,0,0,0,0
3694.0,Fri Nov 15 18:40:37 2024,Fri Nov 15 18:12:49 2024,0.0192060763888888,458124.0,1,0,0,0,0,0
3695.0,Fri Nov 15 19:08:31 2024,Fri Nov 15 18:40:43 2024,0.0192060763888888,464583.0,0,0,0,0,0,0
3696.0,Fri Nov 15 19:36:26 2024,Fri Nov 15 19:08:38 2024,0.0192060763888888,464896.0,0,0,0,0,0,0
3697.0,Fri Nov 15 20:04:20 2024,Fri Nov 15 19:36:32 2024,0.0192060763888888,459175.0,0,0,0,0,0,0
3698.0,Fri Nov 15 20:32:15 2024,Fri Nov 15 20:04:26 2024,0.0192060763888888,465179.0,0,0,0,0,0,0
3699.0,Fri Nov 15 21:00:09 2024,Fri Nov 15 20:32:21 2024,0.0192060763888888,458871.0,0,0,0,0,0,0
3700.0,Fri Nov 15 21:28:03 2024,Fri Nov 15 21:00:15 2024,0.0192060763888888,452588.0,0,0,0,0,0,0
3701.0,Fri Nov 15 21:55:58 2024,Fri Nov 15 21:28:10 2024,0.0192060763888888,416362.0,0,0,0,0,0,0
3702.0,Fri Nov 15 22:23:52 2024,Fri Nov 15 21:56:04 2024,0.0192060763888888,445301.0,0,0,0,0,0,0
3703.0,Fri Nov 15 22:51:47 2024,Fri Nov 15 22:23:58 2024,0.0192060763888888,459142.0,0,0,0,0,0,0
3704.0,Fri Nov 15 23:19:41 2024,Fri Nov 15 22:51:53 2024,0.0192060763888888,445515.0,0,0,0,0,0,0
3705.0,Fri Nov 15 23:47:36 2024,Fri Nov 15 23:19:47 2024,0.0192060763888888,458615.0,0,0,0,0,0,0
3706.0,Sat Nov 16 00:15:30 2024,Fri Nov 15 23:47:42 2024,0.0192060763888888,464786.0,0,0,0,0,0,0
3707.0,Sat Nov 16 00:43:24 2024,Sat Nov 16 00:15:36 2024,0.0192060763888888,464903.0,0,0,0,0,0,0
3708.0,Sat Nov 16 01:11:19 2024,Sat Nov 16 00:43:31 2024,0.0192060763888888,422264.0,0,0,0,0,0,0
3709.0,Sat Nov 16 01:39:13 2024,Sat Nov 16 01:11:25 2024,0.0192060763888888,464216.0,0,0,0,0,0,0
3710.0,Sat Nov 16 02:07:07 2024,Sat Nov 16 01:39:19 2024,0.0192060763888888,458377.0,0,0,0,0,0,0
3711.0,Sat Nov 16 02:35:02 2024,Sat Nov 16 02:07:14 2024,0.0192060763888888,464741.0,0,0,0,0,0,0
3712.0,Sat Nov 16 03:02:56 2024,Sat Nov 16 02:35:08 2024,0.0192060763888888,446550.0,0,0,0,0,0,0
3713.0,Sat Nov 16 03:30:51 2024,Sat Nov 16 03:03:03 2024,0.0192060763888888,464478.0,0,0,0,0,0,0
3714.0,Sat Nov 16 03:58:45 2024,Sat Nov 16 03:30:57 2024,0.0192060763888888,465104.0,0,0,0,0,0,0
3715.0,Sat Nov 16 04:26:40 2024,Sat Nov 16 03:58:51 2024,0.0192060763888888,459822.0,0,0,0,0,0,0
3716.0,Sat Nov 16 04:54:34 2024,Sat Nov 16 04:26:46 2024,0.0192060763888888,459309.0,0,0,0,0,0,0
3717.0,Sat Nov 16 05:22:28 2024,Sat Nov 16 04:54:40 2024,0.0192060763888888,465687.0,0,0,0,0,0,0
3718.0,Sat Nov 16 05:50:23 2024,Sat Nov 16 05:22:35 2024,0.0192060763888888,436176.0,0,0,0,0,0,0
3719.0,Sat Nov 16 06:18:17 2024,Sat Nov 16 05:50:29 2024,0.0192060763888888,465849.0,0,0,0,0,0,0
3720.0,Sat Nov 16 06:46:12 2024,Sat Nov 16 06:18:24 2024,0.0192060763888888,458844.0,0,0,0,0,0,0
3721.0,Sat Nov 16 07:14:06 2024,Sat Nov 16 06:46:18 2024,0.0192060763888888,465697.0,0,0,0,0,0,0
3722.0,Sat Nov 16 07:42:00 2024,Sat Nov 16 07:14:12 2024,0.0192060763888888,465710.0,0,0,0,0,0,0
3723.0,Sat Nov 16 08:09:55 2024,Sat Nov 16 07:42:07 2024,0.0192060763888888,465845.0,0,0,0,0,0,0
3724.0,Sat Nov 16 08:37:49 2024,Sat Nov 16 08:10:01 2024,0.0192060763888888,446908.0,0,0,0,0,0,0
3725.0,Sat Nov 16 09:05:44 2024,Sat Nov 16 08:37:55 2024,0.0192060763888888,459923.0,0,0,0,0,0,0
3726.0,Sat Nov 16 09:33:38 2024,Sat Nov 16 09:05:50 2024,0.0192060763888888,453703.0,0,0,0,0,0,0
3727.0,Sat Nov 16 10:01:33 2024,Sat Nov 16 09:33:45 2024,0.0192060763888888,465194.0,0,0,0,0,0,0
3728.0,Sat Nov 16 10:29:27 2024,Sat Nov 16 10:01:39 2024,0.0192060763888888,459885.0,0,0,0,0,0,0
3729.0,Sat Nov 16 10:57:22 2024,Sat Nov 16 10:29:33 2024,0.0192060763888888,459887.0,0,0,0,0,0,0
3730.0,Sat Nov 16 11:25:16 2024,Sat Nov 16 10:57:28 2024,0.0192060763888888,465825.0,0,0,0,0,0,0
3731.0,Sat Nov 16 11:53:11 2024,Sat Nov 16 11:25:22 2024,0.0192060763888888,453967.0,0,0,0,0,0,0
3732.0,Sat Nov 16 12:21:05 2024,Sat Nov 16 11:53:17 2024,0.0192060763888888,446584.0,0,0,0,0,0,0
3733.0,Sat Nov 16 12:48:59 2024,Sat Nov 16 12:21:11 2024,0.0192060763888888,446981.0,0,0,0,0,0,0
3734.0,Sat Nov 16 13:16:54 2024,Sat Nov 16 12:49:06 2024,0.0192060763888888,459544.0,0,0,0,0,0,0
3735.0,Sat Nov 16 13:44:48 2024,Sat Nov 16 13:17:00 2024,0.0192060763888888,447041.0,0,0,0,0,0,0
3736.0,Sat Nov 16 14:12:43 2024,Sat Nov 16 13:44:55 2024,0.0192060763888888,452785.0,0,0,0,0,0,0
3737.0,Sat Nov 16 14:40:37 2024,Sat Nov 16 14:12:49 2024,0.0192060763888888,458912.0,0,0,0,0,0,0
3738.0,Sat Nov 16 15:08:32 2024,Sat Nov 16 14:40:43 2024,0.0192060763888888,464889.0,0,0,0,0,0,0
3739.0,Sat Nov 16 15:36:26 2024,Sat Nov 16 15:08:38 2024,0.0192060763888888,459111.0,0,0,0,0,0,0
3740.0,Sat Nov 16 16:04:21 2024,Sat Nov 16 15:36:32 2024,0.0192060763888888,447323.0,1,0,0,0,0,0
3741.0,Sat Nov 16 16:32:15 2024,Sat Nov 16 16:04:27 2024,0.0192060763888888,458287.0,0,0,0,0,0,0
3742.0,Sat Nov 16 17:00:09 2024,Sat Nov 16 16:32:21 2024,0.0192060763888888,453508.0,0,0,0,0,0,0
3743.0,Sat Nov 16 17:28:04 2024,Sat Nov 16 17:00:16 2024,0.0192060763888888,453819.0,0,0,0,0,0,0
3744.0,Sat Nov 16 17:55:58 2024,Sat Nov 16 17:28:10 2024,0.0192060763888888,465863.0,0,0,0,0,0,0
3745.0,Sat Nov 16 18:23:53 2024,Sat Nov 16 17:56:04 2024,0.0192060763888888,453350.0,0,0,0,0,0,0
3746.0,Sat Nov 16 18:51:47 2024,Sat Nov 16 18:23:59 2024,0.0192060763888888,465498.0,0,0,0,0,0,0
3747.0,Sat Nov 16 19:19:42 2024,Sat Nov 16 18:51:53 2024,0.0192060763888888,453362.0,1,0,0,0,0,0
3748.0,Sat Nov 16 19:47:36 2024,Sat Nov 16 19:19:48 2024,0.0192060763888888,459800.0,0,0,0,0,0,0
3749.0,Sat Nov 16 20:15:31 2024,Sat Nov 16 19:47:42 2024,0.0192060763888888,465779.0,0,0,0,0,0,0
3750.0,Sat Nov 16 20:43:25 2024,Sat Nov 16 20:15:37 2024,0.0192060763888888,446725.0,0,0,0,0,0,0
3751.0,Sat Nov 16 21:11:19 2024,Sat Nov 16 20:43:31 2024,0.0192060763888888,465334.0,0,0,0,0,0,0
3752.0,Sat Nov 16 21:39:14 2024,Sat Nov 16 21:11:25 2024,0.0192060763888888,452560.0,0,0,0,0,0,0
3753.0,Sat Nov 16 22:07:08 2024,Sat Nov 16 21:39:20 2024,0.0192060763888888,453304.0,0,0,0,0,0,0
3754.0,Sat Nov 16 22:35:02 2024,Sat Nov 16 22:07:14 2024,0.0192060763888888,459410.0,0,0,0,0,0,0
3755.0,Sat Nov 16 23:02:57 2024,Sat Nov 16 22:35:08 2024,0.0192060763888888,459353.0,0,0,0,0,0,0
3756.0,Sat Nov 16 23:30:51 2024,Sat Nov 16 23:03:03 2024,0.0192060763888888,454398.0,0,0,0,0,0,0
3757.0,Sat Nov 16 23:58:46 2024,Sat Nov 16 23:30:57 2024,0.0192060763888888,453003.0,0,0,0,0,0,0
3758.0,Sun Nov 17 00:26:40 2024,Sat Nov 16 23:58:52 2024,0.0192060763888888,465550.0,0,0,0,0,0,0
3759.0,Sun Nov 17 00:54:34 2024,Sun Nov 17 00:26:46 2024,0.0192060763888888,453745.0,0,0,0,0,0,0
3760.0,Sun Nov 17 01:22:29 2024,Sun Nov 17 00:54:40 2024,0.0192060763888888,465638.0,0,0,0,0,0,0
3761.0,Sun Nov 17 01:50:23 2024,Sun Nov 17 01:22:35 2024,0.0192060763888888,465675.0,0,0,0,0,0,0
3762.0,Sun Nov 17 02:18:17 2024,Sun Nov 17 01:50:29 2024,0.0192060763888888,465684.0,0,0,0,0,0,0
3763.0,Sun Nov 17 02:46:12 2024,Sun Nov 17 02:18:23 2024,0.0192060763888888,453125.0,0,0,0,0,0,0
3764.0,Sun Nov 17 03:14:06 2024,Sun Nov 17 02:46:18 2024,0.0192060763888888,448118.0,0,0,0,0,0,0
3765.0,Sun Nov 17 03:42:00 2024,Sun Nov 17 03:14:12 2024,0.0192060763888888,453521.0,0,0,0,0,0,0
3766.0,Sun Nov 17 04:09:55 2024,Sun Nov 17 03:42:06 2024,0.0192060763888888,448081.0,0,0,0,0,0,0
3767.0,Sun Nov 17 04:37:49 2024,Sun Nov 17 04:10:01 2024,0.0192060763888888,458706.0,0,0,0,0,0,0
3768.0,Sun Nov 17 05:05:44 2024,Sun Nov 17 04:37:55 2024,0.0192060763888888,465391.0,0,0,0,0,0,0
3769.0,Sun Nov 17 05:33:38 2024,Sun Nov 17 05:05:50 2024,0.0192060763888888,439895.0,0,0,0,0,0,0
3770.0,Sun Nov 17 06:01:33 2024,Sun Nov 17 05:33:44 2024,0.0192060763888888,465269.0,0,0,0,0,0,0
3771.0,Sun Nov 17 06:29:27 2024,Sun Nov 17 06:01:39 2024,0.0192060763888888,453304.0,0,0,0,0,0,0
3772.0,Sun Nov 17 06:57:21 2024,Sun Nov 17 06:29:33 2024,0.0192060763888888,459035.0,0,0,0,0,0,0
3773.0,Sun Nov 17 07:25:16 2024,Sun Nov 17 06:57:28 2024,0.0192060763888888,459245.0,0,0,0,0,0,0
3774.0,Sun Nov 17 07:53:10 2024,Sun Nov 17 07:25:22 2024,0.0192060763888888,460068.0,0,0,0,0,0,0
3775.0,Sun Nov 17 08:21:04 2024,Sun Nov 17 07:53:16 2024,0.0192060763888888,458587.0,0,0,0,0,0,0
3776.0,Sun Nov 17 08:48:59 2024,Sun Nov 17 08:21:11 2024,0.0192060763888888,465504.0,0,0,0,0,0,0
3777.0,Sun Nov 17 09:16:53 2024,Sun Nov 17 08:49:05 2024,0.0192060763888888,440003.0,0,0,0,0,0,0
3778.0,Sun Nov 17 09:44:48 2024,Sun Nov 17 09:16:59 2024,0.0192060763888888,464765.0,0,0,0,0,0,0
3779.0,Sun Nov 17 10:12:42 2024,Sun Nov 17 09:44:54 2024,0.0192060763888888,453479.0,0,0,0,0,0,0
3780.0,Sun Nov 17 10:40:37 2024,Sun Nov 17 10:12:48 2024,0.0192060763888888,463482.0,0,0,0,0,0,0
3781.0,Sun Nov 17 11:08:31 2024,Sun Nov 17 10:40:43 2024,0.0192060763888888,457921.0,0,0,0,0,0,0
3782.0,Sun Nov 17 11:36:26 2024,Sun Nov 17 11:08:37 2024,0.0192060763888888,452191.0,0,0,0,0,0,0
3783.0,Sun Nov 17 12:04:20 2024,Sun Nov 17 11:36:32 2024,0.0192060763888888,464781.0,0,0,0,0,0,0
3784.0,Sun Nov 17 12:32:15 2024,Sun Nov 17 12:04:26 2024,0.0192060763888888,465442.0,0,0,0,0,0,0
3785.0,Sun Nov 17 13:00:09 2024,Sun Nov 17 12:32:21 2024,0.0192060763888888,459713.0,0,0,0,0,0,0
3786.0,Sun Nov 17 13:28:03 2024,Sun Nov 17 13:00:15 2024,0.0192060763888888,465836.0,0,0,0,0,0,0
3787.0,Sun Nov 17 13:55:58 2024,Sun Nov 17 13:28:09 2024,0.0192060763888888,454661.0,0,0,0,0,0,0
3788.0,Sun Nov 17 14:23:52 2024,Sun Nov 17 13:56:04 2024,0.0192060763888888,460069.0,0,0,0,0,0,0
3789.0,Sun Nov 17 14:51:46 2024,Sun Nov 17 14:23:58 2024,0.0192060763888888,447201.0,1,0,0,0,0,0
3790.0,Sun Nov 17 15:19:41 2024,Sun Nov 17 14:51:52 2024,0.0192060763888888,465111.0,0,0,0,0,0,0
3791.0,Sun Nov 17 15:47:35 2024,Sun Nov 17 15:19:47 2024,0.0192060763888888,465057.0,0,0,0,0,0,0
3792.0,Sun Nov 17 16:15:30 2024,Sun Nov 17 15:47:42 2024,0.0192060763888888,452678.0,0,0,0,0,0,0
3793.0,Sun Nov 17 16:43:24 2024,Sun Nov 17 16:15:36 2024,0.0192060763888888,458812.0,0,0,0,0,0,0
3794.0,Sun Nov 17 17:11:19 2024,Sun Nov 17 16:43:30 2024,0.0192060763888888,465045.0,0,0,0,0,0,0
3795.0,Sun Nov 17 17:39:13 2024,Sun Nov 17 17:11:25 2024,0.0192060763888888,465272.0,0,0,0,0,0,0
3796.0,Sun Nov 17 18:07:07 2024,Sun Nov 17 17:39:19 2024,0.0192060763888888,465932.0,0,0,0,0,0,0
3797.0,Sun Nov 17 18:35:02 2024,Sun Nov 17 18:07:14 2024,0.0192060763888888,452390.0,0,0,0,0,0,0
3798.0,Sun Nov 17 19:02:56 2024,Sun Nov 17 18:35:08 2024,0.0192060763888888,465297.0,0,0,0,0,0,0
3799.0,Sun Nov 17 19:30:51 2024,Sun Nov 17 19:03:03 2024,0.0192060763888888,447488.0,0,0,0,0,0,0
3800.0,Sun Nov 17 19:58:45 2024,Sun Nov 17 19:30:57 2024,0.0192060763888888,453495.0,0,0,0,0,0,0
3801.0,Sun Nov 17 20:26:40 2024,Sun Nov 17 19:58:51 2024,0.0192060763888888,465435.0,0,0,0,0,0,0
3802.0,Sun Nov 17 20:54:34 2024,Sun Nov 17 20:26:46 2024,0.0192060763888888,452868.0,0,0,0,0,0,0
3803.0,Sun Nov 17 21:22:28 2024,Sun Nov 17 20:54:40 2024,0.0192060763888888,458785.0,0,0,0,0,0,0
3804.0,Sun Nov 17 21:50:22 2024,Sun Nov 17 21:22:34 2024,0.0192060763888888,453985.0,0,0,0,0,0,0
3805.0,Sun Nov 17 22:18:17 2024,Sun Nov 17 21:50:29 2024,0.0192060763888888,465844.0,0,0,0,0,0,0
3806.0,Sun Nov 17 22:46:11 2024,Sun Nov 17 22:18:23 2024,0.0192060763888888,459941.0,0,0,0,0,0,0
3807.0,Sun Nov 17 23:14:05 2024,Sun Nov 17 22:46:17 2024,0.0192060763888888,453411.0,0,0,0,0,0,0
3808.0,Sun Nov 17 23:42:00 2024,Sun Nov 17 23:14:12 2024,0.0192060763888888,441792.0,0,0,0,0,0,0
3809.0,Mon Nov 18 00:09:54 2024,Sun Nov 17 23:42:06 2024,0.0192060763888888,457427.0,0,0,0,0,0,0
3810.0,Mon Nov 18 00:37:48 2024,Mon Nov 18 00:10:00 2024,0.0192060763888888,464240.0,0,0,0,0,0,0
3811.0,Mon Nov 18 01:05:43 2024,Mon Nov 18 00:37:54 2024,0.0192060763888888,464267.0,0,0,0,0,0,0
3812.0,Mon Nov 18 01:33:37 2024,Mon Nov 18 01:05:49 2024,0.0192060763888888,464242.0,0,0,0,0,0,0
3813.0,Mon Nov 18 02:01:31 2024,Mon Nov 18 01:33:43 2024,0.0192060763888888,443946.0,0,0,0,0,0,0
3814.0,Mon Nov 18 02:29:26 2024,Mon Nov 18 02:01:37 2024,0.0192060763888888,451447.0,1,0,0,0,0,0
3815.0,Mon Nov 18 02:57:20 2024,Mon Nov 18 02:29:32 2024,0.0192060763888888,464616.0,0,0,0,0,0,0
3816.0,Mon Nov 18 03:25:14 2024,Mon Nov 18 02:57:26 2024,0.0192060763888888,465087.0,0,0,0,0,0,0
3817.0,Mon Nov 18 03:53:09 2024,Mon Nov 18 03:25:21 2024,0.0192060763888888,452691.0,0,0,0,0,0,0
3818.0,Mon Nov 18 04:21:03 2024,Mon Nov 18 03:53:15 2024,0.0192060763888888,458246.0,0,0,0,0,0,0
3819.0,Mon Nov 18 04:48:58 2024,Mon Nov 18 04:21:10 2024,0.0192060763888888,452355.0,0,0,0,0,0,0
3820.0,Mon Nov 18 05:16:52 2024,Mon Nov 18 04:49:04 2024,0.0192060763888888,459722.0,0,0,0,0,0,0
3821.0,Mon Nov 18 05:44:47 2024,Mon Nov 18 05:16:58 2024,0.0192060763888888,458824.0,0,0,0,0,0,0
3822.0,Mon Nov 18 06:12:41 2024,Mon Nov 18 05:44:53 2024,0.0192060763888888,465385.0,0,0,0,0,0,0
3823.0,Mon Nov 18 06:40:36 2024,Mon Nov 18 06:12:47 2024,0.0192060763888888,453422.0,0,0,0,0,0,0
3824.0,Mon Nov 18 07:08:30 2024,Mon Nov 18 06:40:42 2024,0.0192060763888888,459460.0,0,0,0,0,0,0
3825.0,Mon Nov 18 07:36:24 2024,Mon Nov 18 07:08:36 2024,0.0192060763888888,465653.0,0,0,0,0,0,0
3826.0,Mon Nov 18 08:04:19 2024,Mon Nov 18 07:36:30 2024,0.0192060763888888,459789.0,0,0,0,0,0,0
3827.0,Mon Nov 18 08:32:13 2024,Mon Nov 18 08:04:25 2024,0.0192060763888888,465971.0,0,0,0,0,0,0
3828.0,Mon Nov 18 09:00:07 2024,Mon Nov 18 08:32:19 2024,0.0192060763888888,466069.0,0,0,0,0,0,0
3829.0,Mon Nov 18 09:28:02 2024,Mon Nov 18 09:00:14 2024,0.0192060763888888,453911.0,0,0,0,0,0,0
3830.0,Mon Nov 18 09:55:56 2024,Mon Nov 18 09:28:08 2024,0.0192060763888888,465850.0,0,0,0,0,0,0
3831.0,Mon Nov 18 10:23:51 2024,Mon Nov 18 09:56:02 2024,0.0192060763888888,465872.0,0,0,0,0,0,0
3832.0,Mon Nov 18 10:51:45 2024,Mon Nov 18 10:23:57 2024,0.0192060763888888,465868.0,0,0,0,0,0,0
3833.0,Mon Nov 18 11:19:39 2024,Mon Nov 18 10:51:51 2024,0.0192060763888888,465857.0,0,0,0,0,0,0
3834.0,Mon Nov 18 11:47:34 2024,Mon Nov 18 11:19:46 2024,0.0192060763888888,465849.0,0,0,0,0,0,0
3835.0,Mon Nov 18 12:15:28 2024,Mon Nov 18 11:47:40 2024,0.0192060763888888,451410.0,0,0,0,0,0,0
3836.0,Mon Nov 18 12:43:22 2024,Mon Nov 18 12:15:34 2024,0.0192060763888888,458942.0,0,0,0,0,0,0
3837.0,Mon Nov 18 13:11:17 2024,Mon Nov 18 12:43:28 2024,0.0192060763888888,458894.0,0,0,0,0,0,0
3838.0,Mon Nov 18 13:39:11 2024,Mon Nov 18 13:11:23 2024,0.0192060763888888,464770.0,0,0,0,0,0,0
3839.0,Mon Nov 18 14:07:06 2024,Mon Nov 18 13:39:17 2024,0.0192060763888888,452431.0,0,0,0,0,0,0
3840.0,Mon Nov 18 14:35:00 2024,Mon Nov 18 14:07:12 2024,0.0192060763888888,464821.0,0,0,0,0,0,0
3841.0,Mon Nov 18 15:02:54 2024,Mon Nov 18 14:35:06 2024,0.0192060763888888,438938.0,0,0,0,0,0,0
3842.0,Mon Nov 18 15:30:49 2024,Mon Nov 18 15:03:01 2024,0.0192060763888888,465171.0,0,0,0,0,0,0
3843.0,Mon Nov 18 15:58:43 2024,Mon Nov 18 15:30:55 2024,0.0192060763888888,465415.0,0,0,0,0,0,0
3844.0,Mon Nov 18 16:26:38 2024,Mon Nov 18 15:58:49 2024,0.0192060763888888,465412.0,0,0,0,0,0,0
3845.0,Mon Nov 18 16:54:32 2024,Mon Nov 18 16:26:44 2024,0.0192060763888888,452716.0,0,0,0,0,0,0
3846.0,Mon Nov 18 17:22:26 2024,Mon Nov 18 16:54:38 2024,0.0192060763888888,465299.0,0,0,0,0,0,0
3847.0,Mon Nov 18 17:50:21 2024,Mon Nov 18 17:22:33 2024,0.0192060763888888,458589.0,0,0,0,0,0,0
3848.0,Mon Nov 18 18:18:16 2024,Mon Nov 18 17:50:27 2024,0.0192060763888888,459499.0,0,0,0,0,0,0
3849.0,Mon Nov 18 18:46:10 2024,Mon Nov 18 18:18:22 2024,0.0192060763888888,439772.0,0,0,0,0,0,0
3850.0,Mon Nov 18 19:14:04 2024,Mon Nov 18 18:46:16 2024,0.0192060763888888,464499.0,0,0,0,0,0,0
3851.0,Mon Nov 18 19:41:59 2024,Mon Nov 18 19:14:10 2024,0.0192060763888888,465075.0,0,0,0,0,0,0
3852.0,Mon Nov 18 20:09:53 2024,Mon Nov 18 19:42:05 2024,0.0192060763888888,439784.0,0,0,0,0,0,0
3853.0,Mon Nov 18 20:37:48 2024,Mon Nov 18 20:09:59 2024,0.0192060763888888,459387.0,0,0,0,0,0,0
3854.0,Mon Nov 18 21:05:42 2024,Mon Nov 18 20:37:54 2024,0.0192060763888888,464639.0,0,0,0,0,0,0
3855.0,Mon Nov 18 21:33:36 2024,Mon Nov 18 21:05:48 2024,0.0192060763888888,451303.0,0,0,0,0,0,0
3856.0,Mon Nov 18 22:01:31 2024,Mon Nov 18 21:33:43 2024,0.0192060763888888,464173.0,0,0,0,0,0,0
3857.0,Mon Nov 18 22:29:25 2024,Mon Nov 18 22:01:37 2024,0.0192060763888888,457702.0,0,0,0,0,0,0
3858.0,Mon Nov 18 22:57:20 2024,Mon Nov 18 22:29:31 2024,0.0192060763888888,452928.0,0,0,0,0,0,0
3859.0,Mon Nov 18 23:25:14 2024,Mon Nov 18 22:57:26 2024,0.0192060763888888,464598.0,0,0,0,0,0,0
3860.0,Mon Nov 18 23:53:08 2024,Mon Nov 18 23:25:20 2024,0.0192060763888888,459291.0,0,0,0,0,0,0
3861.0,Tue Nov 19 00:21:03 2024,Mon Nov 18 23:53:15 2024,0.0192060763888888,465516.0,0,0,0,0,0,0
3862.0,Tue Nov 19 00:48:57 2024,Tue Nov 19 00:21:09 2024,0.0192060763888888,465930.0,0,0,0,0,0,0
3863.0,Tue Nov 19 01:16:52 2024,Tue Nov 19 00:49:04 2024,0.0192060763888888,454214.0,0,0,0,0,0,0
3864.0,Tue Nov 19 01:44:46 2024,Tue Nov 19 01:16:58 2024,0.0192060763888888,465908.0,0,0,0,0,0,0
3865.0,Tue Nov 19 02:12:41 2024,Tue Nov 19 01:44:52 2024,0.0192060763888888,459458.0,0,0,0,0,0,0
3866.0,Tue Nov 19 02:40:35 2024,Tue Nov 19 02:12:47 2024,0.0192060763888888,452986.0,0,0,0,0,0,0
3867.0,Tue Nov 19 03:08:29 2024,Tue Nov 19 02:40:41 2024,0.0192060763888888,459512.0,0,0,0,0,0,0
3868.0,Tue Nov 19 03:36:23 2024,Tue Nov 19 03:08:35 2024,0.0192060763888888,459569.0,0,0,0,0,0,0
3869.0,Tue Nov 19 04:04:18 2024,Tue Nov 19 03:36:29 2024,0.0192060763888888,459571.0,0,0,0,0,0,0
3870.0,Tue Nov 19 04:32:12 2024,Tue Nov 19 04:04:24 2024,0.0192060763888888,459608.0,0,0,0,0,0,0
3871.0,Tue Nov 19 05:00:07 2024,Tue Nov 19 04:32:18 2024,0.0192060763888888,453646.0,0,0,0,0,0,0
3872.0,Tue Nov 19 05:28:01 2024,Tue Nov 19 05:00:13 2024,0.0192060763888888,447789.0,0,0,0,0,0,0
3873.0,Tue Nov 19 05:55:55 2024,Tue Nov 19 05:28:07 2024,0.0192060763888888,466049.0,0,0,0,0,0,0
3874.0,Tue Nov 19 06:23:50 2024,Tue Nov 19 05:56:02 2024,0.0192060763888888,466048.0,0,0,0,0,0,0
3875.0,Tue Nov 19 06:51:44 2024,Tue Nov 19 06:23:56 2024,0.0192060763888888,466049.0,0,0,0,0,0,0
3876.0,Tue Nov 19 07:19:39 2024,Tue Nov 19 06:51:51 2024,0.0192060763888888,466039.0,0,0,0,0,0,0
3877.0,Tue Nov 19 07:47:33 2024,Tue Nov 19 07:19:45 2024,0.0192060763888888,454070.0,0,0,0,0,0,0
3878.0,Tue Nov 19 08:15:28 2024,Tue Nov 19 07:47:39 2024,0.0192060763888888,460045.0,0,0,0,0,0,0
3879.0,Tue Nov 19 08:43:22 2024,Tue Nov 19 08:15:34 2024,0.0192060763888888,453525.0,0,0,0,0,0,0
3880.0,Tue Nov 19 09:11:16 2024,Tue Nov 19 08:43:28 2024,0.0192060763888888,447093.0,0,0,0,0,0,0
3881.0,Tue Nov 19 09:39:11 2024,Tue Nov 19 09:11:22 2024,0.0192060763888888,465767.0,0,0,0,0,0,0
3882.0,Tue Nov 19 10:07:05 2024,Tue Nov 19 09:39:17 2024,0.0192060763888888,448164.0,0,0,0,0,0,0
3883.0,Tue Nov 19 10:34:59 2024,Tue Nov 19 10:07:11 2024,0.0192060763888888,453212.0,0,0,0,0,0,0
3884.0,Tue Nov 19 11:02:54 2024,Tue Nov 19 10:35:06 2024,0.0192060763888888,453202.0,0,0,0,0,0,0
3885.0,Tue Nov 19 11:30:48 2024,Tue Nov 19 11:03:00 2024,0.0192060763888888,464899.0,0,0,0,0,0,0
3886.0,Tue Nov 19 11:58:43 2024,Tue Nov 19 11:30:54 2024,0.0192060763888888,459962.0,0,0,0,0,0,0
3887.0,Tue Nov 19 12:26:37 2024,Tue Nov 19 11:58:49 2024,0.0192060763888888,444328.0,0,0,0,0,0,0
3888.0,Tue Nov 19 12:54:32 2024,Tue Nov 19 12:26:43 2024,0.0192060763888888,464097.0,0,0,0,0,0,0
3889.0,Tue Nov 19 13:22:26 2024,Tue Nov 19 12:54:38 2024,0.0192060763888888,444595.0,1,0,0,0,0,0
3890.0,Tue Nov 19 13:50:21 2024,Tue Nov 19 13:22:32 2024,0.0192060763888888,452767.0,0,0,0,0,0,0
3891.0,Tue Nov 19 14:18:15 2024,Tue Nov 19 13:50:27 2024,0.0192060763888888,452716.0,0,0,0,0,0,0
3892.0,Tue Nov 19 14:46:09 2024,Tue Nov 19 14:18:21 2024,0.0192060763888888,457861.0,0,0,0,0,0,0
3893.0,Tue Nov 19 15:14:26 2024,Tue Nov 19 14:46:38 2024,0.0192060763888888,458591.0,0,0,0,0,0,0
3894.0,Tue Nov 19 15:42:20 2024,Tue Nov 19 15:14:32 2024,0.0192060763888888,459188.0,0,0,0,0,0,0
3895.0,Tue Nov 19 16:10:14 2024,Tue Nov 19 15:42:26 2024,0.0192060763888888,465636.0,0,0,0,0,0,0
3896.0,Tue Nov 19 16:38:09 2024,Tue Nov 19 16:10:20 2024,0.0192060763888888,453096.0,0,0,0,0,0,0
3897.0,Tue Nov 19 17:06:03 2024,Tue Nov 19 16:38:15 2024,0.0192060763888888,440626.0,0,0,0,0,0,0
3898.0,Tue Nov 19 17:33:57 2024,Tue Nov 19 17:06:09 2024,0.0192060763888888,453296.0,0,0,0,0,0,0
3899.0,Tue Nov 19 18:01:51 2024,Tue Nov 19 17:34:03 2024,0.0192060763888888,465080.0,0,0,0,0,0,0
3900.0,Tue Nov 19 18:29:46 2024,Tue Nov 19 18:01:58 2024,0.0192060763888888,452971.0,0,0,0,0,0,0
3901.0,Tue Nov 19 18:57:40 2024,Tue Nov 19 18:29:52 2024,0.0192060763888888,457542.0,0,0,0,0,0,0
3902.0,Tue Nov 19 19:25:35 2024,Tue Nov 19 18:57:46 2024,0.0192060763888888,450657.0,0,0,0,0,0,0
3903.0,Tue Nov 19 19:53:29 2024,Tue Nov 19 19:25:41 2024,0.0192060763888888,452261.0,0,0,0,0,0,0
3904.0,Tue Nov 19 20:21:23 2024,Tue Nov 19 19:53:35 2024,0.0192060763888888,458453.0,0,0,0,0,0,0
3905.0,Tue Nov 19 20:49:18 2024,Tue Nov 19 20:21:29 2024,0.0192060763888888,431702.0,0,0,0,0,0,0
3906.0,Tue Nov 19 21:17:12 2024,Tue Nov 19 20:49:24 2024,0.0192060763888888,462419.0,0,0,0,0,0,0
3907.0,Tue Nov 19 21:45:07 2024,Tue Nov 19 21:17:18 2024,0.0192060763888888,457234.0,0,0,0,0,0,0
3908.0,Tue Nov 19 22:13:01 2024,Tue Nov 19 21:45:13 2024,0.0192060763888888,457568.0,0,0,0,0,0,0
3909.0,Tue Nov 19 22:40:55 2024,Tue Nov 19 22:13:07 2024,0.0192060763888888,458612.0,0,0,0,0,0,0
3910.0,Tue Nov 19 23:08:50 2024,Tue Nov 19 22:41:02 2024,0.0192060763888888,463835.0,0,0,0,0,0,0
3911.0,Tue Nov 19 23:36:44 2024,Tue Nov 19 23:08:56 2024,0.0192060763888888,457522.0,0,0,0,0,0,0
3912.0,Wed Nov 20 00:04:39 2024,Tue Nov 19 23:36:51 2024,0.0192060763888888,465928.0,0,0,0,0,0,0
3913.0,Wed Nov 20 00:32:33 2024,Wed Nov 20 00:04:45 2024,0.0192060763888888,447348.0,0,0,0,0,0,0
3914.0,Wed Nov 20 01:00:28 2024,Wed Nov 20 00:32:39 2024,0.0192060763888888,447045.0,0,0,0,0,0,0
3915.0,Wed Nov 20 01:28:22 2024,Wed Nov 20 01:00:34 2024,0.0192060763888888,465269.0,0,0,0,0,0,0
3916.0,Wed Nov 20 01:56:16 2024,Wed Nov 20 01:28:28 2024,0.0192060763888888,448144.0,0,0,0,0,0,0
3917.0,Wed Nov 20 02:24:11 2024,Wed Nov 20 01:56:22 2024,0.0192060763888888,465247.0,0,0,0,0,0,0
3918.0,Wed Nov 20 02:52:05 2024,Wed Nov 20 02:24:17 2024,0.0192060763888888,459376.0,0,0,0,0,0,0
3919.0,Wed Nov 20 03:20:00 2024,Wed Nov 20 02:52:11 2024,0.0192060763888888,465343.0,0,0,0,0,0,0
3920.0,Wed Nov 20 03:47:54 2024,Wed Nov 20 03:20:06 2024,0.0192060763888888,459636.0,0,0,0,0,0,0
3921.0,Wed Nov 20 04:15:48 2024,Wed Nov 20 03:48:00 2024,0.0192060763888888,453990.0,0,0,0,0,0,0
3922.0,Wed Nov 20 04:43:43 2024,Wed Nov 20 04:15:55 2024,0.0192060763888888,459410.0,0,0,0,0,0,0
3923.0,Wed Nov 20 05:11:37 2024,Wed Nov 20 04:43:49 2024,0.0192060763888888,465942.0,0,0,0,0,0,0
3924.0,Wed Nov 20 05:39:32 2024,Wed Nov 20 05:11:43 2024,0.0192060763888888,459969.0,0,0,0,0,0,0
3925.0,Wed Nov 20 06:07:26 2024,Wed Nov 20 05:39:38 2024,0.0192060763888888,448008.0,0,0,0,0,0,0
3926.0,Wed Nov 20 06:35:20 2024,Wed Nov 20 06:07:32 2024,0.0192060763888888,460554.0,0,0,0,0,0,0
3927.0,Wed Nov 20 07:03:15 2024,Wed Nov 20 06:35:26 2024,0.0192060763888888,459828.0,0,0,0,0,0,0
3928.0,Wed Nov 20 07:31:09 2024,Wed Nov 20 07:03:21 2024,0.0192060763888888,465847.0,0,0,0,0,0,0
3929.0,Wed Nov 20 07:59:03 2024,Wed Nov 20 07:31:15 2024,0.0192060763888888,453341.0,0,0,0,0,0,0
3930.0,Wed Nov 20 08:26:58 2024,Wed Nov 20 07:59:09 2024,0.0192060763888888,459892.0,0,0,0,0,0,0
3931.0,Wed Nov 20 08:54:52 2024,Wed Nov 20 08:27:04 2024,0.0192060763888888,454670.0,0,0,0,0,0,0
3932.0,Wed Nov 20 09:22:47 2024,Wed Nov 20 08:54:58 2024,0.0192060763888888,459204.0,0,0,0,0,0,0
3933.0,Wed Nov 20 09:50:41 2024,Wed Nov 20 09:22:53 2024,0.0192060763888888,460734.0,0,0,0,0,0,0
3934.0,Wed Nov 20 10:18:35 2024,Wed Nov 20 09:50:47 2024,0.0192060763888888,459942.0,0,0,0,0,0,0
3935.0,Wed Nov 20 10:46:30 2024,Wed Nov 20 10:18:42 2024,0.0192060763888888,459190.0,0,0,0,0,0,0
3936.0,Wed Nov 20 11:14:24 2024,Wed Nov 20 10:46:36 2024,0.0192060763888888,447724.0,0,0,0,0,0,0
3937.0,Wed Nov 20 11:42:19 2024,Wed Nov 20 11:14:30 2024,0.0192060763888888,453943.0,0,0,0,0,0,0
3938.0,Wed Nov 20 12:10:13 2024,Wed Nov 20 11:42:25 2024,0.0192060763888888,459880.0,0,0,0,0,0,0
3939.0,Wed Nov 20 12:38:07 2024,Wed Nov 20 12:10:19 2024,0.0192060763888888,459968.0,0,0,0,0,0,0
3940.0,Wed Nov 20 13:06:01 2024,Wed Nov 20 12:38:13 2024,0.0192060763888888,465933.0,0,0,0,0,0,0
3941.0,Wed Nov 20 13:33:56 2024,Wed Nov 20 13:06:07 2024,0.0192060763888888,465955.0,0,0,0,0,0,0
3942.0,Wed Nov 20 14:01:50 2024,Wed Nov 20 13:34:01 2024,0.0192060763888888,460833.0,0,0,0,0,0,0
3943.0,Wed Nov 20 14:29:44 2024,Wed Nov 20 14:01:56 2024,0.0192060763888888,460070.0,0,0,0,0,0,0
3944.0,Wed Nov 20 14:57:39 2024,Wed Nov 20 14:29:50 2024,0.0192060763888888,460052.0,0,0,0,0,0,0
3945.0,Wed Nov 20 15:25:33 2024,Wed Nov 20 14:57:45 2024,0.0192060763888888,453014.0,0,0,0,0,0,0
3946.0,Wed Nov 20 15:53:27 2024,Wed Nov 20 15:25:39 2024,0.0192060763888888,460586.0,0,0,0,0,0,0
3947.0,Wed Nov 20 16:21:22 2024,Wed Nov 20 15:53:33 2024,0.0192060763888888,465889.0,0,0,0,0,0,0
3948.0,Wed Nov 20 16:49:16 2024,Wed Nov 20 16:21:28 2024,0.0192060763888888,452328.0,0,0,0,0,0,0
3949.0,Wed Nov 20 17:17:10 2024,Wed Nov 20 16:49:22 2024,0.0192060763888888,465369.0,0,0,0,0,0,0
3950.0,Wed Nov 20 17:45:04 2024,Wed Nov 20 17:17:16 2024,0.0192060763888888,458975.0,0,0,0,0,0,0
3951.0,Wed Nov 20 18:12:59 2024,Wed Nov 20 17:45:11 2024,0.0192060763888888,458094.0,0,0,0,0,0,0
3952.0,Wed Nov 20 18:40:53 2024,Wed Nov 20 18:13:05 2024,0.0192060763888888,452048.0,0,0,0,0,0,0
3953.0,Wed Nov 20 19:08:48 2024,Wed Nov 20 18:40:59 2024,0.0192060763888888,459153.0,0,0,0,0,0,0
3954.0,Wed Nov 20 19:36:42 2024,Wed Nov 20 19:08:54 2024,0.0192060763888888,458990.0,0,0,0,0,0,0
3955.0,Wed Nov 20 20:04:37 2024,Wed Nov 20 19:36:48 2024,0.0192060763888888,459596.0,0,0,0,0,0,0
3956.0,Wed Nov 20 20:32:31 2024,Wed Nov 20 20:04:43 2024,0.0192060763888888,460390.0,0,0,0,0,0,0
3957.0,Wed Nov 20 21:00:25 2024,Wed Nov 20 20:32:37 2024,0.0192060763888888,447188.0,0,0,0,0,0,0
3958.0,Wed Nov 20 21:28:19 2024,Wed Nov 20 21:00:31 2024,0.0192060763888888,447411.0,0,0,0,0,0,0
3959.0,Wed Nov 20 21:56:14 2024,Wed Nov 20 21:28:25 2024,0.0192060763888888,453419.0,1,0,0,0,0,0
3960.0,Wed Nov 20 22:24:09 2024,Wed Nov 20 21:56:20 2024,0.0192060763888888,465339.0,0,0,0,0,0,0
3961.0,Wed Nov 20 22:52:03 2024,Wed Nov 20 22:24:15 2024,0.0192060763888888,438508.0,0,0,0,0,0,0
3962.0,Wed Nov 20 23:19:58 2024,Wed Nov 20 22:52:09 2024,0.0192060763888888,434340.0,0,0,0,0,0,0
3963.0,Wed Nov 20 23:47:52 2024,Wed Nov 20 23:20:04 2024,0.0192060763888888,463491.0,0,0,0,0,0,0
3964.0,Thu Nov 21 00:15:47 2024,Wed Nov 20 23:47:59 2024,0.0192060763888888,438065.0,0,0,0,0,0,0
3965.0,Thu Nov 21 00:43:41 2024,Thu Nov 21 00:15:53 2024,0.0192060763888888,436997.0,0,0,0,0,0,0
3966.0,Thu Nov 21 01:11:35 2024,Thu Nov 21 00:43:47 2024,0.0192060763888888,462320.0,0,0,0,0,0,0
3967.0,Thu Nov 21 01:39:30 2024,Thu Nov 21 01:11:42 2024,0.0192060763888888,438329.0,0,0,0,0,0,0
3968.0,Thu Nov 21 02:07:24 2024,Thu Nov 21 01:39:36 2024,0.0192060763888888,452901.0,0,0,0,0,0,0
3969.0,Thu Nov 21 02:35:19 2024,Thu Nov 21 02:07:30 2024,0.0192060763888888,452087.0,0,0,0,0,0,0
3970.0,Thu Nov 21 03:03:13 2024,Thu Nov 21 02:35:25 2024,0.0192060763888888,451390.0,0,0,0,0,0,0
3971.0,Thu Nov 21 03:31:08 2024,Thu Nov 21 03:03:19 2024,0.0192060763888888,458556.0,0,0,0,0,0,0
3972.0,Thu Nov 21 03:59:02 2024,Thu Nov 21 03:31:14 2024,0.0192060763888888,428083.0,0,0,0,0,0,0
3973.0,Thu Nov 21 04:26:56 2024,Thu Nov 21 03:59:08 2024,0.0192060763888888,452434.0,0,0,0,0,0,0
3974.0,Thu Nov 21 04:54:51 2024,Thu Nov 21 04:27:02 2024,0.0192060763888888,452904.0,0,0,0,0,0,0
3975.0,Thu Nov 21 05:22:45 2024,Thu Nov 21 04:54:57 2024,0.0192060763888888,465114.0,0,0,0,0,0,0
3976.0,Thu Nov 21 05:50:39 2024,Thu Nov 21 05:22:51 2024,0.0192060763888888,453251.0,1,0,0,0,0,0
3977.0,Thu Nov 21 06:18:34 2024,Thu Nov 21 05:50:45 2024,0.0192060763888888,465798.0,0,0,0,0,0,0
3978.0,Thu Nov 21 06:46:28 2024,Thu Nov 21 06:18:40 2024,0.0192060763888888,460104.0,1,0,0,0,0,0
3979.0,Thu Nov 21 07:14:22 2024,Thu Nov 21 06:46:34 2024,0.0192060763888888,448190.0,0,0,0,0,0,0
3980.0,Thu Nov 21 07:42:17 2024,Thu Nov 21 07:14:29 2024,0.0192060763888888,445243.0,0,0,0,0,0,0
3981.0,Thu Nov 21 08:10:11 2024,Thu Nov 21 07:42:23 2024,0.0192060763888888,453645.0,0,0,0,0,0,0
3982.0,Thu Nov 21 08:38:06 2024,Thu Nov 21 08:10:17 2024,0.0192060763888888,464394.0,0,0,0,0,0,0
3983.0,Thu Nov 21 09:06:00 2024,Thu Nov 21 08:38:12 2024,0.0192060763888888,464213.0,0,0,0,0,0,0
3984.0,Thu Nov 21 09:33:54 2024,Thu Nov 21 09:06:06 2024,0.0192060763888888,446093.0,0,0,0,0,0,0
3985.0,Thu Nov 21 10:01:49 2024,Thu Nov 21 09:34:01 2024,0.0192060763888888,458416.0,0,0,0,0,0,0
3986.0,Thu Nov 21 10:29:43 2024,Thu Nov 21 10:01:55 2024,0.0192060763888888,448154.0,0,0,0,0,0,0
3987.0,Thu Nov 21 10:57:38 2024,Thu Nov 21 10:29:50 2024,0.0192060763888888,453563.0,0,0,0,0,0,0
3988.0,Thu Nov 21 11:25:32 2024,Thu Nov 21 10:57:44 2024,0.0192060763888888,465577.0,0,0,0,0,0,0
3989.0,Thu Nov 21 11:53:26 2024,Thu Nov 21 11:25:38 2024,0.0192060763888888,465586.0,0,0,0,0,0,0
3990.0,Thu Nov 21 12:21:21 2024,Thu Nov 21 11:53:33 2024,0.0192060763888888,447669.0,0,0,0,0,0,0
3991.0,Thu Nov 21 12:49:15 2024,Thu Nov 21 12:21:27 2024,0.0192060763888888,460456.0,0,0,0,0,0,0
3992.0,Thu Nov 21 13:17:10 2024,Thu Nov 21 12:49:21 2024,0.0192060763888888,465717.0,0,0,0,0,0,0
3993.0,Thu Nov 21 13:45:04 2024,Thu Nov 21 13:17:16 2024,0.0192060763888888,459944.0,0,0,0,0,0,0
3994.0,Thu Nov 21 14:12:58 2024,Thu Nov 21 13:45:10 2024,0.0192060763888888,459533.0,0,0,0,0,0,0
3995.0,Thu Nov 21 14:40:53 2024,Thu Nov 21 14:13:04 2024,0.0192060763888888,459770.0,0,0,0,0,0,0
3996.0,Thu Nov 21 15:08:47 2024,Thu Nov 21 14:40:59 2024,0.0192060763888888,454389.0,0,0,0,0,0,0
3997.0,Thu Nov 21 15:36:41 2024,Thu Nov 21 15:08:53 2024,0.0192060763888888,459986.0,0,0,0,0,0,0
3998.0,Thu Nov 21 16:04:36 2024,Thu Nov 21 15:36:48 2024,0.0192060763888888,465637.0,0,0,0,0,0,0
3999.0,Thu Nov 21 16:32:30 2024,Thu Nov 21 16:04:42 2024,0.0192060763888888,459485.0,0,0,0,0,0,0
4000.0,Thu Nov 21 17:00:25 2024,Thu Nov 21 16:32:36 2024,0.0192060763888888,459660.0,0,0,0,0,0,0
4001.0,Thu Nov 21 17:28:19 2024,Thu Nov 21 17:00:31 2024,0.0192060763888888,454666.0,0,0,0,0,0,0
4002.0,Thu Nov 21 17:56:13 2024,Thu Nov 21 17:28:25 2024,0.0192060763888888,465726.0,0,0,0,0,0,0
4003.0,Thu Nov 21 18:24:08 2024,Thu Nov 21 17:56:20 2024,0.0192060763888888,459559.0,0,0,0,0,0,0
4004.0,Thu Nov 21 18:52:02 2024,Thu Nov 21 18:24:14 2024,0.0192060763888888,441365.0,0,0,0,0,0,0
4005.0,Thu Nov 21 19:19:57 2024,Thu Nov 21 18:52:08 2024,0.0192060763888888,447118.0,1,0,0,0,0,0
4006.0,Thu Nov 21 19:47:51 2024,Thu Nov 21 19:20:03 2024,0.0192060763888888,446679.0,0,0,0,0,0,0
4007.0,Thu Nov 21 20:15:45 2024,Thu Nov 21 19:47:57 2024,0.0192060763888888,447158.0,0,0,0,0,0,0
4008.0,Thu Nov 21 20:43:39 2024,Thu Nov 21 20:15:51 2024,0.0192060763888888,458455.0,0,0,0,0,0,0
4009.0,Thu Nov 21 21:11:34 2024,Thu Nov 21 20:43:46 2024,0.0192060763888888,452720.0,0,0,0,0,0,0
4010.0,Thu Nov 21 21:39:29 2024,Thu Nov 21 21:11:40 2024,0.0192060763888888,458533.0,0,0,0,0,0,0
4011.0,Thu Nov 21 22:07:23 2024,Thu Nov 21 21:39:35 2024,0.0192060763888888,451340.0,0,0,0,0,0,0
4012.0,Thu Nov 21 22:35:18 2024,Thu Nov 21 22:07:29 2024,0.0192060763888888,445410.0,0,0,0,0,0,0
4013.0,Thu Nov 21 23:03:12 2024,Thu Nov 21 22:35:24 2024,0.0192060763888888,445173.0,0,0,0,0,0,0
4014.0,Thu Nov 21 23:31:06 2024,Thu Nov 21 23:03:18 2024,0.0192060763888888,439932.0,0,0,0,0,0,0
4015.0,Thu Nov 21 23:59:01 2024,Thu Nov 21 23:31:13 2024,0.0192060763888888,456898.0,0,0,0,0,0,0
4016.0,Fri Nov 22 00:26:55 2024,Thu Nov 21 23:59:07 2024,0.0192060763888888,457273.0,0,0,0,0,0,0
4017.0,Fri Nov 22 00:54:50 2024,Fri Nov 22 00:27:01 2024,0.0192060763888888,439471.0,0,0,0,0,0,0
4018.0,Fri Nov 22 01:22:44 2024,Fri Nov 22 00:54:56 2024,0.0192060763888888,457257.0,0,0,0,0,0,0
4019.0,Fri Nov 22 01:50:38 2024,Fri Nov 22 01:22:50 2024,0.0192060763888888,452438.0,0,0,0,0,0,0
4020.0,Fri Nov 22 02:18:33 2024,Fri Nov 22 01:50:45 2024,0.0192060763888888,427879.0,0,0,0,0,0,0
4021.0,Fri Nov 22 02:46:27 2024,Fri Nov 22 02:18:39 2024,0.0192060763888888,450675.0,0,0,0,0,0,0
4022.0,Fri Nov 22 03:14:22 2024,Fri Nov 22 02:46:34 2024,0.0192060763888888,456906.0,0,0,0,0,0,0
4023.0,Fri Nov 22 03:42:16 2024,Fri Nov 22 03:14:28 2024,0.0192060763888888,457732.0,0,0,0,0,0,0
4024.0,Fri Nov 22 04:10:10 2024,Fri Nov 22 03:42:22 2024,0.0192060763888888,463872.0,0,0,0,0,0,0
4025.0,Fri Nov 22 04:38:05 2024,Fri Nov 22 04:10:16 2024,0.0192060763888888,463884.0,0,0,0,0,0,0
4026.0,Fri Nov 22 05:05:59 2024,Fri Nov 22 04:38:11 2024,0.0192060763888888,452249.0,0,0,0,0,0,0
4027.0,Fri Nov 22 05:33:54 2024,Fri Nov 22 05:06:05 2024,0.0192060763888888,465294.0,0,0,0,0,0,0
4028.0,Fri Nov 22 06:01:48 2024,Fri Nov 22 05:34:00 2024,0.0192060763888888,465789.0,0,0,0,0,0,0
4029.0,Fri Nov 22 06:29:42 2024,Fri Nov 22 06:01:54 2024,0.0192060763888888,466055.0,0,0,0,0,0,0
4030.0,Fri Nov 22 06:57:37 2024,Fri Nov 22 06:29:49 2024,0.0192060763888888,466069.0,0,0,0,0,0,0
4031.0,Fri Nov 22 07:25:31 2024,Fri Nov 22 06:57:43 2024,0.0192060763888888,466058.0,0,0,0,0,0,0
4032.0,Fri Nov 22 07:53:26 2024,Fri Nov 22 07:25:38 2024,0.0192060763888888,447931.0,0,0,0,0,0,0
4033.0,Fri Nov 22 08:21:20 2024,Fri Nov 22 07:53:32 2024,0.0192060763888888,440085.0,0,0,0,0,0,0
4034.0,Fri Nov 22 08:49:14 2024,Fri Nov 22 08:21:26 2024,0.0192060763888888,459632.0,0,0,0,0,0,0
4035.0,Fri Nov 22 09:17:09 2024,Fri Nov 22 08:49:21 2024,0.0192060763888888,459606.0,0,0,0,0,0,0
4036.0,Fri Nov 22 09:45:03 2024,Fri Nov 22 09:17:15 2024,0.0192060763888888,465555.0,0,0,0,0,0,0
4037.0,Fri Nov 22 10:12:58 2024,Fri Nov 22 09:45:09 2024,0.0192060763888888,465554.0,0,0,0,0,0,0
4038.0,Fri Nov 22 10:40:52 2024,Fri Nov 22 10:13:04 2024,0.0192060763888888,459665.0,0,0,0,0,0,0
4039.0,Fri Nov 22 11:08:46 2024,Fri Nov 22 10:40:58 2024,0.0192060763888888,465907.0,0,0,0,0,0,0
4040.0,Fri Nov 22 11:36:41 2024,Fri Nov 22 11:08:52 2024,0.0192060763888888,466046.0,0,0,0,0,0,0
4041.0,Fri Nov 22 12:04:35 2024,Fri Nov 22 11:36:47 2024,0.0192060763888888,466062.0,0,0,0,0,0,0
4042.0,Fri Nov 22 12:32:29 2024,Fri Nov 22 12:04:41 2024,0.0192060763888888,448342.0,0,0,0,0,0,0
4043.0,Fri Nov 22 13:00:24 2024,Fri Nov 22 12:32:35 2024,0.0192060763888888,442859.0,0,0,0,0,0,0
4044.0,Fri Nov 22 13:28:18 2024,Fri Nov 22 13:00:30 2024,0.0192060763888888,460073.0,1,0,0,0,0,0
4045.0,Fri Nov 22 13:56:13 2024,Fri Nov 22 13:28:24 2024,0.0192060763888888,460060.0,0,0,0,0,0,0
4046.0,Fri Nov 22 14:24:07 2024,Fri Nov 22 13:56:19 2024,0.0192060763888888,465385.0,0,0,0,0,0,0
4047.0,Fri Nov 22 14:52:01 2024,Fri Nov 22 14:24:13 2024,0.0192060763888888,460107.0,0,0,0,0,0,0
4048.0,Fri Nov 22 15:19:56 2024,Fri Nov 22 14:52:07 2024,0.0192060763888888,453566.0,0,0,0,0,0,0
4049.0,Fri Nov 22 15:47:50 2024,Fri Nov 22 15:20:02 2024,0.0192060763888888,465915.0,0,0,0,0,0,0
4050.0,Fri Nov 22 16:15:45 2024,Fri Nov 22 15:47:56 2024,0.0192060763888888,459778.0,0,0,0,0,0,0
4051.0,Fri Nov 22 16:43:39 2024,Fri Nov 22 16:15:50 2024,0.0192060763888888,447063.0,0,0,0,0,0,0
4052.0,Fri Nov 22 17:11:33 2024,Fri Nov 22 16:43:45 2024,0.0192060763888888,453561.0,0,0,0,0,0,0
4053.0,Fri Nov 22 17:39:27 2024,Fri Nov 22 17:11:39 2024,0.0192060763888888,459505.0,0,0,0,0,0,0
4054.0,Fri Nov 22 18:07:22 2024,Fri Nov 22 17:39:33 2024,0.0192060763888888,453759.0,0,0,0,0,0,0
4055.0,Fri Nov 22 18:35:16 2024,Fri Nov 22 18:07:28 2024,0.0192060763888888,446880.0,0,0,0,0,0,0
4056.0,Fri Nov 22 19:03:11 2024,Fri Nov 22 18:35:22 2024,0.0192060763888888,441361.0,0,0,0,0,0,0
4057.0,Fri Nov 22 19:31:05 2024,Fri Nov 22 19:03:17 2024,0.0192060763888888,452785.0,1,0,0,0,0,0
4058.0,Fri Nov 22 19:59:00 2024,Fri Nov 22 19:31:11 2024,0.0192060763888888,458827.0,0,0,0,0,0,0
4059.0,Fri Nov 22 20:26:54 2024,Fri Nov 22 19:59:06 2024,0.0192060763888888,464603.0,0,0,0,0,0,0
4060.0,Fri Nov 22 20:54:48 2024,Fri Nov 22 20:27:00 2024,0.0192060763888888,459099.0,0,0,0,0,0,0
4061.0,Fri Nov 22 21:22:43 2024,Fri Nov 22 20:54:54 2024,0.0192060763888888,445558.0,0,0,0,0,0,0
4062.0,Fri Nov 22 21:50:37 2024,Fri Nov 22 21:22:49 2024,0.0192060763888888,450779.0,0,0,0,0,0,0
4063.0,Fri Nov 22 22:18:32 2024,Fri Nov 22 21:50:43 2024,0.0192060763888888,463264.0,0,0,0,0,0,0
4064.0,Fri Nov 22 22:46:26 2024,Fri Nov 22 22:18:38 2024,0.0192060763888888,457536.0,0,0,0,0,0,0
4065.0,Fri Nov 22 23:14:21 2024,Fri Nov 22 22:46:32 2024,0.0192060763888888,463559.0,0,0,0,0,0,0
4066.0,Fri Nov 22 23:42:15 2024,Fri Nov 22 23:14:27 2024,0.0192060763888888,451655.0,0,0,0,0,0,0
4067.0,Sat Nov 23 00:10:10 2024,Fri Nov 22 23:42:21 2024,0.0192060763888888,463510.0,0,0,0,0,0,0
4068.0,Sat Nov 23 00:38:04 2024,Sat Nov 23 00:10:16 2024,0.0192060763888888,447552.0,0,0,0,0,0,0
4069.0,Sat Nov 23 01:05:58 2024,Sat Nov 23 00:38:10 2024,0.0192060763888888,466059.0,0,0,0,0,0,0
4070.0,Sat Nov 23 01:33:53 2024,Sat Nov 23 01:06:05 2024,0.0192060763888888,466063.0,0,0,0,0,0,0
4071.0,Sat Nov 23 02:01:47 2024,Sat Nov 23 01:33:59 2024,0.0192060763888888,466052.0,0,0,0,0,0,0
4072.0,Sat Nov 23 02:29:42 2024,Sat Nov 23 02:01:53 2024,0.0192060763888888,452886.0,0,0,0,0,0,0
4073.0,Sat Nov 23 02:57:36 2024,Sat Nov 23 02:29:48 2024,0.0192060763888888,452950.0,0,0,0,0,0,0
4074.0,Sat Nov 23 03:25:30 2024,Sat Nov 23 02:57:42 2024,0.0192060763888888,453425.0,0,0,0,0,0,0
4075.0,Sat Nov 23 03:53:25 2024,Sat Nov 23 03:25:37 2024,0.0192060763888888,459345.0,0,0,0,0,0,0
4076.0,Sat Nov 23 04:21:19 2024,Sat Nov 23 03:53:31 2024,0.0192060763888888,459979.0,0,0,0,0,0,0
4077.0,Sat Nov 23 04:49:13 2024,Sat Nov 23 04:21:25 2024,0.0192060763888888,454193.0,0,0,0,0,0,0
4078.0,Sat Nov 23 05:17:08 2024,Sat Nov 23 04:49:19 2024,0.0192060763888888,459614.0,0,0,0,0,0,0
4079.0,Sat Nov 23 05:45:02 2024,Sat Nov 23 05:17:14 2024,0.0192060763888888,453927.0,0,0,0,0,0,0
4080.0,Sat Nov 23 06:12:56 2024,Sat Nov 23 05:45:08 2024,0.0192060763888888,466004.0,0,0,0,0,0,0
4081.0,Sat Nov 23 06:40:51 2024,Sat Nov 23 06:13:02 2024,0.0192060763888888,466046.0,0,0,0,0,0,0
4082.0,Sat Nov 23 07:08:45 2024,Sat Nov 23 06:40:57 2024,0.0192060763888888,452566.0,0,0,0,0,0,0
4083.0,Sat Nov 23 07:36:40 2024,Sat Nov 23 07:08:51 2024,0.0192060763888888,452814.0,0,0,0,0,0,0
4084.0,Sat Nov 23 08:04:34 2024,Sat Nov 23 07:36:46 2024,0.0192060763888888,459030.0,0,0,0,0,0,0
4085.0,Sat Nov 23 08:32:28 2024,Sat Nov 23 08:04:40 2024,0.0192060763888888,446791.0,0,0,0,0,0,0
4086.0,Sat Nov 23 09:00:23 2024,Sat Nov 23 08:32:34 2024,0.0192060763888888,433351.0,0,0,0,0,0,0
4087.0,Sat Nov 23 09:28:17 2024,Sat Nov 23 09:00:29 2024,0.0192060763888888,450564.0,0,0,0,0,0,0
4088.0,Sat Nov 23 09:56:11 2024,Sat Nov 23 09:28:23 2024,0.0192060763888888,451385.0,0,0,0,0,0,0
4089.0,Sat Nov 23 10:24:06 2024,Sat Nov 23 09:56:18 2024,0.0192060763888888,452423.0,0,0,0,0,0,0
4090.0,Sat Nov 23 10:52:00 2024,Sat Nov 23 10:24:12 2024,0.0192060763888888,446239.0,0,0,0,0,0,0
4091.0,Sat Nov 23 11:19:55 2024,Sat Nov 23 10:52:06 2024,0.0192060763888888,438624.0,0,0,0,0,0,0
4092.0,Sat Nov 23 11:47:49 2024,Sat Nov 23 11:20:01 2024,0.0192060763888888,436463.0,0,0,0,0,0,0
4093.0,Sat Nov 23 12:15:43 2024,Sat Nov 23 11:47:55 2024,0.0192060763888888,457243.0,0,0,0,0,0,0
4094.0,Sat Nov 23 12:43:38 2024,Sat Nov 23 12:15:50 2024,0.0192060763888888,451202.0,0,0,0,0,0,0
4095.0,Sat Nov 23 13:11:32 2024,Sat Nov 23 12:43:44 2024,0.0192060763888888,462560.0,0,0,0,0,0,0
4096.0,Sat Nov 23 13:39:27 2024,Sat Nov 23 13:11:39 2024,0.0192060763888888,462670.0,0,0,0,0,0,0
4097.0,Sat Nov 23 14:07:21 2024,Sat Nov 23 13:39:33 2024,0.0192060763888888,452987.0,0,0,0,0,0,0
4098.0,Sat Nov 23 14:35:16 2024,Sat Nov 23 14:07:27 2024,0.0192060763888888,459885.0,0,0,0,0,0,0
4099.0,Sat Nov 23 15:03:10 2024,Sat Nov 23 14:35:22 2024,0.0192060763888888,466000.0,0,0,0,0,0,0
4100.0,Sat Nov 23 15:31:04 2024,Sat Nov 23 15:03:16 2024,0.0192060763888888,460005.0,0,0,0,0,0,0
4101.0,Sat Nov 23 15:58:59 2024,Sat Nov 23 15:31:11 2024,0.0192060763888888,453783.0,0,0,0,0,0,0
4102.0,Sat Nov 23 16:26:54 2024,Sat Nov 23 15:59:05 2024,0.0192060763888888,465669.0,0,0,0,0,0,0
4103.0,Sat Nov 23 16:54:48 2024,Sat Nov 23 16:27:00 2024,0.0192060763888888,459749.0,0,0,0,0,0,0
4104.0,Sat Nov 23 17:22:42 2024,Sat Nov 23 16:54:54 2024,0.0192060763888888,459688.0,0,0,0,0,0,0
4105.0,Sat Nov 23 17:50:37 2024,Sat Nov 23 17:22:49 2024,0.0192060763888888,445453.0,0,0,0,0,0,0
4106.0,Sat Nov 23 18:18:31 2024,Sat Nov 23 17:50:43 2024,0.0192060763888888,458334.0,0,0,0,0,0,0
4107.0,Sat Nov 23 18:46:26 2024,Sat Nov 23 18:18:37 2024,0.0192060763888888,457449.0,0,0,0,0,0,0
4108.0,Sat Nov 23 19:14:20 2024,Sat Nov 23 18:46:32 2024,0.0192060763888888,457743.0,0,0,0,0,0,0
4109.0,Sat Nov 23 19:42:14 2024,Sat Nov 23 19:14:26 2024,0.0192060763888888,463920.0,0,0,0,0,0,0
4110.0,Sat Nov 23 20:10:09 2024,Sat Nov 23 19:42:21 2024,0.0192060763888888,463927.0,0,0,0,0,0,0
4111.0,Sat Nov 23 20:38:03 2024,Sat Nov 23 20:10:15 2024,0.0192060763888888,458487.0,0,0,0,0,0,0
4112.0,Sat Nov 23 21:05:58 2024,Sat Nov 23 20:38:09 2024,0.0192060763888888,459350.0,0,0,0,0,0,0
4113.0,Sat Nov 23 21:33:52 2024,Sat Nov 23 21:06:04 2024,0.0192060763888888,459375.0,0,0,0,0,0,0
4114.0,Sat Nov 23 22:01:47 2024,Sat Nov 23 21:33:58 2024,0.0192060763888888,453996.0,0,0,0,0,0,0
4115.0,Sat Nov 23 22:29:41 2024,Sat Nov 23 22:01:53 2024,0.0192060763888888,441681.0,0,0,0,0,0,0
4116.0,Sat Nov 23 22:57:35 2024,Sat Nov 23 22:29:47 2024,0.0192060763888888,464901.0,0,0,0,0,0,0
4117.0,Sat Nov 23 23:25:29 2024,Sat Nov 23 22:57:41 2024,0.0192060763888888,459903.0,0,0,0,0,0,0
4118.0,Sat Nov 23 23:53:24 2024,Sat Nov 23 23:25:36 2024,0.0192060763888888,465732.0,0,0,0,0,0,0
4119.0,Sun Nov 24 00:21:18 2024,Sat Nov 23 23:53:30 2024,0.0192060763888888,453587.0,0,0,0,0,0,0
4120.0,Sun Nov 24 00:49:13 2024,Sun Nov 24 00:21:25 2024,0.0192060763888888,459612.0,0,0,0,0,0,0
4121.0,Sun Nov 24 01:17:07 2024,Sun Nov 24 00:49:19 2024,0.0192060763888888,441295.0,0,0,0,0,0,0
4122.0,Sun Nov 24 01:45:01 2024,Sun Nov 24 01:17:13 2024,0.0192060763888888,458831.0,0,0,0,0,0,0
4123.0,Sun Nov 24 02:12:56 2024,Sun Nov 24 01:45:07 2024,0.0192060763888888,459068.0,0,0,0,0,0,0
4124.0,Sun Nov 24 02:40:50 2024,Sun Nov 24 02:13:02 2024,0.0192060763888888,452700.0,0,0,0,0,0,0
4125.0,Sun Nov 24 03:08:44 2024,Sun Nov 24 02:40:56 2024,0.0192060763888888,452316.0,0,0,0,0,0,0
4126.0,Sun Nov 24 03:36:39 2024,Sun Nov 24 03:08:50 2024,0.0192060763888888,459287.0,0,0,0,0,0,0
4127.0,Sun Nov 24 04:04:33 2024,Sun Nov 24 03:36:45 2024,0.0192060763888888,459373.0,0,0,0,0,0,0
4128.0,Sun Nov 24 04:32:28 2024,Sun Nov 24 04:04:39 2024,0.0192060763888888,452827.0,0,0,0,0,0,0
4129.0,Sun Nov 24 05:00:22 2024,Sun Nov 24 04:32:34 2024,0.0192060763888888,459696.0,0,0,0,0,0,0
4130.0,Sun Nov 24 05:28:16 2024,Sun Nov 24 05:00:28 2024,0.0192060763888888,434835.0,0,0,0,0,0,0
4131.0,Sun Nov 24 05:56:11 2024,Sun Nov 24 05:28:23 2024,0.0192060763888888,463387.0,0,0,0,0,0,0
4132.0,Sun Nov 24 06:24:05 2024,Sun Nov 24 05:56:17 2024,0.0192060763888888,464041.0,0,0,0,0,0,0
4133.0,Sun Nov 24 06:52:00 2024,Sun Nov 24 06:24:11 2024,0.0192060763888888,432834.0,0,0,0,0,0,0
4134.0,Sun Nov 24 07:19:54 2024,Sun Nov 24 06:52:06 2024,0.0192060763888888,457264.0,0,0,0,0,0,0
4135.0,Sun Nov 24 07:47:48 2024,Sun Nov 24 07:20:00 2024,0.0192060763888888,463717.0,0,0,0,0,0,0
4136.0,Sun Nov 24 08:15:43 2024,Sun Nov 24 07:47:54 2024,0.0192060763888888,457204.0,0,0,0,0,0,0
4137.0,Sun Nov 24 08:43:37 2024,Sun Nov 24 08:15:49 2024,0.0192060763888888,465088.0,0,0,0,0,0,0
4138.0,Sun Nov 24 09:11:31 2024,Sun Nov 24 08:43:43 2024,0.0192060763888888,459084.0,0,0,0,0,0,0
4139.0,Sun Nov 24 09:39:26 2024,Sun Nov 24 09:11:37 2024,0.0192060763888888,447052.0,0,0,0,0,0,0
4140.0,Sun Nov 24 10:07:20 2024,Sun Nov 24 09:39:32 2024,0.0192060763888888,458663.0,0,0,0,0,0,0
4141.0,Sun Nov 24 10:35:14 2024,Sun Nov 24 10:07:26 2024,0.0192060763888888,453274.0,0,0,0,0,0,0
4142.0,Sun Nov 24 11:03:09 2024,Sun Nov 24 10:35:20 2024,0.0192060763888888,459431.0,0,0,0,0,0,0
4143.0,Sun Nov 24 11:31:03 2024,Sun Nov 24 11:03:15 2024,0.0192060763888888,459711.0,0,0,0,0,0,0
4144.0,Sun Nov 24 11:58:57 2024,Sun Nov 24 11:31:09 2024,0.0192060763888888,465720.0,0,0,0,0,0,0
4145.0,Sun Nov 24 12:26:52 2024,Sun Nov 24 11:59:03 2024,0.0192060763888888,465736.0,0,0,0,0,0,0
4146.0,Sun Nov 24 12:54:46 2024,Sun Nov 24 12:26:58 2024,0.0192060763888888,465940.0,0,0,0,0,0,0
4147.0,Sun Nov 24 13:22:40 2024,Sun Nov 24 12:54:52 2024,0.0192060763888888,466046.0,0,0,0,0,0,0
4148.0,Sun Nov 24 13:50:35 2024,Sun Nov 24 13:22:47 2024,0.0192060763888888,448178.0,0,0,0,0,0,0
4149.0,Sun Nov 24 14:18:29 2024,Sun Nov 24 13:50:41 2024,0.0192060763888888,466045.0,0,0,0,0,0,0
4150.0,Sun Nov 24 14:46:24 2024,Sun Nov 24 14:18:35 2024,0.0192060763888888,454780.0,0,0,0,0,0,0
4151.0,Sun Nov 24 15:14:18 2024,Sun Nov 24 14:46:30 2024,0.0192060763888888,458363.0,0,0,0,0,0,0
4152.0,Sun Nov 24 15:42:13 2024,Sun Nov 24 15:14:24 2024,0.0192060763888888,435357.0,0,0,0,0,0,0
4153.0,Sun Nov 24 16:10:07 2024,Sun Nov 24 15:42:19 2024,0.0192060763888888,457021.0,0,0,0,0,0,0
4154.0,Sun Nov 24 16:38:01 2024,Sun Nov 24 16:10:13 2024,0.0192060763888888,450893.0,0,0,0,0,0,0
4155.0,Sun Nov 24 17:05:56 2024,Sun Nov 24 16:38:08 2024,0.0192060763888888,463234.0,0,0,0,0,0,0
4156.0,Sun Nov 24 17:33:50 2024,Sun Nov 24 17:06:02 2024,0.0192060763888888,451271.0,0,0,0,0,0,0
4157.0,Sun Nov 24 18:01:44 2024,Sun Nov 24 17:33:56 2024,0.0192060763888888,458147.0,0,0,0,0,0,0
4158.0,Sun Nov 24 18:29:39 2024,Sun Nov 24 18:01:50 2024,0.0192060763888888,452777.0,0,0,0,0,0,0
4159.0,Sun Nov 24 18:57:33 2024,Sun Nov 24 18:29:45 2024,0.0192060763888888,465589.0,0,0,0,0,0,0
4160.0,Sun Nov 24 19:25:27 2024,Sun Nov 24 18:57:39 2024,0.0192060763888888,460034.0,0,0,0,0,0,0
4161.0,Sun Nov 24 19:53:22 2024,Sun Nov 24 19:25:34 2024,0.0192060763888888,454435.0,0,0,0,0,0,0
4162.0,Sun Nov 24 20:21:16 2024,Sun Nov 24 19:53:28 2024,0.0192060763888888,439861.0,0,0,0,0,0,0
4163.0,Sun Nov 24 20:49:11 2024,Sun Nov 24 20:21:23 2024,0.0192060763888888,464968.0,1,0,0,0,0,0
4164.0,Sun Nov 24 21:17:05 2024,Sun Nov 24 20:49:17 2024,0.0192060763888888,458298.0,0,0,0,0,0,0
4165.0,Sun Nov 24 21:45:00 2024,Sun Nov 24 21:17:12 2024,0.0192060763888888,458919.0,0,0,0,0,0,0
4166.0,Sun Nov 24 22:12:54 2024,Sun Nov 24 21:45:06 2024,0.0192060763888888,458985.0,1,0,0,0,0,0
4167.0,Sun Nov 24 22:40:49 2024,Sun Nov 24 22:13:01 2024,0.0192060763888888,465235.0,0,0,0,0,0,0
4168.0,Sun Nov 24 23:08:43 2024,Sun Nov 24 22:40:55 2024,0.0192060763888888,459736.0,0,0,0,0,0,0
4169.0,Sun Nov 24 23:36:37 2024,Sun Nov 24 23:08:49 2024,0.0192060763888888,465944.0,0,0,0,0,0,0
4170.0,Mon Nov 25 00:04:32 2024,Sun Nov 24 23:36:44 2024,0.0192060763888888,453449.0,0,0,0,0,0,0
4171.0,Mon Nov 25 00:32:26 2024,Mon Nov 25 00:04:38 2024,0.0192060763888888,452531.0,0,0,0,0,0,0
4172.0,Mon Nov 25 01:00:21 2024,Mon Nov 25 00:32:32 2024,0.0192060763888888,459100.0,0,0,0,0,0,0
4173.0,Mon Nov 25 01:28:15 2024,Mon Nov 25 01:00:27 2024,0.0192060763888888,459090.0,0,0,0,0,0,0
4174.0,Mon Nov 25 01:56:09 2024,Mon Nov 25 01:28:21 2024,0.0192060763888888,459132.0,0,0,0,0,0,0
4175.0,Mon Nov 25 02:24:04 2024,Mon Nov 25 01:56:16 2024,0.0192060763888888,465147.0,0,0,0,0,0,0
4176.0,Mon Nov 25 02:51:58 2024,Mon Nov 25 02:24:10 2024,0.0192060763888888,459289.0,0,0,0,0,0,0
4177.0,Mon Nov 25 03:19:53 2024,Mon Nov 25 02:52:04 2024,0.0192060763888888,452960.0,0,0,0,0,0,0
4178.0,Mon Nov 25 03:47:47 2024,Mon Nov 25 03:19:59 2024,0.0192060763888888,453951.0,0,0,0,0,0,0
4179.0,Mon Nov 25 04:15:41 2024,Mon Nov 25 03:47:53 2024,0.0192060763888888,465876.0,0,0,0,0,0,0
4180.0,Mon Nov 25 04:43:36 2024,Mon Nov 25 04:15:47 2024,0.0192060763888888,459853.0,0,0,0,0,0,0
4181.0,Mon Nov 25 05:11:30 2024,Mon Nov 25 04:43:42 2024,0.0192060763888888,460669.0,0,0,0,0,0,0
4182.0,Mon Nov 25 05:39:25 2024,Mon Nov 25 05:11:36 2024,0.0192060763888888,465894.0,0,0,0,0,0,0
4183.0,Mon Nov 25 06:07:19 2024,Mon Nov 25 05:39:31 2024,0.0192060763888888,459932.0,0,0,0,0,0,0
4184.0,Mon Nov 25 06:35:14 2024,Mon Nov 25 06:07:25 2024,0.0192060763888888,466042.0,0,0,0,0,0,0
4185.0,Mon Nov 25 07:03:08 2024,Mon Nov 25 06:35:20 2024,0.0192060763888888,453540.0,0,0,0,0,0,0
4186.0,Mon Nov 25 07:31:03 2024,Mon Nov 25 07:03:14 2024,0.0192060763888888,460735.0,0,0,0,0,0,0
4187.0,Mon Nov 25 07:58:57 2024,Mon Nov 25 07:31:09 2024,0.0192060763888888,459958.0,0,0,0,0,0,0
4188.0,Mon Nov 25 08:26:51 2024,Mon Nov 25 07:59:03 2024,0.0192060763888888,452130.0,0,0,0,0,0,0
4189.0,Mon Nov 25 08:54:46 2024,Mon Nov 25 08:26:58 2024,0.0192060763888888,465541.0,0,0,0,0,0,0
4190.0,Mon Nov 25 09:22:40 2024,Mon Nov 25 08:54:52 2024,0.0192060763888888,459580.0,0,0,0,0,0,0
4191.0,Mon Nov 25 09:50:35 2024,Mon Nov 25 09:22:47 2024,0.0192060763888888,453368.0,0,0,0,0,0,0
4192.0,Mon Nov 25 10:18:29 2024,Mon Nov 25 09:50:41 2024,0.0192060763888888,447142.0,0,0,0,0,0,0
4193.0,Mon Nov 25 10:46:23 2024,Mon Nov 25 10:18:35 2024,0.0192060763888888,452858.0,0,0,0,0,0,0
4194.0,Mon Nov 25 11:14:18 2024,Mon Nov 25 10:46:30 2024,0.0192060763888888,465541.0,0,0,0,0,0,0
4195.0,Mon Nov 25 11:42:12 2024,Mon Nov 25 11:14:24 2024,0.0192060763888888,465826.0,0,0,0,0,0,0
4196.0,Mon Nov 25 12:10:06 2024,Mon Nov 25 11:42:18 2024,0.0192060763888888,459865.0,0,0,0,0,0,0
4197.0,Mon Nov 25 12:38:00 2024,Mon Nov 25 12:10:12 2024,0.0192060763888888,453271.0,0,0,0,0,0,0
4198.0,Mon Nov 25 13:05:55 2024,Mon Nov 25 12:38:07 2024,0.0192060763888888,465837.0,0,0,0,0,0,0
4199.0,Mon Nov 25 13:33:49 2024,Mon Nov 25 13:06:01 2024,0.0192060763888888,453937.0,0,0,0,0,0,0
4200.0,Mon Nov 25 14:01:44 2024,Mon Nov 25 13:33:56 2024,0.0192060763888888,465893.0,0,0,0,0,0,0
4201.0,Mon Nov 25 14:29:38 2024,Mon Nov 25 14:01:50 2024,0.0192060763888888,433498.0,0,0,0,0,0,0
4202.0,Mon Nov 25 14:57:33 2024,Mon Nov 25 14:29:45 2024,0.0192060763888888,464241.0,0,0,0,0,0,0
4203.0,Mon Nov 25 15:25:27 2024,Mon Nov 25 14:57:39 2024,0.0192060763888888,445045.0,0,0,0,0,0,0
4204.0,Mon Nov 25 15:53:21 2024,Mon Nov 25 15:25:33 2024,0.0192060763888888,446041.0,0,0,0,0,0,0
4205.0,Mon Nov 25 16:21:16 2024,Mon Nov 25 15:53:28 2024,0.0192060763888888,457836.0,0,0,0,0,0,0
4206.0,Mon Nov 25 16:49:10 2024,Mon Nov 25 16:21:22 2024,0.0192060763888888,451359.0,0,0,0,0,0,0
4207.0,Mon Nov 25 17:17:05 2024,Mon Nov 25 16:49:17 2024,0.0192060763888888,458491.0,0,0,0,0,0,0
4208.0,Mon Nov 25 17:44:59 2024,Mon Nov 25 17:17:11 2024,0.0192060763888888,459735.0,0,0,0,0,0,0
4209.0,Mon Nov 25 18:12:54 2024,Mon Nov 25 17:45:05 2024,0.0192060763888888,452872.0,0,0,0,0,0,0
4210.0,Mon Nov 25 18:40:48 2024,Mon Nov 25 18:13:00 2024,0.0192060763888888,447981.0,0,0,0,0,0,0
4211.0,Mon Nov 25 19:08:42 2024,Mon Nov 25 18:40:54 2024,0.0192060763888888,453641.0,0,0,0,0,0,0
4212.0,Mon Nov 25 19:36:37 2024,Mon Nov 25 19:08:49 2024,0.0192060763888888,465662.0,0,0,0,0,0,0
4213.0,Mon Nov 25 20:04:32 2024,Mon Nov 25 19:36:43 2024,0.0192060763888888,459721.0,0,0,0,0,0,0
4214.0,Mon Nov 25 20:32:26 2024,Mon Nov 25 20:04:38 2024,0.0192060763888888,459183.0,0,0,0,0,0,0
4215.0,Mon Nov 25 21:00:20 2024,Mon Nov 25 20:32:32 2024,0.0192060763888888,453004.0,0,0,0,0,0,0
4216.0,Mon Nov 25 21:28:15 2024,Mon Nov 25 21:00:26 2024,0.0192060763888888,459540.0,0,0,0,0,0,0
4217.0,Mon Nov 25 21:56:09 2024,Mon Nov 25 21:28:21 2024,0.0192060763888888,458747.0,0,0,0,0,0,0
4218.0,Mon Nov 25 22:24:04 2024,Mon Nov 25 21:56:15 2024,0.0192060763888888,465329.0,0,0,0,0,0,0
4219.0,Mon Nov 25 22:51:58 2024,Mon Nov 25 22:24:10 2024,0.0192060763888888,465340.0,0,0,0,0,0,0
4220.0,Mon Nov 25 23:19:52 2024,Mon Nov 25 22:52:04 2024,0.0192060763888888,459401.0,0,0,0,0,0,0
4221.0,Mon Nov 25 23:47:47 2024,Mon Nov 25 23:19:58 2024,0.0192060763888888,459193.0,0,0,0,0,0,0
4222.0,Tue Nov 26 00:15:41 2024,Mon Nov 25 23:47:53 2024,0.0192060763888888,465020.0,0,0,0,0,0,0
4223.0,Tue Nov 26 00:43:35 2024,Tue Nov 26 00:15:47 2024,0.0192060763888888,459769.0,0,0,0,0,0,0
4224.0,Tue Nov 26 01:11:30 2024,Tue Nov 26 00:43:42 2024,0.0192060763888888,459990.0,0,0,0,0,0,0
4225.0,Tue Nov 26 01:39:25 2024,Tue Nov 26 01:11:36 2024,0.0192060763888888,466001.0,0,0,0,0,0,0
4226.0,Tue Nov 26 02:07:19 2024,Tue Nov 26 01:39:31 2024,0.0192060763888888,453116.0,0,0,0,0,0,0
4227.0,Tue Nov 26 02:35:13 2024,Tue Nov 26 02:07:25 2024,0.0192060763888888,459765.0,0,0,0,0,0,0
4228.0,Tue Nov 26 03:03:08 2024,Tue Nov 26 02:35:19 2024,0.0192060763888888,458776.0,0,0,0,0,0,0
4229.0,Tue Nov 26 03:31:02 2024,Tue Nov 26 03:03:14 2024,0.0192060763888888,465602.0,0,0,0,0,0,0
4230.0,Tue Nov 26 03:58:57 2024,Tue Nov 26 03:31:09 2024,0.0192060763888888,459609.0,0,0,0,0,0,0
4231.0,Tue Nov 26 04:26:51 2024,Tue Nov 26 03:59:03 2024,0.0192060763888888,447675.0,0,0,0,0,0,0
4232.0,Tue Nov 26 04:54:46 2024,Tue Nov 26 04:26:57 2024,0.0192060763888888,465518.0,0,0,0,0,0,0
4233.0,Tue Nov 26 05:22:40 2024,Tue Nov 26 04:54:52 2024,0.0192060763888888,453754.0,0,0,0,0,0,0
4234.0,Tue Nov 26 05:50:35 2024,Tue Nov 26 05:22:46 2024,0.0192060763888888,434587.0,0,0,0,0,0,0
4235.0,Tue Nov 26 06:18:29 2024,Tue Nov 26 05:50:41 2024,0.0192060763888888,464603.0,0,0,0,0,0,0
4236.0,Tue Nov 26 06:46:23 2024,Tue Nov 26 06:18:35 2024,0.0192060763888888,450479.0,0,0,0,0,0,0
4237.0,Tue Nov 26 07:14:18 2024,Tue Nov 26 06:46:29 2024,0.0192060763888888,446095.0,0,0,0,0,0,0
4238.0,Tue Nov 26 07:42:12 2024,Tue Nov 26 07:14:24 2024,0.0192060763888888,439294.0,0,0,0,0,0,0
4239.0,Tue Nov 26 08:10:07 2024,Tue Nov 26 07:42:19 2024,0.0192060763888888,463766.0,0,0,0,0,0,0
4240.0,Tue Nov 26 08:38:01 2024,Tue Nov 26 08:10:13 2024,0.0192060763888888,458876.0,0,0,0,0,0,0
4241.0,Tue Nov 26 09:05:56 2024,Tue Nov 26 08:38:07 2024,0.0192060763888888,451838.0,0,0,0,0,0,0
4242.0,Tue Nov 26 09:33:50 2024,Tue Nov 26 09:06:02 2024,0.0192060763888888,458699.0,0,0,0,0,0,0
4243.0,Tue Nov 26 10:01:45 2024,Tue Nov 26 09:33:56 2024,0.0192060763888888,426276.0,0,0,0,0,0,0
4244.0,Tue Nov 26 10:29:39 2024,Tue Nov 26 10:01:51 2024,0.0192060763888888,458026.0,0,0,0,0,0,0
4245.0,Tue Nov 26 10:57:34 2024,Tue Nov 26 10:29:45 2024,0.0192060763888888,451838.0,0,0,0,0,0,0
4246.0,Tue Nov 26 11:25:28 2024,Tue Nov 26 10:57:40 2024,0.0192060763888888,452343.0,0,0,0,0,0,0
4247.0,Tue Nov 26 11:53:23 2024,Tue Nov 26 11:25:34 2024,0.0192060763888888,453136.0,0,0,0,0,0,0
4248.0,Tue Nov 26 12:21:17 2024,Tue Nov 26 11:53:29 2024,0.0192060763888888,452534.0,0,0,0,0,0,0
4249.0,Tue Nov 26 12:49:12 2024,Tue Nov 26 12:21:24 2024,0.0192060763888888,446246.0,0,0,0,0,0,0
4250.0,Tue Nov 26 13:17:06 2024,Tue Nov 26 12:49:18 2024,0.0192060763888888,459652.0,0,0,0,0,0,0
4251.0,Tue Nov 26 13:45:00 2024,Tue Nov 26 13:17:12 2024,0.0192060763888888,453786.0,0,0,0,0,0,0
4252.0,Tue Nov 26 14:12:55 2024,Tue Nov 26 13:45:06 2024,0.0192060763888888,450949.0,1,0,0,0,0,0
4253.0,Tue Nov 26 14:40:49 2024,Tue Nov 26 14:13:01 2024,0.0192060763888888,453368.0,0,0,0,0,0,0
4254.0,Tue Nov 26 15:08:43 2024,Tue Nov 26 14:40:55 2024,0.0192060763888888,440473.0,0,0,0,0,0,0
4255.0,Tue Nov 26 15:36:38 2024,Tue Nov 26 15:08:50 2024,0.0192060763888888,439382.0,0,0,0,0,0,0
4256.0,Tue Nov 26 16:04:32 2024,Tue Nov 26 15:36:44 2024,0.0192060763888888,445678.0,0,0,0,0,0,0
4257.0,Tue Nov 26 16:32:27 2024,Tue Nov 26 16:04:38 2024,0.0192060763888888,440232.0,1,0,0,0,0,0
4258.0,Tue Nov 26 17:00:21 2024,Tue Nov 26 16:32:33 2024,0.0192060763888888,457361.0,0,0,0,0,0,0
4259.0,Tue Nov 26 17:28:16 2024,Tue Nov 26 17:00:27 2024,0.0192060763888888,458149.0,0,0,0,0,0,0
4260.0,Tue Nov 26 17:56:10 2024,Tue Nov 26 17:28:22 2024,0.0192060763888888,458594.0,0,0,0,0,0,0
4261.0,Tue Nov 26 18:24:05 2024,Tue Nov 26 17:56:16 2024,0.0192060763888888,447812.0,0,0,0,0,0,0
4262.0,Tue Nov 26 18:51:59 2024,Tue Nov 26 18:24:11 2024,0.0192060763888888,458932.0,0,0,0,0,0,0
4263.0,Tue Nov 26 19:19:53 2024,Tue Nov 26 18:52:05 2024,0.0192060763888888,459086.0,0,0,0,0,0,0
4264.0,Tue Nov 26 19:47:48 2024,Tue Nov 26 19:20:00 2024,0.0192060763888888,457109.0,0,0,0,0,0,0
4265.0,Tue Nov 26 20:15:42 2024,Tue Nov 26 19:47:54 2024,0.0192060763888888,465042.0,0,0,0,0,0,0
4266.0,Tue Nov 26 20:43:36 2024,Tue Nov 26 20:15:48 2024,0.0192060763888888,446075.0,0,0,0,0,0,0
4267.0,Tue Nov 26 21:11:31 2024,Tue Nov 26 20:43:43 2024,0.0192060763888888,452605.0,0,0,0,0,0,0
4268.0,Tue Nov 26 21:39:25 2024,Tue Nov 26 21:11:37 2024,0.0192060763888888,459541.0,0,0,0,0,0,0
4269.0,Tue Nov 26 22:07:20 2024,Tue Nov 26 21:39:31 2024,0.0192060763888888,465592.0,0,0,0,0,0,0
4270.0,Tue Nov 26 22:35:14 2024,Tue Nov 26 22:07:26 2024,0.0192060763888888,465790.0,0,0,0,0,0,0
4271.0,Tue Nov 26 23:03:09 2024,Tue Nov 26 22:35:20 2024,0.0192060763888888,465866.0,0,0,0,0,0,0
4272.0,Tue Nov 26 23:31:03 2024,Tue Nov 26 23:03:15 2024,0.0192060763888888,453768.0,0,0,0,0,0,0
4273.0,Tue Nov 26 23:58:57 2024,Tue Nov 26 23:31:09 2024,0.0192060763888888,459433.0,1,0,0,0,0,0
4274.0,Wed Nov 27 00:26:52 2024,Tue Nov 26 23:59:04 2024,0.0192060763888888,446739.0,0,0,0,0,0,0
4275.0,Wed Nov 27 00:54:46 2024,Wed Nov 27 00:26:58 2024,0.0192060763888888,446721.0,0,0,0,0,0,0
4276.0,Wed Nov 27 01:22:40 2024,Wed Nov 27 00:54:52 2024,0.0192060763888888,451415.0,0,0,0,0,0,0
4277.0,Wed Nov 27 01:50:35 2024,Wed Nov 27 01:22:47 2024,0.0192060763888888,464278.0,0,0,0,0,0,0
4278.0,Wed Nov 27 02:18:29 2024,Wed Nov 27 01:50:41 2024,0.0192060763888888,447570.0,0,0,0,0,0,0
4279.0,Wed Nov 27 02:46:24 2024,Wed Nov 27 02:18:35 2024,0.0192060763888888,458584.0,0,0,0,0,0,0
4280.0,Wed Nov 27 03:14:18 2024,Wed Nov 27 02:46:30 2024,0.0192060763888888,464640.0,0,0,0,0,0,0
4281.0,Wed Nov 27 03:42:12 2024,Wed Nov 27 03:14:24 2024,0.0192060763888888,459121.0,0,0,0,0,0,0
4282.0,Wed Nov 27 04:10:07 2024,Wed Nov 27 03:42:19 2024,0.0192060763888888,433429.0,0,0,0,0,0,0
4283.0,Wed Nov 27 04:38:01 2024,Wed Nov 27 04:10:13 2024,0.0192060763888888,453649.0,0,0,0,0,0,0
4284.0,Wed Nov 27 05:05:55 2024,Wed Nov 27 04:38:07 2024,0.0192060763888888,433957.0,0,0,0,0,0,0
4285.0,Wed Nov 27 05:33:50 2024,Wed Nov 27 05:06:02 2024,0.0192060763888888,458395.0,0,0,0,0,0,0
4286.0,Wed Nov 27 06:01:44 2024,Wed Nov 27 05:33:56 2024,0.0192060763888888,444398.0,1,0,0,0,0,0
4287.0,Wed Nov 27 06:29:39 2024,Wed Nov 27 06:01:50 2024,0.0192060763888888,457782.0,0,0,0,0,0,0
4288.0,Wed Nov 27 06:57:33 2024,Wed Nov 27 06:29:45 2024,0.0192060763888888,458085.0,0,0,0,0,0,0
4289.0,Wed Nov 27 07:25:28 2024,Wed Nov 27 06:57:39 2024,0.0192060763888888,458721.0,0,0,0,0,0,0
4290.0,Wed Nov 27 07:53:22 2024,Wed Nov 27 07:25:34 2024,0.0192060763888888,459156.0,0,0,0,0,0,0
4291.0,Wed Nov 27 08:21:16 2024,Wed Nov 27 07:53:28 2024,0.0192060763888888,464991.0,0,0,0,0,0,0
4292.0,Wed Nov 27 08:49:11 2024,Wed Nov 27 08:21:22 2024,0.0192060763888888,465101.0,0,0,0,0,0,0
4293.0,Wed Nov 27 09:17:05 2024,Wed Nov 27 08:49:17 2024,0.0192060763888888,459671.0,0,0,0,0,0,0
4294.0,Wed Nov 27 09:44:59 2024,Wed Nov 27 09:17:11 2024,0.0192060763888888,465900.0,0,0,0,0,0,0
4295.0,Wed Nov 27 10:12:54 2024,Wed Nov 27 09:45:05 2024,0.0192060763888888,459907.0,0,0,0,0,0,0
4296.0,Wed Nov 27 10:40:48 2024,Wed Nov 27 10:13:00 2024,0.0192060763888888,448241.0,0,0,0,0,0,0
4297.0,Wed Nov 27 11:08:43 2024,Wed Nov 27 10:40:54 2024,0.0192060763888888,465857.0,0,0,0,0,0,0
4298.0,Wed Nov 27 11:36:37 2024,Wed Nov 27 11:08:49 2024,0.0192060763888888,458297.0,0,0,0,0,0,0
4299.0,Wed Nov 27 12:04:31 2024,Wed Nov 27 11:36:43 2024,0.0192060763888888,459716.0,0,0,0,0,0,0
4300.0,Wed Nov 27 12:32:26 2024,Wed Nov 27 12:04:38 2024,0.0192060763888888,464957.0,0,0,0,0,0,0
4301.0,Wed Nov 27 13:00:21 2024,Wed Nov 27 12:32:32 2024,0.0192060763888888,464952.0,0,0,0,0,0,0
4302.0,Wed Nov 27 13:28:15 2024,Wed Nov 27 13:00:27 2024,0.0192060763888888,452167.0,0,0,0,0,0,0
4303.0,Wed Nov 27 13:56:09 2024,Wed Nov 27 13:28:21 2024,0.0192060763888888,447321.0,0,0,0,0,0,0
4304.0,Wed Nov 27 14:24:04 2024,Wed Nov 27 13:56:16 2024,0.0192060763888888,458563.0,0,0,0,0,0,0
4305.0,Wed Nov 27 14:51:58 2024,Wed Nov 27 14:24:10 2024,0.0192060763888888,447169.0,0,0,0,0,0,0
4306.0,Wed Nov 27 15:19:53 2024,Wed Nov 27 14:52:05 2024,0.0192060763888888,458636.0,0,0,0,0,0,0
4307.0,Wed Nov 27 15:47:47 2024,Wed Nov 27 15:19:59 2024,0.0192060763888888,459092.0,0,0,0,0,0,0
4308.0,Wed Nov 27 16:15:41 2024,Wed Nov 27 15:47:53 2024,0.0192060763888888,453966.0,0,0,0,0,0,0
4309.0,Wed Nov 27 16:43:36 2024,Wed Nov 27 16:15:47 2024,0.0192060763888888,464638.0,0,0,0,0,0,0
4310.0,Wed Nov 27 17:11:30 2024,Wed Nov 27 16:43:42 2024,0.0192060763888888,447206.0,0,0,0,0,0,0
4311.0,Wed Nov 27 17:39:24 2024,Wed Nov 27 17:11:36 2024,0.0192060763888888,459683.0,0,0,0,0,0,0
4312.0,Wed Nov 27 18:07:19 2024,Wed Nov 27 17:39:31 2024,0.0192060763888888,465689.0,0,0,0,0,0,0
4313.0,Wed Nov 27 18:35:13 2024,Wed Nov 27 18:07:25 2024,0.0192060763888888,465727.0,0,0,0,0,0,0
4314.0,Wed Nov 27 19:03:07 2024,Wed Nov 27 18:35:19 2024,0.0192060763888888,459202.0,0,0,0,0,0,0
4315.0,Wed Nov 27 19:31:02 2024,Wed Nov 27 19:03:14 2024,0.0192060763888888,465757.0,0,0,0,0,0,0
4316.0,Wed Nov 27 19:58:56 2024,Wed Nov 27 19:31:08 2024,0.0192060763888888,465894.0,0,0,0,0,0,0
4317.0,Wed Nov 27 20:26:50 2024,Wed Nov 27 19:59:02 2024,0.0192060763888888,459538.0,0,0,0,0,0,0
4318.0,Wed Nov 27 20:54:45 2024,Wed Nov 27 20:26:56 2024,0.0192060763888888,440290.0,0,0,0,0,0,0
4319.0,Wed Nov 27 21:22:39 2024,Wed Nov 27 20:54:51 2024,0.0192060763888888,464699.0,0,0,0,0,0,0
4320.0,Wed Nov 27 21:50:33 2024,Wed Nov 27 21:22:45 2024,0.0192060763888888,464762.0,0,0,0,0,0,0
4321.0,Wed Nov 27 22:18:28 2024,Wed Nov 27 21:50:39 2024,0.0192060763888888,464821.0,0,0,0,0,0,0
4322.0,Wed Nov 27 22:46:22 2024,Wed Nov 27 22:18:34 2024,0.0192060763888888,432872.0,0,0,0,0,0,0
4323.0,Wed Nov 27 23:14:16 2024,Wed Nov 27 22:46:28 2024,0.0192060763888888,456380.0,0,0,0,0,0,0
4324.0,Wed Nov 27 23:42:11 2024,Wed Nov 27 23:14:23 2024,0.0192060763888888,463487.0,0,0,0,0,0,0
4325.0,Thu Nov 28 00:10:05 2024,Wed Nov 27 23:42:17 2024,0.0192060763888888,458267.0,0,0,0,0,0,0
4326.0,Thu Nov 28 00:37:59 2024,Thu Nov 28 00:10:11 2024,0.0192060763888888,452322.0,0,0,0,0,0,0
4327.0,Thu Nov 28 01:05:54 2024,Thu Nov 28 00:38:05 2024,0.0192060763888888,458191.0,0,0,0,0,0,0
4328.0,Thu Nov 28 01:33:48 2024,Thu Nov 28 01:06:00 2024,0.0192060763888888,459070.0,0,0,0,0,0,0
4329.0,Thu Nov 28 02:01:42 2024,Thu Nov 28 01:33:54 2024,0.0192060763888888,465986.0,0,0,0,0,0,0
4330.0,Thu Nov 28 02:29:37 2024,Thu Nov 28 02:01:49 2024,0.0192060763888888,460862.0,0,0,0,0,0,0
4331.0,Thu Nov 28 02:57:31 2024,Thu Nov 28 02:29:43 2024,0.0192060763888888,460086.0,1,0,0,0,0,0
4332.0,Thu Nov 28 03:25:25 2024,Thu Nov 28 02:57:37 2024,0.0192060763888888,459556.0,0,0,0,0,0,0
4333.0,Thu Nov 28 03:53:20 2024,Thu Nov 28 03:25:32 2024,0.0192060763888888,451581.0,0,0,0,0,0,0
4334.0,Thu Nov 28 04:21:14 2024,Thu Nov 28 03:53:26 2024,0.0192060763888888,458125.0,0,0,0,0,0,0
4335.0,Thu Nov 28 04:49:08 2024,Thu Nov 28 04:21:20 2024,0.0192060763888888,452430.0,0,0,0,0,0,0
4336.0,Thu Nov 28 05:17:03 2024,Thu Nov 28 04:49:14 2024,0.0192060763888888,458271.0,0,0,0,0,0,0
4337.0,Thu Nov 28 05:44:57 2024,Thu Nov 28 05:17:09 2024,0.0192060763888888,463995.0,0,0,0,0,0,0
4338.0,Thu Nov 28 06:12:52 2024,Thu Nov 28 05:45:04 2024,0.0192060763888888,458124.0,0,0,0,0,0,0
4339.0,Thu Nov 28 06:40:46 2024,Thu Nov 28 06:12:58 2024,0.0192060763888888,457448.0,0,0,0,0,0,0
4340.0,Thu Nov 28 07:08:40 2024,Thu Nov 28 06:40:52 2024,0.0192060763888888,458593.0,0,0,0,0,0,0
4341.0,Thu Nov 28 07:36:35 2024,Thu Nov 28 07:08:47 2024,0.0192060763888888,447067.0,0,0,0,0,0,0
4342.0,Thu Nov 28 08:04:29 2024,Thu Nov 28 07:36:41 2024,0.0192060763888888,465234.0,0,0,0,0,0,0
4343.0,Thu Nov 28 08:32:23 2024,Thu Nov 28 08:04:35 2024,0.0192060763888888,465292.0,0,0,0,0,0,0
4344.0,Thu Nov 28 09:00:18 2024,Thu Nov 28 08:32:30 2024,0.0192060763888888,450134.0,0,0,0,0,0,0
4345.0,Thu Nov 28 09:28:12 2024,Thu Nov 28 09:00:24 2024,0.0192060763888888,458468.0,0,0,0,0,0,0
4346.0,Thu Nov 28 09:56:07 2024,Thu Nov 28 09:28:18 2024,0.0192060763888888,458457.0,0,0,0,0,0,0
4347.0,Thu Nov 28 10:24:01 2024,Thu Nov 28 09:56:13 2024,0.0192060763888888,439144.0,0,0,0,0,0,0
4348.0,Thu Nov 28 10:51:55 2024,Thu Nov 28 10:24:07 2024,0.0192060763888888,457425.0,0,0,0,0,0,0
4349.0,Thu Nov 28 11:19:50 2024,Thu Nov 28 10:52:01 2024,0.0192060763888888,458113.0,0,0,0,0,0,0
4350.0,Thu Nov 28 11:47:44 2024,Thu Nov 28 11:19:56 2024,0.0192060763888888,464819.0,1,0,0,0,0,0
4351.0,Thu Nov 28 12:15:38 2024,Thu Nov 28 11:47:50 2024,0.0192060763888888,438941.0,0,0,0,0,0,0
4352.0,Thu Nov 28 12:43:33 2024,Thu Nov 28 12:15:44 2024,0.0192060763888888,458651.0,0,0,0,0,0,0
4353.0,Thu Nov 28 13:11:27 2024,Thu Nov 28 12:43:39 2024,0.0192060763888888,458709.0,0,0,0,0,0,0
4354.0,Thu Nov 28 13:39:22 2024,Thu Nov 28 13:11:34 2024,0.0192060763888888,451502.0,0,0,0,0,0,0
4355.0,Thu Nov 28 14:07:16 2024,Thu Nov 28 13:39:28 2024,0.0192060763888888,458735.0,0,0,0,0,0,0
4356.0,Thu Nov 28 14:35:10 2024,Thu Nov 28 14:07:22 2024,0.0192060763888888,464649.0,0,0,0,0,0,0
4357.0,Thu Nov 28 15:03:05 2024,Thu Nov 28 14:35:16 2024,0.0192060763888888,459097.0,0,0,0,0,0,0
4358.0,Thu Nov 28 15:30:59 2024,Thu Nov 28 15:03:11 2024,0.0192060763888888,446452.0,0,0,0,0,0,0
4359.0,Thu Nov 28 15:58:53 2024,Thu Nov 28 15:31:05 2024,0.0192060763888888,452519.0,0,0,0,0,0,0
4360.0,Thu Nov 28 16:26:48 2024,Thu Nov 28 15:59:00 2024,0.0192060763888888,453681.0,0,0,0,0,0,0
4361.0,Thu Nov 28 16:54:42 2024,Thu Nov 28 16:26:54 2024,0.0192060763888888,451676.0,0,0,0,0,0,0
4362.0,Thu Nov 28 17:22:36 2024,Thu Nov 28 16:54:48 2024,0.0192060763888888,438149.0,0,0,0,0,0,0
4363.0,Thu Nov 28 17:50:31 2024,Thu Nov 28 17:22:43 2024,0.0192060763888888,450948.0,0,0,0,0,0,0
4364.0,Thu Nov 28 18:18:25 2024,Thu Nov 28 17:50:37 2024,0.0192060763888888,451490.0,0,0,0,0,0,0
4365.0,Thu Nov 28 18:46:20 2024,Thu Nov 28 18:18:31 2024,0.0192060763888888,444398.0,0,0,0,0,0,0
4366.0,Thu Nov 28 19:14:14 2024,Thu Nov 28 18:46:26 2024,0.0192060763888888,446328.0,0,0,0,0,0,0
4367.0,Thu Nov 28 19:42:08 2024,Thu Nov 28 19:14:20 2024,0.0192060763888888,458044.0,0,0,0,0,0,0
4368.0,Thu Nov 28 20:10:03 2024,Thu Nov 28 19:42:14 2024,0.0192060763888888,458912.0,0,0,0,0,0,0
4369.0,Thu Nov 28 20:37:57 2024,Thu Nov 28 20:10:09 2024,0.0192060763888888,465535.0,0,0,0,0,0,0
4370.0,Thu Nov 28 21:05:52 2024,Thu Nov 28 20:38:04 2024,0.0192060763888888,459578.0,0,0,0,0,0,0
4371.0,Thu Nov 28 21:33:46 2024,Thu Nov 28 21:05:58 2024,0.0192060763888888,465624.0,0,0,0,0,0,0
4372.0,Thu Nov 28 22:01:40 2024,Thu Nov 28 21:33:52 2024,0.0192060763888888,466013.0,0,0,0,0,0,0
4373.0,Thu Nov 28 22:29:35 2024,Thu Nov 28 22:01:47 2024,0.0192060763888888,466058.0,0,0,0,0,0,0
4374.0,Thu Nov 28 22:57:30 2024,Thu Nov 28 22:29:41 2024,0.0192060763888888,454068.0,0,0,0,0,0,0
4375.0,Thu Nov 28 23:25:24 2024,Thu Nov 28 22:57:36 2024,0.0192060763888888,453699.0,0,0,0,0,0,0
4376.0,Thu Nov 28 23:53:18 2024,Thu Nov 28 23:25:30 2024,0.0192060763888888,434692.0,1,0,0,0,0,0
4377.0,Fri Nov 29 00:21:13 2024,Thu Nov 28 23:53:24 2024,0.0192060763888888,445474.0,0,0,0,0,0,0
4378.0,Fri Nov 29 00:49:07 2024,Fri Nov 29 00:21:19 2024,0.0192060763888888,445596.0,0,0,0,0,0,0
4379.0,Fri Nov 29 01:17:01 2024,Fri Nov 29 00:49:13 2024,0.0192060763888888,464174.0,0,0,0,0,0,0
4380.0,Fri Nov 29 01:44:56 2024,Fri Nov 29 01:17:08 2024,0.0192060763888888,458249.0,0,0,0,0,0,0
4381.0,Fri Nov 29 02:12:50 2024,Fri Nov 29 01:45:02 2024,0.0192060763888888,458499.0,1,0,0,0,0,0
4382.0,Fri Nov 29 02:40:44 2024,Fri Nov 29 02:12:56 2024,0.0192060763888888,453337.0,0,0,0,0,0,0
4383.0,Fri Nov 29 03:08:39 2024,Fri Nov 29 02:40:51 2024,0.0192060763888888,447674.0,0,0,0,0,0,0
4384.0,Fri Nov 29 03:36:33 2024,Fri Nov 29 03:08:45 2024,0.0192060763888888,446751.0,0,0,0,0,0,0
4385.0,Fri Nov 29 04:04:28 2024,Fri Nov 29 03:36:39 2024,0.0192060763888888,459163.0,0,0,0,0,0,0
4386.0,Fri Nov 29 04:32:22 2024,Fri Nov 29 04:04:34 2024,0.0192060763888888,459451.0,0,0,0,0,0,0
4387.0,Fri Nov 29 05:00:17 2024,Fri Nov 29 04:32:28 2024,0.0192060763888888,454798.0,0,0,0,0,0,0
4388.0,Fri Nov 29 05:28:11 2024,Fri Nov 29 05:00:23 2024,0.0192060763888888,459364.0,0,0,0,0,0,0
4389.0,Fri Nov 29 05:56:05 2024,Fri Nov 29 05:28:17 2024,0.0192060763888888,465428.0,0,0,0,0,0,0
4390.0,Fri Nov 29 06:24:00 2024,Fri Nov 29 05:56:11 2024,0.0192060763888888,441062.0,0,0,0,0,0,0
4391.0,Fri Nov 29 06:51:54 2024,Fri Nov 29 06:24:06 2024,0.0192060763888888,465679.0,0,0,0,0,0,0
4392.0,Fri Nov 29 07:19:48 2024,Fri Nov 29 06:52:00 2024,0.0192060763888888,452875.0,0,0,0,0,0,0
4393.0,Fri Nov 29 07:47:43 2024,Fri Nov 29 07:19:54 2024,0.0192060763888888,447596.0,0,0,0,0,0,0
4394.0,Fri Nov 29 08:15:37 2024,Fri Nov 29 07:47:49 2024,0.0192060763888888,464784.0,0,0,0,0,0,0
4395.0,Fri Nov 29 08:43:32 2024,Fri Nov 29 08:15:43 2024,0.0192060763888888,465039.0,0,0,0,0,0,0
4396.0,Fri Nov 29 09:11:26 2024,Fri Nov 29 08:43:38 2024,0.0192060763888888,459209.0,0,0,0,0,0,0
4397.0,Fri Nov 29 09:39:20 2024,Fri Nov 29 09:11:32 2024,0.0192060763888888,460233.0,0,0,0,0,0,0
4398.0,Fri Nov 29 10:07:15 2024,Fri Nov 29 09:39:26 2024,0.0192060763888888,460198.0,0,0,0,0,0,0
4399.0,Fri Nov 29 10:35:09 2024,Fri Nov 29 10:07:21 2024,0.0192060763888888,459864.0,0,0,0,0,0,0
4400.0,Fri Nov 29 11:03:03 2024,Fri Nov 29 10:35:15 2024,0.0192060763888888,460032.0,0,0,0,0,0,0
4401.0,Fri Nov 29 11:30:58 2024,Fri Nov 29 11:03:09 2024,0.0192060763888888,466032.0,0,0,0,0,0,0
4402.0,Fri Nov 29 11:58:52 2024,Fri Nov 29 11:31:04 2024,0.0192060763888888,448114.0,0,0,0,0,0,0
4403.0,Fri Nov 29 12:26:46 2024,Fri Nov 29 11:58:58 2024,0.0192060763888888,453367.0,0,0,0,0,0,0
4404.0,Fri Nov 29 12:54:41 2024,Fri Nov 29 12:26:53 2024,0.0192060763888888,442071.0,0,0,0,0,0,0
4405.0,Fri Nov 29 13:22:35 2024,Fri Nov 29 12:54:47 2024,0.0192060763888888,447876.0,0,0,0,0,0,0
4406.0,Fri Nov 29 13:50:29 2024,Fri Nov 29 13:22:41 2024,0.0192060763888888,465486.0,0,0,0,0,0,0
4407.0,Fri Nov 29 14:18:24 2024,Fri Nov 29 13:50:36 2024,0.0192060763888888,459505.0,0,0,0,0,0,0
4408.0,Fri Nov 29 14:46:18 2024,Fri Nov 29 14:18:30 2024,0.0192060763888888,453572.0,0,0,0,0,0,0
4409.0,Fri Nov 29 15:14:13 2024,Fri Nov 29 14:46:24 2024,0.0192060763888888,465649.0,0,0,0,0,0,0
4410.0,Fri Nov 29 15:42:07 2024,Fri Nov 29 15:14:19 2024,0.0192060763888888,447416.0,0,0,0,0,0,0
4411.0,Fri Nov 29 16:10:02 2024,Fri Nov 29 15:42:13 2024,0.0192060763888888,453251.0,0,0,0,0,0,0
4412.0,Fri Nov 29 16:37:56 2024,Fri Nov 29 16:10:08 2024,0.0192060763888888,446585.0,0,0,0,0,0,0
4413.0,Fri Nov 29 17:05:51 2024,Fri Nov 29 16:38:03 2024,0.0192060763888888,459386.0,0,0,0,0,0,0
4414.0,Fri Nov 29 17:33:45 2024,Fri Nov 29 17:05:57 2024,0.0192060763888888,459000.0,0,0,0,0,0,0
4415.0,Fri Nov 29 18:01:39 2024,Fri Nov 29 17:33:51 2024,0.0192060763888888,445150.0,0,0,0,0,0,0
4416.0,Fri Nov 29 18:29:34 2024,Fri Nov 29 18:01:45 2024,0.0192060763888888,459284.0,0,0,0,0,0,0
4417.0,Fri Nov 29 18:57:28 2024,Fri Nov 29 18:29:40 2024,0.0192060763888888,459529.0,0,0,0,0,0,0
4418.0,Fri Nov 29 19:25:23 2024,Fri Nov 29 18:57:34 2024,0.0192060763888888,465664.0,0,0,0,0,0,0
4419.0,Fri Nov 29 19:53:17 2024,Fri Nov 29 19:25:29 2024,0.0192060763888888,465827.0,0,0,0,0,0,0
4420.0,Fri Nov 29 20:21:11 2024,Fri Nov 29 19:53:23 2024,0.0192060763888888,453279.0,0,0,0,0,0,0
4421.0,Fri Nov 29 20:49:05 2024,Fri Nov 29 20:21:17 2024,0.0192060763888888,459154.0,0,0,0,0,0,0
4422.0,Fri Nov 29 21:17:00 2024,Fri Nov 29 20:49:11 2024,0.0192060763888888,465924.0,0,0,0,0,0,0
4423.0,Fri Nov 29 21:44:54 2024,Fri Nov 29 21:17:06 2024,0.0192060763888888,453962.0,0,0,0,0,0,0
4424.0,Fri Nov 29 22:12:48 2024,Fri Nov 29 21:45:00 2024,0.0192060763888888,459956.0,0,0,0,0,0,0
4425.0,Fri Nov 29 22:40:43 2024,Fri Nov 29 22:12:54 2024,0.0192060763888888,465928.0,0,0,0,0,0,0
4426.0,Fri Nov 29 23:08:37 2024,Fri Nov 29 22:40:49 2024,0.0192060763888888,447532.0,0,0,0,0,0,0
4427.0,Fri Nov 29 23:36:31 2024,Fri Nov 29 23:08:43 2024,0.0192060763888888,465879.0,0,0,0,0,0,0
4428.0,Sat Nov 30 00:04:26 2024,Fri Nov 29 23:36:38 2024,0.0192060763888888,447313.0,0,0,0,0,0,0
4429.0,Sat Nov 30 00:32:21 2024,Sat Nov 30 00:04:32 2024,0.0192060763888888,458615.0,0,0,0,0,0,0
4430.0,Sat Nov 30 01:00:15 2024,Sat Nov 30 00:32:27 2024,0.0192060763888888,451658.0,0,0,0,0,0,0
4431.0,Sat Nov 30 01:28:09 2024,Sat Nov 30 01:00:21 2024,0.0192060763888888,462637.0,0,0,0,0,0,0
4432.0,Sat Nov 30 01:56:03 2024,Sat Nov 30 01:28:15 2024,0.0192060763888888,452959.0,1,0,0,0,0,0
4433.0,Sat Nov 30 02:23:58 2024,Sat Nov 30 01:56:09 2024,0.0192060763888888,464117.0,0,0,0,0,0,0
4434.0,Sat Nov 30 02:51:52 2024,Sat Nov 30 02:24:04 2024,0.0192060763888888,452639.0,0,0,0,0,0,0
4435.0,Sat Nov 30 03:19:47 2024,Sat Nov 30 02:51:58 2024,0.0192060763888888,464865.0,0,0,0,0,0,0
4436.0,Sat Nov 30 03:47:41 2024,Sat Nov 30 03:19:53 2024,0.0192060763888888,458740.0,0,0,0,0,0,0
4437.0,Sat Nov 30 04:15:35 2024,Sat Nov 30 03:47:47 2024,0.0192060763888888,459090.0,0,0,0,0,0,0
4438.0,Sat Nov 30 04:43:30 2024,Sat Nov 30 04:15:41 2024,0.0192060763888888,464865.0,0,0,0,0,0,0
4439.0,Sat Nov 30 05:11:24 2024,Sat Nov 30 04:43:36 2024,0.0192060763888888,453778.0,0,0,0,0,0,0
4440.0,Sat Nov 30 05:39:18 2024,Sat Nov 30 05:11:30 2024,0.0192060763888888,464576.0,0,0,0,0,0,0
4441.0,Sat Nov 30 06:07:13 2024,Sat Nov 30 05:39:24 2024,0.0192060763888888,439759.0,0,0,0,0,0,0
4442.0,Sat Nov 30 06:35:07 2024,Sat Nov 30 06:07:19 2024,0.0192060763888888,464534.0,0,0,0,0,0,0
4443.0,Sat Nov 30 07:03:01 2024,Sat Nov 30 06:35:13 2024,0.0192060763888888,444238.0,0,0,0,0,0,0
4444.0,Sat Nov 30 07:30:56 2024,Sat Nov 30 07:03:07 2024,0.0192060763888888,459581.0,0,0,0,0,0,0
4445.0,Sat Nov 30 07:58:50 2024,Sat Nov 30 07:31:02 2024,0.0192060763888888,440162.0,0,0,0,0,0,0
4446.0,Sat Nov 30 08:26:44 2024,Sat Nov 30 07:58:56 2024,0.0192060763888888,445929.0,0,0,0,0,0,0
4447.0,Sat Nov 30 08:54:39 2024,Sat Nov 30 08:26:50 2024,0.0192060763888888,458772.0,0,0,0,0,0,0
4448.0,Sat Nov 30 09:22:33 2024,Sat Nov 30 08:54:45 2024,0.0192060763888888,464809.0,0,0,0,0,0,0
4449.0,Sat Nov 30 09:50:27 2024,Sat Nov 30 09:22:39 2024,0.0192060763888888,464932.0,0,0,0,0,0,0
4450.0,Sat Nov 30 10:18:22 2024,Sat Nov 30 09:50:34 2024,0.0192060763888888,459156.0,0,0,0,0,0,0
4451.0,Sat Nov 30 10:46:16 2024,Sat Nov 30 10:18:28 2024,0.0192060763888888,445177.0,0,0,0,0,0,0
4452.0,Sat Nov 30 11:14:11 2024,Sat Nov 30 10:46:22 2024,0.0192060763888888,464916.0,0,0,0,0,0,0
4453.0,Sat Nov 30 11:42:05 2024,Sat Nov 30 11:14:17 2024,0.0192060763888888,459268.0,0,0,0,0,0,0
4454.0,Sat Nov 30 12:10:00 2024,Sat Nov 30 11:42:11 2024,0.0192060763888888,459310.0,0,0,0,0,0,0
4455.0,Sat Nov 30 12:37:54 2024,Sat Nov 30 12:10:06 2024,0.0192060763888888,453268.0,0,0,0,0,0,0
4456.0,Sat Nov 30 13:05:48 2024,Sat Nov 30 12:38:00 2024,0.0192060763888888,465279.0,0,0,0,0,0,0
4457.0,Sat Nov 30 13:33:43 2024,Sat Nov 30 13:05:55 2024,0.0192060763888888,465662.0,0,0,0,0,0,0
4458.0,Sat Nov 30 14:01:37 2024,Sat Nov 30 13:33:49 2024,0.0192060763888888,448668.0,0,0,0,0,0,0
4459.0,Sat Nov 30 14:29:32 2024,Sat Nov 30 14:01:44 2024,0.0192060763888888,454263.0,0,0,0,0,0,0
4460.0,Sat Nov 30 14:57:26 2024,Sat Nov 30 14:29:38 2024,0.0192060763888888,465606.0,1,0,0,0,0,0
4461.0,Sat Nov 30 15:25:20 2024,Sat Nov 30 14:57:32 2024,0.0192060763888888,465594.0,0,0,0,0,0,0
4462.0,Sat Nov 30 15:53:15 2024,Sat Nov 30 15:25:26 2024,0.0192060763888888,453186.0,0,0,0,0,0,0
4463.0,Sat Nov 30 16:21:09 2024,Sat Nov 30 15:53:21 2024,0.0192060763888888,459517.0,0,0,0,0,0,0
4464.0,Sat Nov 30 16:49:04 2024,Sat Nov 30 16:21:16 2024,0.0192060763888888,458579.0,0,0,0,0,0,0
4465.0,Sat Nov 30 17:16:58 2024,Sat Nov 30 16:49:10 2024,0.0192060763888888,459419.0,0,0,0,0,0,0
4466.0,Sat Nov 30 17:44:53 2024,Sat Nov 30 17:17:05 2024,0.0192060763888888,459361.0,0,0,0,0,0,0
4467.0,Sat Nov 30 18:12:47 2024,Sat Nov 30 17:44:59 2024,0.0192060763888888,459775.0,0,0,0,0,0,0
4468.0,Sat Nov 30 18:40:41 2024,Sat Nov 30 18:12:53 2024,0.0192060763888888,454516.0,0,0,0,0,0,0
4469.0,Sat Nov 30 19:08:36 2024,Sat Nov 30 18:40:47 2024,0.0192060763888888,459734.0,0,0,0,0,0,0
4470.0,Sat Nov 30 19:36:30 2024,Sat Nov 30 19:08:42 2024,0.0192060763888888,453898.0,0,0,0,0,0,0
4471.0,Sat Nov 30 20:04:25 2024,Sat Nov 30 19:36:36 2024,0.0192060763888888,448773.0,0,0,0,0,0,0
4472.0,Sat Nov 30 20:32:19 2024,Sat Nov 30 20:04:31 2024,0.0192060763888888,459305.0,0,0,0,0,0,0
4473.0,Sat Nov 30 21:00:13 2024,Sat Nov 30 20:32:25 2024,0.0192060763888888,460586.0,0,0,0,0,0,0
4474.0,Sat Nov 30 21:28:08 2024,Sat Nov 30 21:00:20 2024,0.0192060763888888,459803.0,0,0,0,0,0,0
4475.0,Sat Nov 30 21:56:02 2024,Sat Nov 30 21:28:14 2024,0.0192060763888888,465688.0,0,0,0,0,0,0
4476.0,Sat Nov 30 22:23:56 2024,Sat Nov 30 21:56:08 2024,0.0192060763888888,453324.0,0,0,0,0,0,0
4477.0,Sat Nov 30 22:51:51 2024,Sat Nov 30 22:24:03 2024,0.0192060763888888,453851.0,0,0,0,0,0,0
4478.0,Sat Nov 30 23:19:45 2024,Sat Nov 30 22:51:57 2024,0.0192060763888888,459919.0,0,0,0,0,0,0
4479.0,Sat Nov 30 23:47:40 2024,Sat Nov 30 23:19:51 2024,0.0192060763888888,443653.0,0,0,0,0,0,0
4480.0,Sun Dec  1 00:15:34 2024,Sat Nov 30 23:47:46 2024,0.0192060763888888,465713.0,0,0,0,0,0,0
4481.0,Sun Dec  1 00:43:28 2024,Sun Dec  1 00:15:40 2024,0.0192060763888888,465695.0,0,0,0,0,0,0
4482.0,Sun Dec  1 01:11:23 2024,Sun Dec  1 00:43:35 2024,0.0192060763888888,458888.0,0,0,0,0,0,0
4483.0,Sun Dec  1 01:39:17 2024,Sun Dec  1 01:11:29 2024,0.0192060763888888,459231.0,0,0,0,0,0,0
4484.0,Sun Dec  1 02:07:11 2024,Sun Dec  1 01:39:23 2024,0.0192060763888888,454263.0,0,0,0,0,0,0
4485.0,Sun Dec  1 02:35:06 2024,Sun Dec  1 02:07:18 2024,0.0192060763888888,453424.0,0,0,0,0,0,0
4486.0,Sun Dec  1 03:03:01 2024,Sun Dec  1 02:35:12 2024,0.0192060763888888,452638.0,0,0,0,0,0,0
4487.0,Sun Dec  1 03:30:55 2024,Sun Dec  1 03:03:07 2024,0.0192060763888888,453385.0,0,0,0,0,0,0
4488.0,Sun Dec  1 03:58:49 2024,Sun Dec  1 03:31:01 2024,0.0192060763888888,458951.0,1,0,0,0,0,0
4489.0,Sun Dec  1 04:26:44 2024,Sun Dec  1 03:58:56 2024,0.0192060763888888,447377.0,0,0,0,0,0,0
4490.0,Sun Dec  1 04:54:39 2024,Sun Dec  1 04:26:50 2024,0.0192060763888888,465769.0,0,0,0,0,0,0
4491.0,Sun Dec  1 05:22:33 2024,Sun Dec  1 04:54:45 2024,0.0192060763888888,447180.0,0,0,0,0,0,0
4492.0,Sun Dec  1 05:50:27 2024,Sun Dec  1 05:22:39 2024,0.0192060763888888,465747.0,0,0,0,0,0,0
4493.0,Sun Dec  1 06:18:22 2024,Sun Dec  1 05:50:34 2024,0.0192060763888888,453361.0,0,1,0,0,0,0
4494.0,Sun Dec  1 06:46:16 2024,Sun Dec  1 06:18:28 2024,0.0192060763888888,442090.0,0,0,0,0,0,0
4495.0,Sun Dec  1 07:14:11 2024,Sun Dec  1 06:46:22 2024,0.0192060763888888,452820.0,0,0,0,0,0,0
4496.0,Sun Dec  1 07:42:05 2024,Sun Dec  1 07:14:17 2024,0.0192060763888888,465302.0,0,0,0,0,0,0
4497.0,Sun Dec  1 08:09:59 2024,Sun Dec  1 07:42:11 2024,0.0192060763888888,453392.0,0,0,0,0,0,0
4498.0,Sun Dec  1 08:37:54 2024,Sun Dec  1 08:10:05 2024,0.0192060763888888,441322.0,0,0,0,0,0,0
4499.0,Sun Dec  1 09:05:48 2024,Sun Dec  1 08:38:00 2024,0.0192060763888888,452538.0,0,0,0,0,0,0
4500.0,Sun Dec  1 09:33:42 2024,Sun Dec  1 09:05:54 2024,0.0192060763888888,459363.0,1,0,0,0,0,0
4501.0,Sun Dec  1 10:01:37 2024,Sun Dec  1 09:33:49 2024,0.0192060763888888,465662.0,0,0,0,0,0,0
4502.0,Sun Dec  1 10:29:31 2024,Sun Dec  1 10:01:43 2024,0.0192060763888888,465696.0,0,0,0,0,0,0
4503.0,Sun Dec  1 10:57:26 2024,Sun Dec  1 10:29:38 2024,0.0192060763888888,458447.0,0,0,0,0,0,0
4504.0,Sun Dec  1 11:25:20 2024,Sun Dec  1 10:57:32 2024,0.0192060763888888,459403.0,0,0,0,0,0,0
4505.0,Sun Dec  1 11:53:14 2024,Sun Dec  1 11:25:26 2024,0.0192060763888888,465579.0,0,0,0,0,0,0
4506.0,Sun Dec  1 12:21:09 2024,Sun Dec  1 11:53:20 2024,0.0192060763888888,458821.0,0,0,0,0,0,0
4507.0,Sun Dec  1 12:49:03 2024,Sun Dec  1 12:21:15 2024,0.0192060763888888,454320.0,0,0,0,0,0,0
4508.0,Sun Dec  1 13:16:58 2024,Sun Dec  1 12:49:09 2024,0.0192060763888888,453463.0,0,0,0,0,0,0
4509.0,Sun Dec  1 13:44:52 2024,Sun Dec  1 13:17:04 2024,0.0192060763888888,464539.0,0,0,0,0,0,0
4510.0,Sun Dec  1 14:12:47 2024,Sun Dec  1 13:44:58 2024,0.0192060763888888,434494.0,0,0,0,0,0,0
4511.0,Sun Dec  1 14:40:41 2024,Sun Dec  1 14:12:53 2024,0.0192060763888888,452831.0,0,0,0,0,0,0
4512.0,Sun Dec  1 15:08:36 2024,Sun Dec  1 14:40:47 2024,0.0192060763888888,458806.0,0,0,0,0,0,0
4513.0,Sun Dec  1 15:36:30 2024,Sun Dec  1 15:08:42 2024,0.0192060763888888,459380.0,0,0,0,0,0,0
4514.0,Sun Dec  1 16:04:24 2024,Sun Dec  1 15:36:36 2024,0.0192060763888888,464831.0,0,0,0,0,0,0
4515.0,Sun Dec  1 16:32:19 2024,Sun Dec  1 16:04:30 2024,0.0192060763888888,465142.0,0,0,0,0,0,0
4516.0,Sun Dec  1 17:00:13 2024,Sun Dec  1 16:32:25 2024,0.0192060763888888,453274.0,0,0,0,0,0,0
4517.0,Sun Dec  1 17:28:07 2024,Sun Dec  1 17:00:19 2024,0.0192060763888888,441843.0,0,0,0,0,0,0
4518.0,Sun Dec  1 17:56:02 2024,Sun Dec  1 17:28:14 2024,0.0192060763888888,464522.0,0,0,0,0,0,0
4519.0,Sun Dec  1 18:23:57 2024,Sun Dec  1 17:56:08 2024,0.0192060763888888,451412.0,0,0,0,0,0,0
4520.0,Sun Dec  1 18:51:51 2024,Sun Dec  1 18:24:03 2024,0.0192060763888888,458162.0,0,0,0,0,0,0
4521.0,Sun Dec  1 19:19:45 2024,Sun Dec  1 18:51:57 2024,0.0192060763888888,464112.0,0,0,0,0,0,0
4522.0,Sun Dec  1 19:47:40 2024,Sun Dec  1 19:19:52 2024,0.0192060763888888,450670.0,0,0,0,0,0,0
4523.0,Sun Dec  1 20:15:34 2024,Sun Dec  1 19:47:46 2024,0.0192060763888888,457440.0,1,0,0,0,0,0
4524.0,Sun Dec  1 20:43:28 2024,Sun Dec  1 20:15:40 2024,0.0192060763888888,445293.0,0,0,0,0,0,0
4525.0,Sun Dec  1 21:11:23 2024,Sun Dec  1 20:43:35 2024,0.0192060763888888,458425.0,0,0,0,0,0,0
4526.0,Sun Dec  1 21:39:17 2024,Sun Dec  1 21:11:29 2024,0.0192060763888888,465091.0,0,0,0,0,0,0
4527.0,Sun Dec  1 22:07:12 2024,Sun Dec  1 21:39:24 2024,0.0192060763888888,458913.0,0,0,0,0,0,0
4528.0,Sun Dec  1 22:35:06 2024,Sun Dec  1 22:07:18 2024,0.0192060763888888,465443.0,0,0,0,0,0,0
4529.0,Sun Dec  1 23:03:01 2024,Sun Dec  1 22:35:12 2024,0.0192060763888888,447319.0,0,0,0,0,0,0
4530.0,Sun Dec  1 23:30:55 2024,Sun Dec  1 23:03:07 2024,0.0192060763888888,459871.0,0,0,0,0,0,0
4531.0,Sun Dec  1 23:58:49 2024,Sun Dec  1 23:31:01 2024,0.0192060763888888,465958.0,0,0,0,0,0,0
4532.0,Mon Dec  2 00:26:44 2024,Sun Dec  1 23:58:55 2024,0.0192060763888888,460708.0,0,0,0,0,0,0
4533.0,Mon Dec  2 00:54:38 2024,Mon Dec  2 00:26:50 2024,0.0192060763888888,459769.0,0,0,0,0,0,0
4534.0,Mon Dec  2 01:22:33 2024,Mon Dec  2 00:54:44 2024,0.0192060763888888,446908.0,0,0,0,0,0,0
4535.0,Mon Dec  2 01:50:27 2024,Mon Dec  2 01:22:39 2024,0.0192060763888888,452368.0,0,0,0,0,0,0
4536.0,Mon Dec  2 02:18:21 2024,Mon Dec  2 01:50:33 2024,0.0192060763888888,465673.0,0,0,0,0,0,0
4537.0,Mon Dec  2 02:46:16 2024,Mon Dec  2 02:18:27 2024,0.0192060763888888,439967.0,0,0,0,0,0,0
4538.0,Mon Dec  2 03:14:10 2024,Mon Dec  2 02:46:22 2024,0.0192060763888888,451984.0,0,0,0,0,0,0
4539.0,Mon Dec  2 03:42:04 2024,Mon Dec  2 03:14:16 2024,0.0192060763888888,457954.0,0,0,0,0,0,0
4540.0,Mon Dec  2 04:09:58 2024,Mon Dec  2 03:42:10 2024,0.0192060763888888,444754.0,0,0,0,0,0,0
4541.0,Mon Dec  2 04:37:53 2024,Mon Dec  2 04:10:05 2024,0.0192060763888888,463590.0,0,0,0,0,0,0
4542.0,Mon Dec  2 05:05:47 2024,Mon Dec  2 04:37:59 2024,0.0192060763888888,451777.0,0,0,0,0,0,0
4543.0,Mon Dec  2 05:33:42 2024,Mon Dec  2 05:05:54 2024,0.0192060763888888,458619.0,0,0,0,0,0,0
4544.0,Mon Dec  2 06:01:36 2024,Mon Dec  2 05:33:48 2024,0.0192060763888888,452638.0,0,0,0,0,0,0
4545.0,Mon Dec  2 06:29:31 2024,Mon Dec  2 06:01:43 2024,0.0192060763888888,464668.0,0,0,0,0,0,0
4546.0,Mon Dec  2 06:57:25 2024,Mon Dec  2 06:29:37 2024,0.0192060763888888,459522.0,0,0,0,0,0,0
4547.0,Mon Dec  2 07:25:19 2024,Mon Dec  2 06:57:31 2024,0.0192060763888888,448450.0,0,0,0,0,0,0
4548.0,Mon Dec  2 07:53:14 2024,Mon Dec  2 07:25:25 2024,0.0192060763888888,453948.0,0,0,0,0,0,0
4549.0,Mon Dec  2 08:21:08 2024,Mon Dec  2 07:53:20 2024,0.0192060763888888,454493.0,0,0,0,0,0,0
4550.0,Mon Dec  2 08:49:03 2024,Mon Dec  2 08:21:14 2024,0.0192060763888888,453673.0,0,0,0,0,0,0
4551.0,Mon Dec  2 09:16:57 2024,Mon Dec  2 08:49:09 2024,0.0192060763888888,440203.0,0,0,0,0,0,0
4552.0,Mon Dec  2 09:44:51 2024,Mon Dec  2 09:17:03 2024,0.0192060763888888,447926.0,0,0,0,0,0,0
4553.0,Mon Dec  2 10:12:46 2024,Mon Dec  2 09:44:58 2024,0.0192060763888888,465049.0,0,0,0,0,0,0
4554.0,Mon Dec  2 10:40:40 2024,Mon Dec  2 10:12:52 2024,0.0192060763888888,451470.0,0,0,0,0,0,0
4555.0,Mon Dec  2 11:08:35 2024,Mon Dec  2 10:40:46 2024,0.0192060763888888,458159.0,1,0,0,0,0,0
4556.0,Mon Dec  2 11:36:29 2024,Mon Dec  2 11:08:41 2024,0.0192060763888888,443382.0,0,0,0,0,0,0
4557.0,Mon Dec  2 12:04:24 2024,Mon Dec  2 11:36:35 2024,0.0192060763888888,463450.0,0,0,0,0,0,0
4558.0,Mon Dec  2 12:32:18 2024,Mon Dec  2 12:04:30 2024,0.0192060763888888,463996.0,0,0,0,0,0,0
4559.0,Mon Dec  2 13:00:13 2024,Mon Dec  2 12:32:24 2024,0.0192060763888888,451744.0,0,0,0,0,0,0
4560.0,Mon Dec  2 13:28:07 2024,Mon Dec  2 13:00:18 2024,0.0192060763888888,457562.0,0,0,0,0,0,0
4561.0,Mon Dec  2 13:56:01 2024,Mon Dec  2 13:28:13 2024,0.0192060763888888,446222.0,0,0,0,0,0,0
4562.0,Mon Dec  2 14:23:56 2024,Mon Dec  2 13:56:07 2024,0.0192060763888888,452781.0,0,0,0,0,0,0
4563.0,Mon Dec  2 14:51:50 2024,Mon Dec  2 14:24:02 2024,0.0192060763888888,459309.0,0,0,0,0,0,0
4564.0,Mon Dec  2 15:19:44 2024,Mon Dec  2 14:51:56 2024,0.0192060763888888,458972.0,0,0,0,0,0,0
4565.0,Mon Dec  2 15:47:38 2024,Mon Dec  2 15:19:50 2024,0.0192060763888888,445171.0,2,0,0,0,0,0
4566.0,Mon Dec  2 16:15:33 2024,Mon Dec  2 15:47:44 2024,0.0192060763888888,457939.0,0,0,0,0,0,0
4567.0,Mon Dec  2 16:43:27 2024,Mon Dec  2 16:15:39 2024,0.0192060763888888,439505.0,0,0,0,0,0,0
4568.0,Mon Dec  2 17:11:22 2024,Mon Dec  2 16:43:33 2024,0.0192060763888888,463979.0,0,0,0,0,0,0
4569.0,Mon Dec  2 17:39:16 2024,Mon Dec  2 17:11:28 2024,0.0192060763888888,451523.0,0,0,0,0,0,0
4570.0,Mon Dec  2 18:07:10 2024,Mon Dec  2 17:39:22 2024,0.0192060763888888,457986.0,0,0,0,0,0,0
4571.0,Mon Dec  2 18:35:05 2024,Mon Dec  2 18:07:16 2024,0.0192060763888888,457462.0,0,0,0,0,0,0
4572.0,Mon Dec  2 19:02:59 2024,Mon Dec  2 18:35:11 2024,0.0192060763888888,458991.0,1,0,0,0,0,0
4573.0,Mon Dec  2 19:30:53 2024,Mon Dec  2 19:03:05 2024,0.0192060763888888,451905.0,0,0,0,0,0,0
4574.0,Mon Dec  2 19:58:48 2024,Mon Dec  2 19:30:59 2024,0.0192060763888888,458626.0,0,0,0,0,0,0
4575.0,Mon Dec  2 20:26:42 2024,Mon Dec  2 19:58:54 2024,0.0192060763888888,459207.0,0,0,0,0,0,0
4576.0,Mon Dec  2 20:54:37 2024,Mon Dec  2 20:26:49 2024,0.0192060763888888,459325.0,0,0,0,0,0,0
4577.0,Mon Dec  2 21:22:31 2024,Mon Dec  2 20:54:43 2024,0.0192060763888888,457443.0,0,0,0,0,0,0
4578.0,Mon Dec  2 21:50:26 2024,Mon Dec  2 21:22:38 2024,0.0192060763888888,452855.0,0,0,0,0,0,0
4579.0,Mon Dec  2 22:18:20 2024,Mon Dec  2 21:50:32 2024,0.0192060763888888,452450.0,0,0,0,0,0,0
4580.0,Mon Dec  2 22:46:15 2024,Mon Dec  2 22:18:26 2024,0.0192060763888888,451494.0,0,0,0,0,0,0
4581.0,Mon Dec  2 23:14:09 2024,Mon Dec  2 22:46:21 2024,0.0192060763888888,452377.0,0,0,0,0,0,0
4582.0,Mon Dec  2 23:42:04 2024,Mon Dec  2 23:14:15 2024,0.0192060763888888,438667.0,0,0,0,0,0,0
4583.0,Tue Dec  3 00:09:58 2024,Mon Dec  2 23:42:10 2024,0.0192060763888888,450343.0,0,0,0,0,0,0
4584.0,Tue Dec  3 00:37:52 2024,Tue Dec  3 00:10:04 2024,0.0192060763888888,451031.0,0,0,0,0,0,0
4585.0,Tue Dec  3 01:05:47 2024,Tue Dec  3 00:37:59 2024,0.0192060763888888,444622.0,0,0,0,0,0,0
4586.0,Tue Dec  3 01:33:41 2024,Tue Dec  3 01:05:53 2024,0.0192060763888888,457201.0,0,0,0,0,0,0
4587.0,Tue Dec  3 02:01:36 2024,Tue Dec  3 01:33:48 2024,0.0192060763888888,456960.0,0,0,0,0,0,0
4588.0,Tue Dec  3 02:29:30 2024,Tue Dec  3 02:01:42 2024,0.0192060763888888,426830.0,0,0,0,0,0,0
4589.0,Tue Dec  3 02:57:25 2024,Tue Dec  3 02:29:36 2024,0.0192060763888888,446034.0,0,0,0,0,0,0
4590.0,Tue Dec  3 03:25:19 2024,Tue Dec  3 02:57:31 2024,0.0192060763888888,456744.0,0,0,0,0,0,0
4591.0,Tue Dec  3 03:53:13 2024,Tue Dec  3 03:25:25 2024,0.0192060763888888,458256.0,0,0,0,0,0,0
4592.0,Tue Dec  3 04:21:08 2024,Tue Dec  3 03:53:19 2024,0.0192060763888888,459213.0,0,0,0,0,0,0
4593.0,Tue Dec  3 04:49:02 2024,Tue Dec  3 04:21:14 2024,0.0192060763888888,464745.0,0,0,0,0,0,0
4594.0,Tue Dec  3 05:16:56 2024,Tue Dec  3 04:49:08 2024,0.0192060763888888,459068.0,0,0,0,0,0,0
4595.0,Tue Dec  3 05:44:51 2024,Tue Dec  3 05:17:03 2024,0.0192060763888888,459550.0,0,0,0,0,0,0
4596.0,Tue Dec  3 06:12:45 2024,Tue Dec  3 05:44:57 2024,0.0192060763888888,453106.0,0,0,0,0,0,0
4597.0,Tue Dec  3 06:40:40 2024,Tue Dec  3 06:12:51 2024,0.0192060763888888,452543.0,0,0,0,0,0,0
4598.0,Tue Dec  3 07:08:34 2024,Tue Dec  3 06:40:46 2024,0.0192060763888888,445912.0,0,0,0,0,0,0
4599.0,Tue Dec  3 07:36:28 2024,Tue Dec  3 07:08:40 2024,0.0192060763888888,458638.0,0,0,0,0,0,0
4600.0,Tue Dec  3 08:04:23 2024,Tue Dec  3 07:36:35 2024,0.0192060763888888,446179.0,0,0,0,0,0,0
4601.0,Tue Dec  3 08:32:17 2024,Tue Dec  3 08:04:29 2024,0.0192060763888888,458523.0,0,0,0,0,0,0
4602.0,Tue Dec  3 09:00:12 2024,Tue Dec  3 08:32:23 2024,0.0192060763888888,434457.0,0,0,0,0,0,0
4603.0,Tue Dec  3 09:28:06 2024,Tue Dec  3 09:00:18 2024,0.0192060763888888,457703.0,0,0,0,0,0,0
4604.0,Tue Dec  3 09:56:00 2024,Tue Dec  3 09:28:12 2024,0.0192060763888888,459432.0,0,0,0,0,0,0
4605.0,Tue Dec  3 10:23:55 2024,Tue Dec  3 09:56:07 2024,0.0192060763888888,465669.0,0,0,0,0,0,0
4606.0,Tue Dec  3 10:51:49 2024,Tue Dec  3 10:24:01 2024,0.0192060763888888,465755.0,0,0,0,0,0,0
4607.0,Tue Dec  3 11:19:44 2024,Tue Dec  3 10:51:55 2024,0.0192060763888888,459818.0,0,0,0,0,0,0
4608.0,Tue Dec  3 11:47:38 2024,Tue Dec  3 11:19:50 2024,0.0192060763888888,459868.0,0,0,0,0,0,0
4609.0,Tue Dec  3 12:15:32 2024,Tue Dec  3 11:47:44 2024,0.0192060763888888,459210.0,0,0,0,0,0,0
4610.0,Tue Dec  3 12:43:27 2024,Tue Dec  3 12:15:39 2024,0.0192060763888888,452694.0,0,0,0,0,0,0
4611.0,Tue Dec  3 13:11:21 2024,Tue Dec  3 12:43:33 2024,0.0192060763888888,465544.0,0,0,0,0,0,0
4612.0,Tue Dec  3 13:39:16 2024,Tue Dec  3 13:11:28 2024,0.0192060763888888,465544.0,0,0,0,0,0,0
4613.0,Tue Dec  3 14:07:10 2024,Tue Dec  3 13:39:22 2024,0.0192060763888888,459576.0,0,0,0,0,0,0
4614.0,Tue Dec  3 14:35:05 2024,Tue Dec  3 14:07:17 2024,0.0192060763888888,459551.0,0,0,0,0,0,0
4615.0,Tue Dec  3 15:03:00 2024,Tue Dec  3 14:35:11 2024,0.0192060763888888,453716.0,0,0,0,0,0,0
4616.0,Tue Dec  3 15:30:54 2024,Tue Dec  3 15:03:06 2024,0.0192060763888888,459399.0,0,0,0,0,0,0
4617.0,Tue Dec  3 15:58:48 2024,Tue Dec  3 15:31:00 2024,0.0192060763888888,465832.0,0,0,0,0,0,0
4618.0,Tue Dec  3 16:26:42 2024,Tue Dec  3 15:58:54 2024,0.0192060763888888,453911.0,0,0,0,0,0,0
4619.0,Tue Dec  3 16:54:37 2024,Tue Dec  3 16:26:49 2024,0.0192060763888888,453996.0,0,0,0,0,0,0
4620.0,Tue Dec  3 17:22:31 2024,Tue Dec  3 16:54:43 2024,0.0192060763888888,459770.0,0,0,0,0,0,0
4621.0,Tue Dec  3 17:50:25 2024,Tue Dec  3 17:22:37 2024,0.0192060763888888,465750.0,0,0,0,0,0,0
4622.0,Tue Dec  3 18:18:20 2024,Tue Dec  3 17:50:31 2024,0.0192060763888888,465870.0,0,0,0,0,0,0
4623.0,Tue Dec  3 18:46:14 2024,Tue Dec  3 18:18:26 2024,0.0192060763888888,465877.0,0,0,0,0,0,0
4624.0,Tue Dec  3 19:14:08 2024,Tue Dec  3 18:46:20 2024,0.0192060763888888,453043.0,0,0,0,0,0,0
4625.0,Tue Dec  3 19:42:03 2024,Tue Dec  3 19:14:14 2024,0.0192060763888888,465739.0,0,0,0,0,0,0
4626.0,Tue Dec  3 20:09:57 2024,Tue Dec  3 19:42:09 2024,0.0192060763888888,459010.0,0,0,0,0,0,0
4627.0,Tue Dec  3 20:37:51 2024,Tue Dec  3 20:10:03 2024,0.0192060763888888,452784.0,1,0,0,0,0,0
4628.0,Tue Dec  3 21:05:46 2024,Tue Dec  3 20:37:57 2024,0.0192060763888888,438648.0,0,0,0,0,0,0
4629.0,Tue Dec  3 21:33:40 2024,Tue Dec  3 21:05:52 2024,0.0192060763888888,437558.0,2,0,0,0,0,0
4630.0,Tue Dec  3 22:01:34 2024,Tue Dec  3 21:33:46 2024,0.0192060763888888,444042.0,0,0,0,0,0,0
4631.0,Tue Dec  3 22:29:29 2024,Tue Dec  3 22:01:41 2024,0.0192060763888888,430917.0,0,0,0,0,0,0
4632.0,Tue Dec  3 22:57:23 2024,Tue Dec  3 22:29:35 2024,0.0192060763888888,456150.0,0,0,0,0,0,0
4633.0,Tue Dec  3 23:25:18 2024,Tue Dec  3 22:57:30 2024,0.0192060763888888,462175.0,0,0,0,0,0,0
4634.0,Tue Dec  3 23:53:12 2024,Tue Dec  3 23:25:24 2024,0.0192060763888888,449814.0,0,0,0,0,0,0
4635.0,Wed Dec  4 00:21:07 2024,Tue Dec  3 23:53:18 2024,0.0192060763888888,451133.0,0,0,0,0,0,0
4636.0,Wed Dec  4 00:49:01 2024,Wed Dec  4 00:21:13 2024,0.0192060763888888,459089.0,0,0,0,0,0,0
4637.0,Wed Dec  4 01:16:56 2024,Wed Dec  4 00:49:07 2024,0.0192060763888888,464757.0,0,0,0,0,0,0
4638.0,Wed Dec  4 01:44:50 2024,Wed Dec  4 01:17:02 2024,0.0192060763888888,465636.0,0,0,0,0,0,0
4639.0,Wed Dec  4 02:12:44 2024,Wed Dec  4 01:44:56 2024,0.0192060763888888,459665.0,0,0,0,0,0,0
4640.0,Wed Dec  4 02:40:39 2024,Wed Dec  4 02:12:51 2024,0.0192060763888888,453519.0,0,0,0,0,0,0
4641.0,Wed Dec  4 03:08:33 2024,Wed Dec  4 02:40:45 2024,0.0192060763888888,465586.0,0,0,0,0,0,0
4642.0,Wed Dec  4 03:36:28 2024,Wed Dec  4 03:08:40 2024,0.0192060763888888,458438.0,0,0,0,0,0,0
4643.0,Wed Dec  4 04:04:22 2024,Wed Dec  4 03:36:34 2024,0.0192060763888888,459054.0,0,0,0,0,0,0
4644.0,Wed Dec  4 04:32:17 2024,Wed Dec  4 04:04:28 2024,0.0192060763888888,436428.0,0,0,0,0,0,0
4645.0,Wed Dec  4 05:00:11 2024,Wed Dec  4 04:32:23 2024,0.0192060763888888,465023.0,0,0,0,0,0,0
4646.0,Wed Dec  4 05:28:05 2024,Wed Dec  4 05:00:17 2024,0.0192060763888888,451762.0,0,0,0,0,0,0
4647.0,Wed Dec  4 05:56:00 2024,Wed Dec  4 05:28:12 2024,0.0192060763888888,452741.0,0,0,0,0,0,0
4648.0,Wed Dec  4 06:23:54 2024,Wed Dec  4 05:56:06 2024,0.0192060763888888,459517.0,1,0,0,0,0,0
4649.0,Wed Dec  4 06:51:49 2024,Wed Dec  4 06:24:00 2024,0.0192060763888888,454020.0,0,0,0,0,0,0
4650.0,Wed Dec  4 07:19:43 2024,Wed Dec  4 06:51:55 2024,0.0192060763888888,451581.0,0,0,0,0,0,0
4651.0,Wed Dec  4 07:47:37 2024,Wed Dec  4 07:19:49 2024,0.0192060763888888,458736.0,0,0,0,0,0,0
4652.0,Wed Dec  4 08:15:32 2024,Wed Dec  4 07:47:44 2024,0.0192060763888888,459160.0,0,0,0,0,0,0
4653.0,Wed Dec  4 08:43:26 2024,Wed Dec  4 08:15:38 2024,0.0192060763888888,458946.0,0,0,0,0,0,0
4654.0,Wed Dec  4 09:11:20 2024,Wed Dec  4 08:43:32 2024,0.0192060763888888,465341.0,0,0,0,0,0,0
4655.0,Wed Dec  4 09:39:15 2024,Wed Dec  4 09:11:27 2024,0.0192060763888888,465331.0,0,0,0,0,0,0
4656.0,Wed Dec  4 10:07:09 2024,Wed Dec  4 09:39:21 2024,0.0192060763888888,459613.0,0,0,0,0,0,0
4657.0,Wed Dec  4 10:35:03 2024,Wed Dec  4 10:07:15 2024,0.0192060763888888,459181.0,0,0,0,0,0,0
4658.0,Wed Dec  4 11:02:58 2024,Wed Dec  4 10:35:10 2024,0.0192060763888888,446522.0,0,0,0,0,0,0
4659.0,Wed Dec  4 11:30:52 2024,Wed Dec  4 11:03:04 2024,0.0192060763888888,453681.0,1,0,0,0,0,0
4660.0,Wed Dec  4 11:58:47 2024,Wed Dec  4 11:30:59 2024,0.0192060763888888,446445.0,0,0,0,0,0,0
4661.0,Wed Dec  4 12:26:41 2024,Wed Dec  4 11:58:53 2024,0.0192060763888888,459369.0,0,0,0,0,0,0
4662.0,Wed Dec  4 12:54:36 2024,Wed Dec  4 12:26:48 2024,0.0192060763888888,453396.0,0,0,0,0,0,0
4663.0,Wed Dec  4 13:22:30 2024,Wed Dec  4 12:54:42 2024,0.0192060763888888,465403.0,0,0,0,0,0,0
4664.0,Wed Dec  4 13:50:25 2024,Wed Dec  4 13:22:36 2024,0.0192060763888888,459672.0,0,0,0,0,0,0
4665.0,Wed Dec  4 14:18:19 2024,Wed Dec  4 13:50:31 2024,0.0192060763888888,458792.0,0,0,0,0,0,0
4666.0,Wed Dec  4 14:46:14 2024,Wed Dec  4 14:18:26 2024,0.0192060763888888,458647.0,0,0,0,0,0,0
4667.0,Wed Dec  4 15:14:08 2024,Wed Dec  4 14:46:20 2024,0.0192060763888888,459646.0,0,0,0,0,0,0
4668.0,Wed Dec  4 15:42:03 2024,Wed Dec  4 15:14:15 2024,0.0192060763888888,465646.0,0,0,0,0,0,0
4669.0,Wed Dec  4 16:09:57 2024,Wed Dec  4 15:42:09 2024,0.0192060763888888,454454.0,0,0,0,0,0,0
4670.0,Wed Dec  4 16:37:52 2024,Wed Dec  4 16:10:04 2024,0.0192060763888888,439508.0,0,0,0,0,0,0
4671.0,Wed Dec  4 17:05:46 2024,Wed Dec  4 16:37:58 2024,0.0192060763888888,451530.0,0,0,0,0,0,0
4672.0,Wed Dec  4 17:33:41 2024,Wed Dec  4 17:05:53 2024,0.0192060763888888,459024.0,0,0,0,0,0,0
4673.0,Wed Dec  4 18:01:35 2024,Wed Dec  4 17:33:47 2024,0.0192060763888888,465086.0,0,0,0,0,0,0
4674.0,Wed Dec  4 18:29:30 2024,Wed Dec  4 18:01:41 2024,0.0192060763888888,465084.0,0,0,0,0,0,0
4675.0,Wed Dec  4 18:57:24 2024,Wed Dec  4 18:29:36 2024,0.0192060763888888,465006.0,0,0,0,0,0,0
4676.0,Wed Dec  4 19:25:19 2024,Wed Dec  4 18:57:31 2024,0.0192060763888888,460006.0,0,0,0,0,0,0
4677.0,Wed Dec  4 19:53:13 2024,Wed Dec  4 19:25:25 2024,0.0192060763888888,459583.0,0,0,0,0,0,0
4678.0,Wed Dec  4 20:21:08 2024,Wed Dec  4 19:53:19 2024,0.0192060763888888,453946.0,1,0,0,0,0,0
4679.0,Wed Dec  4 20:49:02 2024,Wed Dec  4 20:21:14 2024,0.0192060763888888,459897.0,0,0,0,0,0,0
4680.0,Wed Dec  4 21:16:56 2024,Wed Dec  4 20:49:08 2024,0.0192060763888888,453182.0,0,0,0,0,0,0
4681.0,Wed Dec  4 21:44:51 2024,Wed Dec  4 21:17:02 2024,0.0192060763888888,458670.0,0,0,0,0,0,0
4682.0,Wed Dec  4 22:12:45 2024,Wed Dec  4 21:44:57 2024,0.0192060763888888,459512.0,0,0,0,0,0,0
4683.0,Wed Dec  4 22:40:39 2024,Wed Dec  4 22:12:51 2024,0.0192060763888888,434309.0,0,0,0,0,0,0
4684.0,Wed Dec  4 23:08:34 2024,Wed Dec  4 22:40:45 2024,0.0192060763888888,465275.0,0,0,0,0,0,0
4685.0,Wed Dec  4 23:36:28 2024,Wed Dec  4 23:08:40 2024,0.0192060763888888,447300.0,0,0,0,0,0,0
4686.0,Thu Dec  5 00:04:22 2024,Wed Dec  4 23:36:34 2024,0.0192060763888888,447824.0,0,0,0,0,0,0
4687.0,Thu Dec  5 00:32:17 2024,Thu Dec  5 00:04:28 2024,0.0192060763888888,465812.0,0,0,0,0,0,0
4688.0,Thu Dec  5 01:00:11 2024,Thu Dec  5 00:32:23 2024,0.0192060763888888,459003.0,0,0,0,0,0,0
4689.0,Thu Dec  5 01:28:05 2024,Thu Dec  5 01:00:17 2024,0.0192060763888888,459719.0,0,0,0,0,0,0
4690.0,Thu Dec  5 01:56:00 2024,Thu Dec  5 01:28:11 2024,0.0192060763888888,454695.0,0,0,0,0,0,0
4691.0,Thu Dec  5 02:23:54 2024,Thu Dec  5 01:56:06 2024,0.0192060763888888,447257.0,0,0,0,0,0,0
4692.0,Thu Dec  5 02:51:49 2024,Thu Dec  5 02:24:01 2024,0.0192060763888888,454003.0,0,0,0,0,0,0
4693.0,Thu Dec  5 03:19:43 2024,Thu Dec  5 02:51:55 2024,0.0192060763888888,459399.0,0,0,0,0,0,0
4694.0,Thu Dec  5 03:47:38 2024,Thu Dec  5 03:19:49 2024,0.0192060763888888,452806.0,0,0,0,0,0,0
4695.0,Thu Dec  5 04:15:32 2024,Thu Dec  5 03:47:44 2024,0.0192060763888888,453823.0,0,0,0,0,0,0
4696.0,Thu Dec  5 04:43:26 2024,Thu Dec  5 04:15:38 2024,0.0192060763888888,446288.0,0,0,0,0,0,0
4697.0,Thu Dec  5 05:11:21 2024,Thu Dec  5 04:43:32 2024,0.0192060763888888,438245.0,0,0,0,0,0,0
4698.0,Thu Dec  5 05:39:15 2024,Thu Dec  5 05:11:27 2024,0.0192060763888888,457662.0,1,0,0,0,0,0
4699.0,Thu Dec  5 06:07:10 2024,Thu Dec  5 05:39:21 2024,0.0192060763888888,458433.0,0,0,0,0,0,0
4700.0,Thu Dec  5 06:35:04 2024,Thu Dec  5 06:07:16 2024,0.0192060763888888,457509.0,0,0,0,0,0,0
4701.0,Thu Dec  5 07:02:58 2024,Thu Dec  5 06:35:10 2024,0.0192060763888888,457721.0,0,0,0,0,0,0
4702.0,Thu Dec  5 07:30:53 2024,Thu Dec  5 07:03:05 2024,0.0192060763888888,446578.0,0,0,0,0,0,0
4703.0,Thu Dec  5 07:58:47 2024,Thu Dec  5 07:30:59 2024,0.0192060763888888,452539.0,0,0,0,0,0,0
4704.0,Thu Dec  5 08:26:42 2024,Thu Dec  5 07:58:53 2024,0.0192060763888888,452962.0,0,0,0,0,0,0
4705.0,Thu Dec  5 08:54:36 2024,Thu Dec  5 08:26:48 2024,0.0192060763888888,446409.0,0,0,0,0,0,0
4706.0,Thu Dec  5 09:22:30 2024,Thu Dec  5 08:54:42 2024,0.0192060763888888,452467.0,0,0,0,0,0,0
4707.0,Thu Dec  5 09:50:25 2024,Thu Dec  5 09:22:37 2024,0.0192060763888888,465028.0,1,0,0,0,0,0
4708.0,Thu Dec  5 10:18:19 2024,Thu Dec  5 09:50:31 2024,0.0192060763888888,442184.0,0,0,0,0,0,0
4709.0,Thu Dec  5 10:46:13 2024,Thu Dec  5 10:18:25 2024,0.0192060763888888,464370.0,0,0,0,0,0,0
4710.0,Thu Dec  5 11:14:08 2024,Thu Dec  5 10:46:19 2024,0.0192060763888888,439616.0,0,0,0,0,0,0
4711.0,Thu Dec  5 11:42:02 2024,Thu Dec  5 11:14:14 2024,0.0192060763888888,463786.0,0,0,0,0,0,0
4712.0,Thu Dec  5 12:09:57 2024,Thu Dec  5 11:42:08 2024,0.0192060763888888,458832.0,0,0,0,0,0,0
4713.0,Thu Dec  5 12:37:51 2024,Thu Dec  5 12:10:03 2024,0.0192060763888888,452924.0,0,0,0,0,0,0
4714.0,Thu Dec  5 13:05:46 2024,Thu Dec  5 12:37:57 2024,0.0192060763888888,459093.0,0,0,0,0,0,0
4715.0,Thu Dec  5 13:33:51 2024,Thu Dec  5 13:05:52 2024,0.0192060763888888,459777.0,0,0,0,0,0,0
4716.0,Thu Dec  5 14:01:46 2024,Thu Dec  5 13:33:58 2024,0.0192060763888888,459245.0,0,0,0,0,0,0
4717.0,Thu Dec  5 14:29:40 2024,Thu Dec  5 14:01:52 2024,0.0192060763888888,442415.0,0,0,0,0,0,0
4718.0,Thu Dec  5 14:57:35 2024,Thu Dec  5 14:29:46 2024,0.0192060763888888,465796.0,0,0,0,0,0,0
4719.0,Thu Dec  5 15:25:29 2024,Thu Dec  5 14:57:41 2024,0.0192060763888888,448696.0,0,0,0,0,0,0
4720.0,Thu Dec  5 15:53:23 2024,Thu Dec  5 15:25:35 2024,0.0192060763888888,453871.0,0,0,0,0,0,0
4721.0,Thu Dec  5 16:21:18 2024,Thu Dec  5 15:53:30 2024,0.0192060763888888,460016.0,1,0,0,0,0,0
4722.0,Thu Dec  5 16:49:12 2024,Thu Dec  5 16:21:24 2024,0.0192060763888888,460305.0,0,0,0,0,0,0
4723.0,Thu Dec  5 17:17:06 2024,Thu Dec  5 16:49:18 2024,0.0192060763888888,442306.0,0,0,0,0,0,0
4724.0,Thu Dec  5 17:45:01 2024,Thu Dec  5 17:17:13 2024,0.0192060763888888,452733.0,0,0,0,0,0,0
4725.0,Thu Dec  5 18:12:55 2024,Thu Dec  5 17:45:07 2024,0.0192060763888888,442021.0,0,0,0,0,0,0
4726.0,Thu Dec  5 18:40:50 2024,Thu Dec  5 18:13:01 2024,0.0192060763888888,463892.0,0,0,0,0,0,0
4727.0,Thu Dec  5 19:08:44 2024,Thu Dec  5 18:40:56 2024,0.0192060763888888,464846.0,0,0,0,0,0,0
4728.0,Thu Dec  5 19:36:38 2024,Thu Dec  5 19:08:50 2024,0.0192060763888888,452119.0,0,0,0,0,0,0
4729.0,Thu Dec  5 20:04:33 2024,Thu Dec  5 19:36:45 2024,0.0192060763888888,458821.0,0,0,0,0,0,0
4730.0,Thu Dec  5 20:32:28 2024,Thu Dec  5 20:04:39 2024,0.0192060763888888,446861.0,0,0,0,0,0,0
4731.0,Thu Dec  5 21:00:22 2024,Thu Dec  5 20:32:34 2024,0.0192060763888888,465307.0,0,0,0,0,0,0
4732.0,Thu Dec  5 21:28:16 2024,Thu Dec  5 21:00:28 2024,0.0192060763888888,453577.0,0,0,0,0,0,0
4733.0,Thu Dec  5 21:56:11 2024,Thu Dec  5 21:28:22 2024,0.0192060763888888,465330.0,0,0,0,0,0,0
4734.0,Thu Dec  5 22:24:05 2024,Thu Dec  5 21:56:17 2024,0.0192060763888888,459606.0,0,0,0,0,0,0
4735.0,Thu Dec  5 22:51:59 2024,Thu Dec  5 22:24:11 2024,0.0192060763888888,465714.0,0,0,0,0,0,0
4736.0,Thu Dec  5 23:19:54 2024,Thu Dec  5 22:52:05 2024,0.0192060763888888,447247.0,0,0,0,0,0,0
4737.0,Thu Dec  5 23:47:48 2024,Thu Dec  5 23:20:00 2024,0.0192060763888888,459953.0,0,0,0,0,0,0
4738.0,Fri Dec  6 00:15:43 2024,Thu Dec  5 23:47:55 2024,0.0192060763888888,452589.0,0,0,0,0,0,0
4739.0,Fri Dec  6 00:43:37 2024,Fri Dec  6 00:15:49 2024,0.0192060763888888,452825.0,0,0,0,0,0,0
4740.0,Fri Dec  6 01:11:31 2024,Fri Dec  6 00:43:43 2024,0.0192060763888888,458596.0,0,0,0,0,0,0
4741.0,Fri Dec  6 01:39:26 2024,Fri Dec  6 01:11:37 2024,0.0192060763888888,458929.0,0,0,0,0,0,0
4742.0,Fri Dec  6 02:07:20 2024,Fri Dec  6 01:39:32 2024,0.0192060763888888,447231.0,0,0,0,0,0,0
4743.0,Fri Dec  6 02:35:14 2024,Fri Dec  6 02:07:26 2024,0.0192060763888888,458973.0,0,0,0,0,0,0
4744.0,Fri Dec  6 03:03:09 2024,Fri Dec  6 02:35:20 2024,0.0192060763888888,452803.0,0,0,0,0,0,0
4745.0,Fri Dec  6 03:31:03 2024,Fri Dec  6 03:03:15 2024,0.0192060763888888,453857.0,0,0,0,0,0,0
4746.0,Fri Dec  6 03:58:58 2024,Fri Dec  6 03:31:09 2024,0.0192060763888888,452569.0,0,0,0,0,0,0
4747.0,Fri Dec  6 04:26:52 2024,Fri Dec  6 03:59:04 2024,0.0192060763888888,459069.0,0,0,0,0,0,0
4748.0,Fri Dec  6 04:54:47 2024,Fri Dec  6 04:26:58 2024,0.0192060763888888,459094.0,0,0,0,0,0,0
4749.0,Fri Dec  6 05:22:41 2024,Fri Dec  6 04:54:53 2024,0.0192060763888888,465040.0,0,0,0,0,0,0
4750.0,Fri Dec  6 05:50:36 2024,Fri Dec  6 05:22:47 2024,0.0192060763888888,440443.0,0,0,0,0,0,0
4751.0,Fri Dec  6 06:18:30 2024,Fri Dec  6 05:50:42 2024,0.0192060763888888,459767.0,0,0,0,0,0,0
4752.0,Fri Dec  6 06:46:24 2024,Fri Dec  6 06:18:36 2024,0.0192060763888888,465784.0,0,0,0,0,0,0
4753.0,Fri Dec  6 07:14:18 2024,Fri Dec  6 06:46:30 2024,0.0192060763888888,452977.0,0,0,0,0,0,0
4754.0,Fri Dec  6 07:42:13 2024,Fri Dec  6 07:14:25 2024,0.0192060763888888,451326.0,0,0,0,0,0,0
4755.0,Fri Dec  6 08:10:07 2024,Fri Dec  6 07:42:19 2024,0.0192060763888888,464340.0,0,0,0,0,0,0
4756.0,Fri Dec  6 08:38:02 2024,Fri Dec  6 08:10:13 2024,0.0192060763888888,446446.0,0,0,0,0,0,0
4757.0,Fri Dec  6 09:05:56 2024,Fri Dec  6 08:38:08 2024,0.0192060763888888,452059.0,0,0,0,0,0,0
4758.0,Fri Dec  6 09:33:51 2024,Fri Dec  6 09:06:03 2024,0.0192060763888888,452888.0,0,0,0,0,0,0
4759.0,Fri Dec  6 10:01:45 2024,Fri Dec  6 09:33:57 2024,0.0192060763888888,451528.0,0,0,0,0,0,0
4760.0,Fri Dec  6 10:29:40 2024,Fri Dec  6 10:01:52 2024,0.0192060763888888,465043.0,0,0,0,0,0,0
4761.0,Fri Dec  6 10:57:34 2024,Fri Dec  6 10:29:46 2024,0.0192060763888888,465576.0,0,0,0,0,0,0
4762.0,Fri Dec  6 11:25:29 2024,Fri Dec  6 10:57:40 2024,0.0192060763888888,465586.0,0,0,0,0,0,0
4763.0,Fri Dec  6 11:53:23 2024,Fri Dec  6 11:25:35 2024,0.0192060763888888,465824.0,0,0,0,0,0,0
4764.0,Fri Dec  6 12:21:18 2024,Fri Dec  6 11:53:30 2024,0.0192060763888888,459959.0,0,0,0,0,0,0
4765.0,Fri Dec  6 12:49:12 2024,Fri Dec  6 12:21:24 2024,0.0192060763888888,465776.0,0,0,0,0,0,0
4766.0,Fri Dec  6 13:17:06 2024,Fri Dec  6 12:49:18 2024,0.0192060763888888,459465.0,0,0,0,0,0,0
4767.0,Fri Dec  6 13:45:01 2024,Fri Dec  6 13:17:12 2024,0.0192060763888888,440267.0,0,0,0,0,0,0
4768.0,Fri Dec  6 14:12:55 2024,Fri Dec  6 13:45:07 2024,0.0192060763888888,452756.0,0,0,0,0,0,0
4769.0,Fri Dec  6 14:40:49 2024,Fri Dec  6 14:13:01 2024,0.0192060763888888,465197.0,0,0,0,0,0,0
4770.0,Fri Dec  6 15:08:44 2024,Fri Dec  6 14:40:56 2024,0.0192060763888888,459223.0,0,0,0,0,0,0
4771.0,Fri Dec  6 15:36:38 2024,Fri Dec  6 15:08:50 2024,0.0192060763888888,465188.0,1,0,0,0,0,0
4772.0,Fri Dec  6 16:04:32 2024,Fri Dec  6 15:36:44 2024,0.0192060763888888,457869.0,0,0,0,0,0,0
4773.0,Fri Dec  6 16:32:27 2024,Fri Dec  6 16:04:39 2024,0.0192060763888888,464774.0,0,0,0,0,0,0
4774.0,Fri Dec  6 17:00:21 2024,Fri Dec  6 16:32:33 2024,0.0192060763888888,465240.0,0,0,0,0,0,0
4775.0,Fri Dec  6 17:28:16 2024,Fri Dec  6 17:00:27 2024,0.0192060763888888,459411.0,0,0,0,0,0,0
4776.0,Fri Dec  6 17:56:10 2024,Fri Dec  6 17:28:22 2024,0.0192060763888888,458106.0,0,0,0,0,0,0
4777.0,Fri Dec  6 18:24:04 2024,Fri Dec  6 17:56:16 2024,0.0192060763888888,459141.0,0,0,0,0,0,0
4778.0,Fri Dec  6 18:51:59 2024,Fri Dec  6 18:24:11 2024,0.0192060763888888,465336.0,0,0,0,0,0,0
4779.0,Fri Dec  6 19:19:53 2024,Fri Dec  6 18:52:05 2024,0.0192060763888888,453753.0,0,0,0,0,0,0
4780.0,Fri Dec  6 19:47:48 2024,Fri Dec  6 19:19:59 2024,0.0192060763888888,447831.0,0,0,0,0,0,0
4781.0,Fri Dec  6 20:15:42 2024,Fri Dec  6 19:47:54 2024,0.0192060763888888,465727.0,0,0,0,0,0,0
4782.0,Fri Dec  6 20:43:36 2024,Fri Dec  6 20:15:48 2024,0.0192060763888888,453844.0,0,0,0,0,0,0
4783.0,Fri Dec  6 21:11:31 2024,Fri Dec  6 20:43:43 2024,0.0192060763888888,460110.0,0,0,0,0,0,0
4784.0,Fri Dec  6 21:39:25 2024,Fri Dec  6 21:11:37 2024,0.0192060763888888,460012.0,0,0,0,0,0,0
4785.0,Fri Dec  6 22:07:19 2024,Fri Dec  6 21:39:31 2024,0.0192060763888888,459543.0,0,0,0,0,0,0
4786.0,Fri Dec  6 22:35:14 2024,Fri Dec  6 22:07:25 2024,0.0192060763888888,440917.0,0,0,0,0,0,0
4787.0,Fri Dec  6 23:03:08 2024,Fri Dec  6 22:35:20 2024,0.0192060763888888,465438.0,0,0,0,0,0,0
4788.0,Fri Dec  6 23:31:02 2024,Fri Dec  6 23:03:14 2024,0.0192060763888888,452760.0,0,0,0,0,0,0
4789.0,Fri Dec  6 23:58:57 2024,Fri Dec  6 23:31:08 2024,0.0192060763888888,451002.0,0,0,0,0,0,0
4790.0,Sat Dec  7 00:26:51 2024,Fri Dec  6 23:59:03 2024,0.0192060763888888,457498.0,0,0,0,0,0,0
4791.0,Sat Dec  7 00:54:45 2024,Sat Dec  7 00:26:57 2024,0.0192060763888888,458079.0,0,0,0,0,0,0
4792.0,Sat Dec  7 01:22:40 2024,Sat Dec  7 00:54:51 2024,0.0192060763888888,464278.0,0,0,0,0,0,0
4793.0,Sat Dec  7 01:50:34 2024,Sat Dec  7 01:22:46 2024,0.0192060763888888,445743.0,0,0,0,0,0,0
4794.0,Sat Dec  7 02:18:28 2024,Sat Dec  7 01:50:40 2024,0.0192060763888888,458286.0,0,0,0,0,0,0
4795.0,Sat Dec  7 02:46:23 2024,Sat Dec  7 02:18:34 2024,0.0192060763888888,447225.0,0,0,0,0,0,0
4796.0,Sat Dec  7 03:14:17 2024,Sat Dec  7 02:46:29 2024,0.0192060763888888,458251.0,0,0,0,0,0,0
4797.0,Sat Dec  7 03:42:11 2024,Sat Dec  7 03:14:23 2024,0.0192060763888888,453154.0,0,0,0,0,0,0
4798.0,Sat Dec  7 04:10:06 2024,Sat Dec  7 03:42:18 2024,0.0192060763888888,453186.0,0,0,0,0,0,0
4799.0,Sat Dec  7 04:38:00 2024,Sat Dec  7 04:10:12 2024,0.0192060763888888,446656.0,0,0,0,0,0,0
4800.0,Sat Dec  7 05:05:54 2024,Sat Dec  7 04:38:06 2024,0.0192060763888888,458531.0,0,0,0,0,0,0
4801.0,Sat Dec  7 05:33:49 2024,Sat Dec  7 05:06:01 2024,0.0192060763888888,452242.0,0,0,0,0,0,0
4802.0,Sat Dec  7 06:01:43 2024,Sat Dec  7 05:33:55 2024,0.0192060763888888,465381.0,0,0,0,0,0,0
4803.0,Sat Dec  7 06:29:38 2024,Sat Dec  7 06:01:49 2024,0.0192060763888888,465767.0,0,0,0,0,0,0
4804.0,Sat Dec  7 06:57:32 2024,Sat Dec  7 06:29:43 2024,0.0192060763888888,441888.0,0,0,0,0,0,0
4805.0,Sat Dec  7 07:25:26 2024,Sat Dec  7 06:57:38 2024,0.0192060763888888,465797.0,0,0,0,0,0,0
4806.0,Sat Dec  7 07:53:21 2024,Sat Dec  7 07:25:32 2024,0.0192060763888888,448050.0,0,0,0,0,0,0
4807.0,Sat Dec  7 08:21:15 2024,Sat Dec  7 07:53:27 2024,0.0192060763888888,453869.0,0,0,0,0,0,0
4808.0,Sat Dec  7 08:49:10 2024,Sat Dec  7 08:21:21 2024,0.0192060763888888,459189.0,0,0,0,0,0,0
4809.0,Sat Dec  7 09:17:04 2024,Sat Dec  7 08:49:16 2024,0.0192060763888888,465794.0,0,0,0,0,0,0
4810.0,Sat Dec  7 09:44:59 2024,Sat Dec  7 09:17:10 2024,0.0192060763888888,465798.0,0,0,0,0,0,0
4811.0,Sat Dec  7 10:12:53 2024,Sat Dec  7 09:45:05 2024,0.0192060763888888,453520.0,0,0,0,0,0,0
4812.0,Sat Dec  7 10:40:48 2024,Sat Dec  7 10:12:59 2024,0.0192060763888888,459246.0,1,0,0,0,0,0
4813.0,Sat Dec  7 11:08:42 2024,Sat Dec  7 10:40:54 2024,0.0192060763888888,458977.0,0,0,0,0,0,0
4814.0,Sat Dec  7 11:36:37 2024,Sat Dec  7 11:08:48 2024,0.0192060763888888,459718.0,0,0,0,0,0,0
4815.0,Sat Dec  7 12:04:31 2024,Sat Dec  7 11:36:43 2024,0.0192060763888888,452711.0,0,0,0,0,0,0
4816.0,Sat Dec  7 12:32:26 2024,Sat Dec  7 12:04:37 2024,0.0192060763888888,465106.0,0,0,0,0,0,0
4817.0,Sat Dec  7 13:00:20 2024,Sat Dec  7 12:32:32 2024,0.0192060763888888,445110.0,0,0,0,0,0,0
4818.0,Sat Dec  7 13:28:14 2024,Sat Dec  7 13:00:26 2024,0.0192060763888888,453156.0,0,0,0,0,0,0
4819.0,Sat Dec  7 13:56:09 2024,Sat Dec  7 13:28:21 2024,0.0192060763888888,451978.0,0,0,0,0,0,0
4820.0,Sat Dec  7 14:24:03 2024,Sat Dec  7 13:56:15 2024,0.0192060763888888,452110.0,0,0,0,0,0,0
4821.0,Sat Dec  7 14:51:58 2024,Sat Dec  7 14:24:10 2024,0.0192060763888888,463967.0,0,0,0,0,0,0
4822.0,Sat Dec  7 15:19:52 2024,Sat Dec  7 14:52:04 2024,0.0192060763888888,451942.0,0,0,0,0,0,0
4823.0,Sat Dec  7 15:47:47 2024,Sat Dec  7 15:19:59 2024,0.0192060763888888,445356.0,0,0,0,0,0,0
4824.0,Sat Dec  7 16:15:42 2024,Sat Dec  7 15:47:53 2024,0.0192060763888888,450154.0,0,0,0,0,0,0
4825.0,Sat Dec  7 16:43:36 2024,Sat Dec  7 16:15:48 2024,0.0192060763888888,449872.0,1,0,0,0,0,0
4826.0,Sat Dec  7 17:11:30 2024,Sat Dec  7 16:43:42 2024,0.0192060763888888,456473.0,0,0,0,0,0,0
4827.0,Sat Dec  7 17:39:24 2024,Sat Dec  7 17:11:36 2024,0.0192060763888888,462945.0,0,0,0,0,0,0
4828.0,Sat Dec  7 18:07:19 2024,Sat Dec  7 17:39:30 2024,0.0192060763888888,462730.0,0,0,0,0,0,0
4829.0,Sat Dec  7 18:35:13 2024,Sat Dec  7 18:07:25 2024,0.0192060763888888,463460.0,0,0,0,0,0,0
4830.0,Sat Dec  7 19:03:07 2024,Sat Dec  7 18:35:19 2024,0.0192060763888888,464189.0,0,0,0,0,0,0
4831.0,Sat Dec  7 19:31:01 2024,Sat Dec  7 19:03:13 2024,0.0192060763888888,451747.0,0,0,0,0,0,0
4832.0,Sat Dec  7 19:58:55 2024,Sat Dec  7 19:31:07 2024,0.0192060763888888,435533.0,0,0,0,0,0,0
4833.0,Sat Dec  7 20:26:50 2024,Sat Dec  7 19:59:01 2024,0.0192060763888888,451207.0,0,0,0,0,0,0
4834.0,Sat Dec  7 20:54:44 2024,Sat Dec  7 20:26:56 2024,0.0192060763888888,444045.0,0,0,0,0,0,0
4835.0,Sat Dec  7 21:22:39 2024,Sat Dec  7 20:54:50 2024,0.0192060763888888,432701.0,0,0,0,0,0,0
4836.0,Sat Dec  7 21:50:33 2024,Sat Dec  7 21:22:45 2024,0.0192060763888888,450304.0,0,0,0,0,0,0
4837.0,Sat Dec  7 22:18:27 2024,Sat Dec  7 21:50:39 2024,0.0192060763888888,456203.0,0,0,0,0,0,0
4838.0,Sat Dec  7 22:46:22 2024,Sat Dec  7 22:18:33 2024,0.0192060763888888,456739.0,0,0,0,0,0,0
4839.0,Sat Dec  7 23:14:16 2024,Sat Dec  7 22:46:28 2024,0.0192060763888888,451519.0,0,0,0,0,0,0
4840.0,Sat Dec  7 23:42:11 2024,Sat Dec  7 23:14:22 2024,0.0192060763888888,464084.0,0,0,0,0,0,0
4841.0,Sun Dec  8 00:10:05 2024,Sat Dec  7 23:42:17 2024,0.0192060763888888,442530.0,0,0,0,0,0,0
4842.0,Sun Dec  8 00:37:59 2024,Sun Dec  8 00:10:11 2024,0.0192060763888888,459198.0,0,0,0,0,0,0
4843.0,Sun Dec  8 01:05:54 2024,Sun Dec  8 00:38:06 2024,0.0192060763888888,465674.0,0,0,0,0,0,0
4844.0,Sun Dec  8 01:33:48 2024,Sun Dec  8 01:06:00 2024,0.0192060763888888,453907.0,0,0,0,0,0,0
4845.0,Sun Dec  8 02:01:43 2024,Sun Dec  8 01:33:54 2024,0.0192060763888888,454012.0,0,0,0,0,0,0
4846.0,Sun Dec  8 02:29:37 2024,Sun Dec  8 02:01:49 2024,0.0192060763888888,459790.0,0,0,0,0,0,0
4847.0,Sun Dec  8 02:57:31 2024,Sun Dec  8 02:29:43 2024,0.0192060763888888,465316.0,0,0,0,0,0,0
4848.0,Sun Dec  8 03:25:26 2024,Sun Dec  8 02:57:37 2024,0.0192060763888888,465788.0,0,0,0,0,0,0
4849.0,Sun Dec  8 03:53:20 2024,Sun Dec  8 03:25:32 2024,0.0192060763888888,465774.0,0,0,0,0,0,0
4850.0,Sun Dec  8 04:21:14 2024,Sun Dec  8 03:53:26 2024,0.0192060763888888,453893.0,0,0,0,0,0,0
4851.0,Sun Dec  8 04:49:09 2024,Sun Dec  8 04:21:21 2024,0.0192060763888888,465743.0,0,0,0,0,0,0
4852.0,Sun Dec  8 05:17:03 2024,Sun Dec  8 04:49:15 2024,0.0192060763888888,460567.0,0,0,0,0,0,0
4853.0,Sun Dec  8 05:44:58 2024,Sun Dec  8 05:17:09 2024,0.0192060763888888,458735.0,0,0,0,0,0,0
4854.0,Sun Dec  8 06:12:52 2024,Sun Dec  8 05:45:04 2024,0.0192060763888888,465207.0,0,0,0,0,0,0
4855.0,Sun Dec  8 06:40:46 2024,Sun Dec  8 06:12:58 2024,0.0192060763888888,459231.0,0,0,0,0,0,0
4856.0,Sun Dec  8 07:08:41 2024,Sun Dec  8 06:40:53 2024,0.0192060763888888,459249.0,0,0,0,0,0,0
4857.0,Sun Dec  8 07:36:35 2024,Sun Dec  8 07:08:47 2024,0.0192060763888888,458795.0,0,0,0,0,0,0
4858.0,Sun Dec  8 08:04:29 2024,Sun Dec  8 07:36:41 2024,0.0192060763888888,453228.0,0,0,0,0,0,0
4859.0,Sun Dec  8 08:32:24 2024,Sun Dec  8 08:04:35 2024,0.0192060763888888,430983.0,0,0,0,0,0,0
4860.0,Sun Dec  8 09:00:18 2024,Sun Dec  8 08:32:30 2024,0.0192060763888888,465416.0,0,0,0,0,0,0
4861.0,Sun Dec  8 09:28:13 2024,Sun Dec  8 09:00:24 2024,0.0192060763888888,465453.0,0,0,0,0,0,0
4862.0,Sun Dec  8 09:56:07 2024,Sun Dec  8 09:28:19 2024,0.0192060763888888,441512.0,0,0,0,0,0,0
4863.0,Sun Dec  8 10:24:01 2024,Sun Dec  8 09:56:13 2024,0.0192060763888888,465247.0,0,0,0,0,0,0
4864.0,Sun Dec  8 10:51:56 2024,Sun Dec  8 10:24:07 2024,0.0192060763888888,452836.0,0,0,0,0,0,0
4865.0,Sun Dec  8 11:19:50 2024,Sun Dec  8 10:52:02 2024,0.0192060763888888,459434.0,0,0,0,0,0,0
4866.0,Sun Dec  8 11:47:44 2024,Sun Dec  8 11:19:56 2024,0.0192060763888888,453629.0,0,0,0,0,0,0
4867.0,Sun Dec  8 12:15:39 2024,Sun Dec  8 11:47:50 2024,0.0192060763888888,453305.0,0,0,0,0,0,0
4868.0,Sun Dec  8 12:43:33 2024,Sun Dec  8 12:15:45 2024,0.0192060763888888,453173.0,0,0,0,0,0,0
4869.0,Sun Dec  8 13:11:28 2024,Sun Dec  8 12:43:39 2024,0.0192060763888888,446650.0,0,0,0,0,0,0
4870.0,Sun Dec  8 13:39:22 2024,Sun Dec  8 13:11:34 2024,0.0192060763888888,439288.0,0,0,0,0,0,0
4871.0,Sun Dec  8 14:07:17 2024,Sun Dec  8 13:39:28 2024,0.0192060763888888,458656.0,0,0,0,0,0,0
4872.0,Sun Dec  8 14:35:11 2024,Sun Dec  8 14:07:23 2024,0.0192060763888888,438053.0,0,0,0,0,0,0
4873.0,Sun Dec  8 15:03:05 2024,Sun Dec  8 14:35:17 2024,0.0192060763888888,448918.0,0,0,0,0,0,0
4874.0,Sun Dec  8 15:31:00 2024,Sun Dec  8 15:03:12 2024,0.0192060763888888,456400.0,0,0,0,0,0,0
4875.0,Sun Dec  8 15:58:55 2024,Sun Dec  8 15:31:06 2024,0.0192060763888888,462562.0,0,0,0,0,0,0
4876.0,Sun Dec  8 16:26:49 2024,Sun Dec  8 15:59:01 2024,0.0192060763888888,445268.0,0,0,0,0,0,0
4877.0,Sun Dec  8 16:54:44 2024,Sun Dec  8 16:26:55 2024,0.0192060763888888,450792.0,0,0,0,0,0,0
4878.0,Sun Dec  8 17:22:38 2024,Sun Dec  8 16:54:50 2024,0.0192060763888888,462029.0,0,0,0,0,0,0
4879.0,Sun Dec  8 17:50:32 2024,Sun Dec  8 17:22:44 2024,0.0192060763888888,458512.0,0,0,0,0,0,0
4880.0,Sun Dec  8 18:18:27 2024,Sun Dec  8 17:50:38 2024,0.0192060763888888,465504.0,0,0,0,0,0,0
4881.0,Sun Dec  8 18:46:21 2024,Sun Dec  8 18:18:33 2024,0.0192060763888888,465236.0,0,0,0,0,0,0
4882.0,Sun Dec  8 19:14:16 2024,Sun Dec  8 18:46:27 2024,0.0192060763888888,459188.0,0,0,0,0,0,0
4883.0,Sun Dec  8 19:42:10 2024,Sun Dec  8 19:14:22 2024,0.0192060763888888,453412.0,0,0,0,0,0,0
4884.0,Sun Dec  8 20:10:04 2024,Sun Dec  8 19:42:16 2024,0.0192060763888888,465539.0,0,0,0,0,0,0
4885.0,Sun Dec  8 20:37:59 2024,Sun Dec  8 20:10:10 2024,0.0192060763888888,453686.0,0,0,0,0,0,0
4886.0,Sun Dec  8 21:05:53 2024,Sun Dec  8 20:38:05 2024,0.0192060763888888,441364.0,0,0,0,0,0,0
4887.0,Sun Dec  8 21:33:48 2024,Sun Dec  8 21:05:59 2024,0.0192060763888888,465452.0,1,0,0,0,0,0
4888.0,Sun Dec  8 22:01:42 2024,Sun Dec  8 21:33:54 2024,0.0192060763888888,458490.0,0,0,0,0,0,0
4889.0,Sun Dec  8 22:29:37 2024,Sun Dec  8 22:01:48 2024,0.0192060763888888,445673.0,0,0,0,0,0,0
4890.0,Sun Dec  8 22:57:31 2024,Sun Dec  8 22:29:43 2024,0.0192060763888888,464942.0,0,0,0,0,0,0
4891.0,Sun Dec  8 23:25:26 2024,Sun Dec  8 22:57:37 2024,0.0192060763888888,464968.0,0,0,0,0,0,0
4892.0,Sun Dec  8 23:53:20 2024,Sun Dec  8 23:25:32 2024,0.0192060763888888,453130.0,0,0,0,0,0,0
4893.0,Mon Dec  9 00:21:14 2024,Sun Dec  8 23:53:26 2024,0.0192060763888888,465109.0,0,0,0,0,0,0
4894.0,Mon Dec  9 00:49:09 2024,Mon Dec  9 00:21:20 2024,0.0192060763888888,452869.0,0,0,0,0,0,0
4895.0,Mon Dec  9 01:17:03 2024,Mon Dec  9 00:49:15 2024,0.0192060763888888,459304.0,0,0,0,0,0,0
4896.0,Mon Dec  9 01:44:57 2024,Mon Dec  9 01:17:09 2024,0.0192060763888888,452698.0,0,0,0,0,0,0
4897.0,Mon Dec  9 02:12:52 2024,Mon Dec  9 01:45:04 2024,0.0192060763888888,446627.0,0,0,0,0,0,0
4898.0,Mon Dec  9 02:40:46 2024,Mon Dec  9 02:12:58 2024,0.0192060763888888,445445.0,0,0,0,0,0,0
4899.0,Mon Dec  9 03:08:41 2024,Mon Dec  9 02:40:52 2024,0.0192060763888888,433176.0,0,0,0,0,0,0
4900.0,Mon Dec  9 03:36:35 2024,Mon Dec  9 03:08:47 2024,0.0192060763888888,449862.0,0,0,0,0,0,0
4901.0,Mon Dec  9 04:04:29 2024,Mon Dec  9 03:36:41 2024,0.0192060763888888,455434.0,0,0,0,0,0,0
4902.0,Mon Dec  9 04:32:24 2024,Mon Dec  9 04:04:36 2024,0.0192060763888888,455524.0,0,0,0,0,0,0
4903.0,Mon Dec  9 05:00:18 2024,Mon Dec  9 04:32:30 2024,0.0192060763888888,462290.0,0,0,0,0,0,0
4904.0,Mon Dec  9 05:28:13 2024,Mon Dec  9 05:00:24 2024,0.0192060763888888,462379.0,0,0,0,0,0,0
4905.0,Mon Dec  9 05:56:07 2024,Mon Dec  9 05:28:19 2024,0.0192060763888888,458081.0,0,0,0,0,0,0
4906.0,Mon Dec  9 06:24:01 2024,Mon Dec  9 05:56:13 2024,0.0192060763888888,459086.0,0,0,0,0,0,0
4907.0,Mon Dec  9 06:51:56 2024,Mon Dec  9 06:24:07 2024,0.0192060763888888,458750.0,0,0,0,0,0,0
4908.0,Mon Dec  9 07:19:50 2024,Mon Dec  9 06:52:02 2024,0.0192060763888888,454035.0,0,0,0,0,0,0
4909.0,Mon Dec  9 07:47:44 2024,Mon Dec  9 07:19:56 2024,0.0192060763888888,453672.0,0,0,0,0,0,0
4910.0,Mon Dec  9 08:15:39 2024,Mon Dec  9 07:47:51 2024,0.0192060763888888,453671.0,0,0,0,0,0,0
4911.0,Mon Dec  9 08:43:33 2024,Mon Dec  9 08:15:45 2024,0.0192060763888888,453687.0,0,0,0,0,0,0
4912.0,Mon Dec  9 09:11:27 2024,Mon Dec  9 08:43:39 2024,0.0192060763888888,453077.0,1,0,0,0,0,0
4913.0,Mon Dec  9 09:39:22 2024,Mon Dec  9 09:11:34 2024,0.0192060763888888,459709.0,0,0,0,0,0,0
4914.0,Mon Dec  9 10:07:16 2024,Mon Dec  9 09:39:28 2024,0.0192060763888888,465822.0,0,0,0,0,0,0
4915.0,Mon Dec  9 10:35:11 2024,Mon Dec  9 10:07:22 2024,0.0192060763888888,453935.0,0,0,0,0,0,0
4916.0,Mon Dec  9 11:03:05 2024,Mon Dec  9 10:35:17 2024,0.0192060763888888,465856.0,0,0,0,0,0,0
4917.0,Mon Dec  9 11:30:59 2024,Mon Dec  9 11:03:11 2024,0.0192060763888888,465861.0,0,0,0,0,0,0
4918.0,Mon Dec  9 11:58:53 2024,Mon Dec  9 11:31:05 2024,0.0192060763888888,453232.0,0,0,0,0,0,0
4919.0,Mon Dec  9 12:26:48 2024,Mon Dec  9 11:59:00 2024,0.0192060763888888,459827.0,0,0,0,0,0,0
4920.0,Mon Dec  9 12:54:42 2024,Mon Dec  9 12:26:54 2024,0.0192060763888888,459831.0,0,0,0,0,0,0
4921.0,Mon Dec  9 13:22:36 2024,Mon Dec  9 12:54:48 2024,0.0192060763888888,453278.0,0,0,0,0,0,0
4922.0,Mon Dec  9 13:50:31 2024,Mon Dec  9 13:22:43 2024,0.0192060763888888,453109.0,0,0,0,0,0,0
4923.0,Mon Dec  9 14:18:25 2024,Mon Dec  9 13:50:37 2024,0.0192060763888888,458154.0,1,0,0,0,0,0
4924.0,Mon Dec  9 14:46:20 2024,Mon Dec  9 14:18:32 2024,0.0192060763888888,452447.0,0,0,0,0,0,0
4925.0,Mon Dec  9 15:14:14 2024,Mon Dec  9 14:46:26 2024,0.0192060763888888,464571.0,0,0,0,0,0,0
4926.0,Mon Dec  9 15:42:09 2024,Mon Dec  9 15:14:20 2024,0.0192060763888888,464580.0,0,0,0,0,0,0
4927.0,Mon Dec  9 16:10:03 2024,Mon Dec  9 15:42:15 2024,0.0192060763888888,450857.0,0,0,0,0,0,0
4928.0,Mon Dec  9 16:37:57 2024,Mon Dec  9 16:10:09 2024,0.0192060763888888,457470.0,0,0,0,0,0,0
4929.0,Mon Dec  9 17:05:51 2024,Mon Dec  9 16:38:03 2024,0.0192060763888888,452885.0,0,0,0,0,0,0
4930.0,Mon Dec  9 17:33:46 2024,Mon Dec  9 17:05:57 2024,0.0192060763888888,453235.0,0,0,0,0,0,0
4931.0,Mon Dec  9 18:01:40 2024,Mon Dec  9 17:33:52 2024,0.0192060763888888,459192.0,0,0,0,0,0,0
4932.0,Mon Dec  9 18:29:35 2024,Mon Dec  9 18:01:47 2024,0.0192060763888888,459164.0,0,0,0,0,0,0
4933.0,Mon Dec  9 18:57:29 2024,Mon Dec  9 18:29:41 2024,0.0192060763888888,441890.0,0,0,0,0,0,0
4934.0,Mon Dec  9 19:25:24 2024,Mon Dec  9 18:57:35 2024,0.0192060763888888,449075.0,0,0,0,0,0,0
4935.0,Mon Dec  9 19:53:18 2024,Mon Dec  9 19:25:30 2024,0.0192060763888888,459695.0,0,0,0,0,0,0
4936.0,Mon Dec  9 20:21:13 2024,Mon Dec  9 19:53:24 2024,0.0192060763888888,441140.0,0,0,0,0,0,0
4937.0,Mon Dec  9 20:49:07 2024,Mon Dec  9 20:21:19 2024,0.0192060763888888,459436.0,1,0,0,0,0,0
4938.0,Mon Dec  9 21:17:02 2024,Mon Dec  9 20:49:13 2024,0.0192060763888888,465423.0,0,0,0,0,0,0
4939.0,Mon Dec  9 21:44:56 2024,Mon Dec  9 21:17:08 2024,0.0192060763888888,458718.0,0,0,0,0,0,0
4940.0,Mon Dec  9 22:12:51 2024,Mon Dec  9 21:45:02 2024,0.0192060763888888,458651.0,0,0,0,0,0,0
4941.0,Mon Dec  9 22:40:45 2024,Mon Dec  9 22:12:57 2024,0.0192060763888888,440152.0,0,0,0,0,0,0
4942.0,Mon Dec  9 23:08:39 2024,Mon Dec  9 22:40:51 2024,0.0192060763888888,465345.0,0,0,0,0,0,0
4943.0,Mon Dec  9 23:36:34 2024,Mon Dec  9 23:08:46 2024,0.0192060763888888,459435.0,0,0,0,0,0,0
4944.0,Tue Dec 10 00:04:28 2024,Mon Dec  9 23:36:40 2024,0.0192060763888888,465302.0,0,0,0,0,0,0
4945.0,Tue Dec 10 00:32:23 2024,Tue Dec 10 00:04:34 2024,0.0192060763888888,453627.0,0,0,0,0,0,0
4946.0,Tue Dec 10 01:00:17 2024,Tue Dec 10 00:32:29 2024,0.0192060763888888,465497.0,0,0,0,0,0,0
4947.0,Tue Dec 10 01:28:12 2024,Tue Dec 10 01:00:23 2024,0.0192060763888888,459421.0,0,0,0,0,0,0
4948.0,Tue Dec 10 01:56:06 2024,Tue Dec 10 01:28:18 2024,0.0192060763888888,466000.0,0,0,0,0,0,0
4949.0,Tue Dec 10 02:24:01 2024,Tue Dec 10 01:56:12 2024,0.0192060763888888,453095.0,0,0,0,0,0,0
4950.0,Tue Dec 10 02:51:55 2024,Tue Dec 10 02:24:07 2024,0.0192060763888888,446905.0,0,0,0,0,0,0
4951.0,Tue Dec 10 03:19:49 2024,Tue Dec 10 02:52:01 2024,0.0192060763888888,453361.0,0,0,0,0,0,0
4952.0,Tue Dec 10 03:47:44 2024,Tue Dec 10 03:19:56 2024,0.0192060763888888,459345.0,0,0,0,0,0,0
4953.0,Tue Dec 10 04:15:38 2024,Tue Dec 10 03:47:50 2024,0.0192060763888888,453411.0,0,0,0,0,0,0
4954.0,Tue Dec 10 04:43:33 2024,Tue Dec 10 04:15:45 2024,0.0192060763888888,465365.0,0,0,0,0,0,0
4955.0,Tue Dec 10 05:11:27 2024,Tue Dec 10 04:43:39 2024,0.0192060763888888,459486.0,0,0,0,0,0,0
4956.0,Tue Dec 10 05:39:22 2024,Tue Dec 10 05:11:33 2024,0.0192060763888888,446261.0,0,0,0,0,0,0
4957.0,Tue Dec 10 06:07:16 2024,Tue Dec 10 05:39:28 2024,0.0192060763888888,465300.0,0,0,0,0,0,0
4958.0,Tue Dec 10 06:35:11 2024,Tue Dec 10 06:07:22 2024,0.0192060763888888,441999.0,0,0,0,0,0,0
4959.0,Tue Dec 10 07:03:05 2024,Tue Dec 10 06:35:17 2024,0.0192060763888888,458892.0,0,0,0,0,0,0
4960.0,Tue Dec 10 07:31:00 2024,Tue Dec 10 07:03:11 2024,0.0192060763888888,465364.0,0,0,0,0,0,0
4961.0,Tue Dec 10 07:58:54 2024,Tue Dec 10 07:31:06 2024,0.0192060763888888,452118.0,0,0,0,0,0,0
4962.0,Tue Dec 10 08:26:48 2024,Tue Dec 10 07:59:00 2024,0.0192060763888888,464895.0,0,0,0,0,0,0
4963.0,Tue Dec 10 08:54:43 2024,Tue Dec 10 08:26:54 2024,0.0192060763888888,442347.0,0,0,0,0,0,0
4964.0,Tue Dec 10 09:22:37 2024,Tue Dec 10 08:54:49 2024,0.0192060763888888,458734.0,0,0,0,0,0,0
4965.0,Tue Dec 10 09:50:32 2024,Tue Dec 10 09:22:43 2024,0.0192060763888888,465023.0,0,0,0,0,0,0
4966.0,Tue Dec 10 10:18:26 2024,Tue Dec 10 09:50:38 2024,0.0192060763888888,440044.0,0,0,0,0,0,0
4967.0,Tue Dec 10 10:46:20 2024,Tue Dec 10 10:18:32 2024,0.0192060763888888,464808.0,0,0,0,0,0,0
4968.0,Tue Dec 10 11:14:15 2024,Tue Dec 10 10:46:26 2024,0.0192060763888888,447813.0,0,0,0,0,0,0
4969.0,Tue Dec 10 11:42:09 2024,Tue Dec 10 11:14:21 2024,0.0192060763888888,459274.0,1,0,0,0,0,0
4970.0,Tue Dec 10 12:10:03 2024,Tue Dec 10 11:42:15 2024,0.0192060763888888,465419.0,0,0,0,0,0,0
4971.0,Tue Dec 10 12:37:58 2024,Tue Dec 10 12:10:09 2024,0.0192060763888888,459514.0,0,0,0,0,0,0
4972.0,Tue Dec 10 13:05:52 2024,Tue Dec 10 12:38:04 2024,0.0192060763888888,465640.0,0,0,0,0,0,0
4973.0,Tue Dec 10 13:33:47 2024,Tue Dec 10 13:05:58 2024,0.0192060763888888,452061.0,0,0,0,0,0,0
4974.0,Tue Dec 10 14:01:41 2024,Tue Dec 10 13:33:53 2024,0.0192060763888888,465260.0,0,0,0,0,0,0
4975.0,Tue Dec 10 14:29:36 2024,Tue Dec 10 14:01:47 2024,0.0192060763888888,446355.0,0,0,0,0,0,0
4976.0,Tue Dec 10 14:57:30 2024,Tue Dec 10 14:29:42 2024,0.0192060763888888,452835.0,0,0,0,0,0,0
4977.0,Tue Dec 10 15:25:24 2024,Tue Dec 10 14:57:36 2024,0.0192060763888888,447518.0,0,0,0,0,0,0
4978.0,Tue Dec 10 15:53:19 2024,Tue Dec 10 15:25:30 2024,0.0192060763888888,452985.0,0,0,0,0,0,0
4979.0,Tue Dec 10 16:21:13 2024,Tue Dec 10 15:53:25 2024,0.0192060763888888,465337.0,0,0,0,0,0,0
4980.0,Tue Dec 10 16:49:07 2024,Tue Dec 10 16:21:19 2024,0.0192060763888888,440177.0,0,0,0,0,0,0
4981.0,Tue Dec 10 17:17:02 2024,Tue Dec 10 16:49:13 2024,0.0192060763888888,464974.0,0,0,0,0,0,0
4982.0,Tue Dec 10 17:44:56 2024,Tue Dec 10 17:17:08 2024,0.0192060763888888,458286.0,0,0,0,0,0,0
4983.0,Tue Dec 10 18:12:50 2024,Tue Dec 10 17:45:02 2024,0.0192060763888888,465023.0,0,0,0,0,0,0
4984.0,Tue Dec 10 18:40:45 2024,Tue Dec 10 18:12:56 2024,0.0192060763888888,465014.0,0,0,0,0,0,0
4985.0,Tue Dec 10 19:08:39 2024,Tue Dec 10 18:40:51 2024,0.0192060763888888,453040.0,0,0,0,0,0,0
4986.0,Tue Dec 10 19:36:34 2024,Tue Dec 10 19:08:46 2024,0.0192060763888888,459196.0,0,0,0,0,0,0
4987.0,Tue Dec 10 20:04:28 2024,Tue Dec 10 19:36:40 2024,0.0192060763888888,452434.0,1,0,0,0,0,0
4988.0,Tue Dec 10 20:32:23 2024,Tue Dec 10 20:04:34 2024,0.0192060763888888,459319.0,0,0,0,0,0,0
4989.0,Tue Dec 10 21:00:17 2024,Tue Dec 10 20:32:29 2024,0.0192060763888888,459923.0,0,0,0,0,0,0
4990.0,Tue Dec 10 21:28:12 2024,Tue Dec 10 21:00:23 2024,0.0192060763888888,453166.0,0,0,0,0,0,0
4991.0,Tue Dec 10 21:56:06 2024,Tue Dec 10 21:28:18 2024,0.0192060763888888,453276.0,0,0,0,0,0,0
4992.0,Tue Dec 10 22:24:00 2024,Tue Dec 10 21:56:12 2024,0.0192060763888888,459087.0,0,0,0,0,0,0
4993.0,Tue Dec 10 22:51:55 2024,Tue Dec 10 22:24:07 2024,0.0192060763888888,458181.0,0,0,0,0,0,0
4994.0,Tue Dec 10 23:19:49 2024,Tue Dec 10 22:52:01 2024,0.0192060763888888,452078.0,0,0,0,0,0,0
4995.0,Tue Dec 10 23:47:44 2024,Tue Dec 10 23:19:55 2024,0.0192060763888888,452697.0,0,0,0,0,0,0
4996.0,Wed Dec 11 00:15:38 2024,Tue Dec 10 23:47:50 2024,0.0192060763888888,464671.0,0,0,0,0,0,0
4997.0,Wed Dec 11 00:43:32 2024,Wed Dec 11 00:15:44 2024,0.0192060763888888,464684.0,0,0,0,0,0,0
4998.0,Wed Dec 11 01:11:26 2024,Wed Dec 11 00:43:38 2024,0.0192060763888888,459017.0,0,0,0,0,0,0
4999.0,Wed Dec 11 01:39:21 2024,Wed Dec 11 01:11:33 2024,0.0192060763888888,446349.0,0,0,0,0,0,0
5000.0,Wed Dec 11 02:07:16 2024,Wed Dec 11 01:39:27 2024,0.0192060763888888,465589.0,0,0,0,0,0,0
5001.0,Wed Dec 11 02:35:10 2024,Wed Dec 11 02:07:22 2024,0.0192060763888888,459986.0,0,0,0,0,0,0
5002.0,Wed Dec 11 03:03:04 2024,Wed Dec 11 02:35:16 2024,0.0192060763888888,460761.0,0,0,0,0,0,0
5003.0,Wed Dec 11 03:30:59 2024,Wed Dec 11 03:03:11 2024,0.0192060763888888,441995.0,0,0,0,0,0,0
5004.0,Wed Dec 11 03:58:53 2024,Wed Dec 11 03:31:05 2024,0.0192060763888888,465943.0,0,0,0,0,0,0
5005.0,Wed Dec 11 04:26:48 2024,Wed Dec 11 03:58:59 2024,0.0192060763888888,459170.0,1,0,0,0,0,0
5006.0,Wed Dec 11 04:54:42 2024,Wed Dec 11 04:26:54 2024,0.0192060763888888,465852.0,0,0,0,0,0,0
5007.0,Wed Dec 11 05:22:36 2024,Wed Dec 11 04:54:48 2024,0.0192060763888888,459906.0,0,0,0,0,0,0
5008.0,Wed Dec 11 05:50:31 2024,Wed Dec 11 05:22:42 2024,0.0192060763888888,453912.0,0,0,0,0,0,0
5009.0,Wed Dec 11 06:18:25 2024,Wed Dec 11 05:50:37 2024,0.0192060763888888,453149.0,0,0,0,0,0,0
5010.0,Wed Dec 11 06:46:20 2024,Wed Dec 11 06:18:32 2024,0.0192060763888888,465747.0,0,0,0,0,0,0
5011.0,Wed Dec 11 07:14:14 2024,Wed Dec 11 06:46:26 2024,0.0192060763888888,465736.0,0,0,0,0,0,0
5012.0,Wed Dec 11 07:42:09 2024,Wed Dec 11 07:14:21 2024,0.0192060763888888,459912.0,0,0,0,0,0,0
5013.0,Wed Dec 11 08:10:03 2024,Wed Dec 11 07:42:15 2024,0.0192060763888888,452745.0,0,0,0,0,0,0
5014.0,Wed Dec 11 08:37:58 2024,Wed Dec 11 08:10:10 2024,0.0192060763888888,459619.0,0,0,0,0,0,0
5015.0,Wed Dec 11 09:05:52 2024,Wed Dec 11 08:38:04 2024,0.0192060763888888,448742.0,0,0,0,0,0,0
5016.0,Wed Dec 11 09:33:47 2024,Wed Dec 11 09:05:59 2024,0.0192060763888888,465389.0,0,0,0,0,0,0
5017.0,Wed Dec 11 10:01:41 2024,Wed Dec 11 09:33:53 2024,0.0192060763888888,445402.0,0,0,0,0,0,0
5018.0,Wed Dec 11 10:29:36 2024,Wed Dec 11 10:01:48 2024,0.0192060763888888,464474.0,0,0,0,0,0,0
5019.0,Wed Dec 11 10:57:30 2024,Wed Dec 11 10:29:42 2024,0.0192060763888888,464596.0,0,0,0,0,0,0
5020.0,Wed Dec 11 11:25:25 2024,Wed Dec 11 10:57:36 2024,0.0192060763888888,458309.0,0,0,0,0,0,0
5021.0,Wed Dec 11 11:53:19 2024,Wed Dec 11 11:25:31 2024,0.0192060763888888,439508.0,0,0,0,0,0,0
5022.0,Wed Dec 11 12:21:14 2024,Wed Dec 11 11:53:25 2024,0.0192060763888888,452776.0,0,0,0,0,0,0
5023.0,Wed Dec 11 12:49:09 2024,Wed Dec 11 12:21:20 2024,0.0192060763888888,452848.0,0,0,0,0,0,0
5024.0,Wed Dec 11 13:17:03 2024,Wed Dec 11 12:49:15 2024,0.0192060763888888,453442.0,0,0,0,0,0,0
5025.0,Wed Dec 11 13:44:57 2024,Wed Dec 11 13:17:09 2024,0.0192060763888888,465424.0,0,0,0,0,0,0
5026.0,Wed Dec 11 14:12:51 2024,Wed Dec 11 13:45:03 2024,0.0192060763888888,459461.0,0,0,0,0,0,0
5027.0,Wed Dec 11 14:40:46 2024,Wed Dec 11 14:12:58 2024,0.0192060763888888,458659.0,0,0,0,0,0,0
5028.0,Wed Dec 11 15:08:40 2024,Wed Dec 11 14:40:52 2024,0.0192060763888888,459755.0,0,0,0,0,0,0
5029.0,Wed Dec 11 15:36:35 2024,Wed Dec 11 15:08:46 2024,0.0192060763888888,440177.0,0,0,0,0,0,0
5030.0,Wed Dec 11 16:04:29 2024,Wed Dec 11 15:36:41 2024,0.0192060763888888,464564.0,0,0,0,0,0,0
5031.0,Wed Dec 11 16:32:24 2024,Wed Dec 11 16:04:36 2024,0.0192060763888888,447612.0,0,0,0,0,0,0
5032.0,Wed Dec 11 17:00:18 2024,Wed Dec 11 16:32:30 2024,0.0192060763888888,453333.0,0,0,0,0,0,0
5033.0,Wed Dec 11 17:28:13 2024,Wed Dec 11 17:00:24 2024,0.0192060763888888,464727.0,0,0,0,0,0,0
5034.0,Wed Dec 11 17:56:07 2024,Wed Dec 11 17:28:19 2024,0.0192060763888888,452236.0,0,0,0,0,0,0
5035.0,Wed Dec 11 18:24:01 2024,Wed Dec 11 17:56:13 2024,0.0192060763888888,459131.0,0,0,0,0,0,0
5036.0,Wed Dec 11 18:51:56 2024,Wed Dec 11 18:24:07 2024,0.0192060763888888,465768.0,0,0,0,0,0,0
5037.0,Wed Dec 11 19:19:50 2024,Wed Dec 11 18:52:02 2024,0.0192060763888888,452970.0,0,0,0,0,0,0
5038.0,Wed Dec 11 19:47:44 2024,Wed Dec 11 19:19:56 2024,0.0192060763888888,439309.0,0,0,0,0,0,0
5039.0,Wed Dec 11 20:15:39 2024,Wed Dec 11 19:47:50 2024,0.0192060763888888,465019.0,1,0,0,0,0,0
5040.0,Wed Dec 11 20:43:33 2024,Wed Dec 11 20:15:45 2024,0.0192060763888888,439734.0,0,0,0,0,0,0
5041.0,Wed Dec 11 21:11:27 2024,Wed Dec 11 20:43:39 2024,0.0192060763888888,457905.0,0,0,0,0,0,0
5042.0,Wed Dec 11 21:39:22 2024,Wed Dec 11 21:11:34 2024,0.0192060763888888,450740.0,0,0,0,0,0,0
5043.0,Wed Dec 11 22:07:16 2024,Wed Dec 11 21:39:28 2024,0.0192060763888888,351388.0,0,0,0,0,0,0
5044.0,Wed Dec 11 22:35:11 2024,Wed Dec 11 22:07:22 2024,0.0192060763888888,354248.0,0,0,0,0,0,0
5045.0,Wed Dec 11 23:03:05 2024,Wed Dec 11 22:35:17 2024,0.0192060763888888,350325.0,0,0,0,0,0,0
5046.0,Wed Dec 11 23:30:59 2024,Wed Dec 11 23:03:11 2024,0.0192060763888888,362056.0,1,0,0,0,0,0
5047.0,Wed Dec 11 23:58:54 2024,Wed Dec 11 23:31:06 2024,0.0192060763888888,361959.0,0,0,0,0,0,0
5048.0,Thu Dec 12 00:26:48 2024,Wed Dec 11 23:59:00 2024,0.0192060763888888,348072.0,0,0,0,0,0,0
5049.0,Thu Dec 12 00:54:43 2024,Thu Dec 12 00:26:54 2024,0.0192060763888888,367534.0,0,0,0,0,0,0
5050.0,Thu Dec 12 01:22:37 2024,Thu Dec 12 00:54:49 2024,0.0192060763888888,355369.0,0,0,0,0,0,0
5051.0,Thu Dec 12 01:50:31 2024,Thu Dec 12 01:22:43 2024,0.0192060763888888,363245.0,0,0,0,0,0,0
5052.0,Thu Dec 12 02:18:26 2024,Thu Dec 12 01:50:38 2024,0.0192060763888888,363622.0,0,0,0,0,0,0
5053.0,Thu Dec 12 02:46:20 2024,Thu Dec 12 02:18:32 2024,0.0192060763888888,369461.0,0,0,0,0,0,0
5054.0,Thu Dec 12 03:14:14 2024,Thu Dec 12 02:46:26 2024,0.0192060763888888,369687.0,0,0,0,0,0,0
5055.0,Thu Dec 12 03:42:09 2024,Thu Dec 12 03:14:21 2024,0.0192060763888888,363997.0,0,0,0,0,0,0
5056.0,Thu Dec 12 04:10:03 2024,Thu Dec 12 03:42:15 2024,0.0192060763888888,364042.0,0,0,0,0,0,0
5057.0,Thu Dec 12 04:37:58 2024,Thu Dec 12 04:10:09 2024,0.0192060763888888,364170.0,0,0,0,0,0,0
5058.0,Thu Dec 12 05:05:52 2024,Thu Dec 12 04:38:03 2024,0.0192060763888888,370128.0,0,0,0,0,0,0
5059.0,Thu Dec 12 05:33:46 2024,Thu Dec 12 05:05:58 2024,0.0192060763888888,363734.0,0,0,0,0,0,0
5060.0,Thu Dec 12 06:01:40 2024,Thu Dec 12 05:33:52 2024,0.0192060763888888,364911.0,0,0,0,0,0,0
5061.0,Thu Dec 12 06:29:35 2024,Thu Dec 12 06:01:46 2024,0.0192060763888888,370105.0,0,0,0,0,0,0
5062.0,Thu Dec 12 06:57:29 2024,Thu Dec 12 06:29:41 2024,0.0192060763888888,364113.0,0,0,0,0,0,0
5063.0,Thu Dec 12 07:25:23 2024,Thu Dec 12 06:57:35 2024,0.0192060763888888,364161.0,0,0,0,0,0,0
5064.0,Thu Dec 12 07:53:18 2024,Thu Dec 12 07:25:29 2024,0.0192060763888888,363462.0,0,0,0,0,0,0
5065.0,Thu Dec 12 08:21:12 2024,Thu Dec 12 07:53:24 2024,0.0192060763888888,357679.0,0,0,0,0,0,0
5066.0,Thu Dec 12 08:49:06 2024,Thu Dec 12 08:21:18 2024,0.0192060763888888,363793.0,0,0,0,0,0,0
5067.0,Thu Dec 12 09:17:01 2024,Thu Dec 12 08:49:13 2024,0.0192060763888888,357862.0,0,0,0,0,0,0
5068.0,Thu Dec 12 09:44:56 2024,Thu Dec 12 09:17:07 2024,0.0192060763888888,357829.0,0,0,0,0,0,0
5069.0,Thu Dec 12 10:12:50 2024,Thu Dec 12 09:45:02 2024,0.0192060763888888,358610.0,0,0,0,0,0,0
5070.0,Thu Dec 12 10:40:45 2024,Thu Dec 12 10:12:56 2024,0.0192060763888888,363849.0,0,0,0,0,0,0
5071.0,Thu Dec 12 11:08:39 2024,Thu Dec 12 10:40:51 2024,0.0192060763888888,363699.0,0,0,0,0,0,0
5072.0,Thu Dec 12 11:36:33 2024,Thu Dec 12 11:08:45 2024,0.0192060763888888,369645.0,0,0,0,0,0,0
5073.0,Thu Dec 12 12:04:28 2024,Thu Dec 12 11:36:39 2024,0.0192060763888888,370128.0,0,0,0,0,0,0
5074.0,Thu Dec 12 12:32:22 2024,Thu Dec 12 12:04:34 2024,0.0192060763888888,370133.0,0,0,0,0,0,0
5075.0,Thu Dec 12 13:00:16 2024,Thu Dec 12 12:32:28 2024,0.0192060763888888,370112.0,0,0,0,0,0,0
5076.0,Thu Dec 12 13:28:11 2024,Thu Dec 12 13:00:22 2024,0.0192060763888888,364398.0,0,0,0,0,0,0
5077.0,Thu Dec 12 13:56:05 2024,Thu Dec 12 13:28:17 2024,0.0192060763888888,364095.0,0,0,0,0,0,0
5078.0,Thu Dec 12 14:23:59 2024,Thu Dec 12 13:56:11 2024,0.0192060763888888,345717.0,0,0,0,0,0,0
5079.0,Thu Dec 12 14:51:54 2024,Thu Dec 12 14:24:05 2024,0.0192060763888888,363517.0,0,0,0,0,0,0
5080.0,Thu Dec 12 15:19:48 2024,Thu Dec 12 14:52:00 2024,0.0192060763888888,357569.0,0,0,0,0,0,0
5081.0,Thu Dec 12 15:47:42 2024,Thu Dec 12 15:19:54 2024,0.0192060763888888,358281.0,0,0,0,0,0,0
5082.0,Thu Dec 12 16:15:36 2024,Thu Dec 12 15:47:48 2024,0.0192060763888888,369470.0,0,0,0,0,0,0
5083.0,Thu Dec 12 16:43:31 2024,Thu Dec 12 16:15:43 2024,0.0192060763888888,363116.0,0,0,0,0,0,0
5084.0,Thu Dec 12 17:11:25 2024,Thu Dec 12 16:43:37 2024,0.0192060763888888,364364.0,0,0,0,0,0,0
5085.0,Thu Dec 12 17:39:19 2024,Thu Dec 12 17:11:31 2024,0.0192060763888888,357625.0,0,0,0,0,0,0
5086.0,Thu Dec 12 18:07:14 2024,Thu Dec 12 17:39:25 2024,0.0192060763888888,357088.0,0,0,0,0,0,0
5087.0,Thu Dec 12 18:35:08 2024,Thu Dec 12 18:07:20 2024,0.0192060763888888,369676.0,0,0,0,0,0,0
5088.0,Thu Dec 12 19:03:03 2024,Thu Dec 12 18:35:14 2024,0.0192060763888888,358393.0,0,0,0,0,0,0
5089.0,Thu Dec 12 19:30:57 2024,Thu Dec 12 19:03:09 2024,0.0192060763888888,369289.0,0,0,0,0,0,0
5090.0,Thu Dec 12 19:58:51 2024,Thu Dec 12 19:31:03 2024,0.0192060763888888,343691.0,0,0,0,0,0,0
5091.0,Thu Dec 12 20:26:46 2024,Thu Dec 12 19:58:57 2024,0.0192060763888888,368372.0,0,0,0,0,0,0
5092.0,Thu Dec 12 20:54:40 2024,Thu Dec 12 20:26:52 2024,0.0192060763888888,368705.0,0,0,0,0,0,0
5093.0,Thu Dec 12 21:22:34 2024,Thu Dec 12 20:54:46 2024,0.0192060763888888,362783.0,0,0,0,0,0,0
5094.0,Thu Dec 12 21:50:29 2024,Thu Dec 12 21:22:40 2024,0.0192060763888888,357103.0,0,0,0,0,0,0
5095.0,Thu Dec 12 22:18:23 2024,Thu Dec 12 21:50:35 2024,0.0192060763888888,369053.0,0,0,0,0,0,0
5096.0,Thu Dec 12 22:46:17 2024,Thu Dec 12 22:18:29 2024,0.0192060763888888,369267.0,0,0,0,0,0,0
5097.0,Thu Dec 12 23:14:12 2024,Thu Dec 12 22:46:24 2024,0.0192060763888888,345096.0,0,0,0,0,0,0
5098.0,Thu Dec 12 23:42:06 2024,Thu Dec 12 23:14:18 2024,0.0192060763888888,369658.0,0,0,0,0,0,0
5099.0,Fri Dec 13 00:10:00 2024,Thu Dec 12 23:42:12 2024,0.0192060763888888,369674.0,0,0,0,0,0,0
5100.0,Fri Dec 13 00:37:55 2024,Fri Dec 13 00:10:07 2024,0.0192060763888888,369806.0,0,0,0,0,0,0
5101.0,Fri Dec 13 01:05:49 2024,Fri Dec 13 00:38:01 2024,0.0192060763888888,364635.0,0,0,0,0,0,0
5102.0,Fri Dec 13 01:33:44 2024,Fri Dec 13 01:05:56 2024,0.0192060763888888,349597.0,0,0,0,0,0,0
5103.0,Fri Dec 13 02:01:38 2024,Fri Dec 13 01:33:50 2024,0.0192060763888888,363691.0,0,0,0,0,0,0
5104.0,Fri Dec 13 02:29:32 2024,Fri Dec 13 02:01:44 2024,0.0192060763888888,363863.0,0,0,0,0,0,0
5105.0,Fri Dec 13 02:57:27 2024,Fri Dec 13 02:29:39 2024,0.0192060763888888,369821.0,1,0,0,0,0,0
5106.0,Fri Dec 13 03:25:22 2024,Fri Dec 13 02:57:33 2024,0.0192060763888888,369834.0,0,0,0,0,0,0
5107.0,Fri Dec 13 03:53:16 2024,Fri Dec 13 03:25:28 2024,0.0192060763888888,369571.0,0,0,0,0,0,0
5108.0,Fri Dec 13 04:21:10 2024,Fri Dec 13 03:53:22 2024,0.0192060763888888,363365.0,0,0,0,0,0,0
5109.0,Fri Dec 13 04:49:05 2024,Fri Dec 13 04:21:17 2024,0.0192060763888888,370007.0,0,0,0,0,0,0
5110.0,Fri Dec 13 05:16:59 2024,Fri Dec 13 04:49:11 2024,0.0192060763888888,346042.0,0,0,0,0,0,0
5111.0,Fri Dec 13 05:44:54 2024,Fri Dec 13 05:17:05 2024,0.0192060763888888,350988.0,1,0,0,0,0,0
5112.0,Fri Dec 13 06:12:48 2024,Fri Dec 13 05:45:00 2024,0.0192060763888888,332111.0,0,0,0,0,0,0
5113.0,Fri Dec 13 06:40:42 2024,Fri Dec 13 06:12:54 2024,0.0192060763888888,356258.0,0,0,0,0,0,0
5114.0,Fri Dec 13 07:08:37 2024,Fri Dec 13 06:40:49 2024,0.0192060763888888,357918.0,0,0,0,0,0,0
5115.0,Fri Dec 13 07:36:31 2024,Fri Dec 13 07:08:43 2024,0.0192060763888888,363532.0,0,0,0,0,0,0
5116.0,Fri Dec 13 08:04:26 2024,Fri Dec 13 07:36:38 2024,0.0192060763888888,368791.0,0,0,0,0,0,0
5117.0,Fri Dec 13 08:32:20 2024,Fri Dec 13 08:04:32 2024,0.0192060763888888,356931.0,0,0,0,0,0,0
5118.0,Fri Dec 13 09:00:15 2024,Fri Dec 13 08:32:26 2024,0.0192060763888888,357155.0,0,0,0,0,0,0
5119.0,Fri Dec 13 09:28:09 2024,Fri Dec 13 09:00:21 2024,0.0192060763888888,363687.0,0,0,0,0,0,0
5120.0,Fri Dec 13 09:56:03 2024,Fri Dec 13 09:28:15 2024,0.0192060763888888,357854.0,0,0,0,0,0,0
5121.0,Fri Dec 13 10:23:58 2024,Fri Dec 13 09:56:09 2024,0.0192060763888888,351234.0,0,0,0,0,0,0
5122.0,Fri Dec 13 10:51:52 2024,Fri Dec 13 10:24:04 2024,0.0192060763888888,369149.0,0,0,0,0,0,0
5123.0,Fri Dec 13 11:19:46 2024,Fri Dec 13 10:51:58 2024,0.0192060763888888,356627.0,0,0,0,0,0,0
5124.0,Fri Dec 13 11:47:41 2024,Fri Dec 13 11:19:53 2024,0.0192060763888888,352056.0,0,0,0,0,0,0
5125.0,Fri Dec 13 12:15:35 2024,Fri Dec 13 11:47:47 2024,0.0192060763888888,356830.0,0,0,0,0,0,0
5126.0,Fri Dec 13 12:43:30 2024,Fri Dec 13 12:15:42 2024,0.0192060763888888,362716.0,0,0,0,0,0,0
5127.0,Fri Dec 13 13:11:24 2024,Fri Dec 13 12:43:36 2024,0.0192060763888888,351802.0,0,0,0,0,0,0
5128.0,Fri Dec 13 13:39:18 2024,Fri Dec 13 13:11:30 2024,0.0192060763888888,357424.0,0,0,0,0,0,0
5129.0,Fri Dec 13 14:07:13 2024,Fri Dec 13 13:39:24 2024,0.0192060763888888,368796.0,0,0,0,0,0,0
5130.0,Fri Dec 13 14:35:07 2024,Fri Dec 13 14:07:19 2024,0.0192060763888888,368580.0,0,0,0,0,0,0
5131.0,Fri Dec 13 15:03:01 2024,Fri Dec 13 14:35:13 2024,0.0192060763888888,343523.0,0,0,0,0,0,0
5132.0,Fri Dec 13 15:30:56 2024,Fri Dec 13 15:03:07 2024,0.0192060763888888,369139.0,0,0,0,0,0,0
5133.0,Fri Dec 13 15:58:50 2024,Fri Dec 13 15:31:02 2024,0.0192060763888888,351507.0,0,0,0,0,0,0
5134.0,Fri Dec 13 16:26:45 2024,Fri Dec 13 15:58:56 2024,0.0192060763888888,369250.0,0,0,0,0,0,0
5135.0,Fri Dec 13 16:54:39 2024,Fri Dec 13 16:26:51 2024,0.0192060763888888,369359.0,0,0,0,0,0,0
5136.0,Fri Dec 13 17:22:33 2024,Fri Dec 13 16:54:45 2024,0.0192060763888888,362098.0,0,0,0,0,0,0
5137.0,Fri Dec 13 17:50:28 2024,Fri Dec 13 17:22:40 2024,0.0192060763888888,368949.0,0,0,0,0,0,0
5138.0,Fri Dec 13 18:18:22 2024,Fri Dec 13 17:50:34 2024,0.0192060763888888,363191.0,0,0,0,0,0,0
5139.0,Fri Dec 13 18:46:17 2024,Fri Dec 13 18:18:29 2024,0.0192060763888888,357875.0,0,0,0,0,0,0
5140.0,Fri Dec 13 19:14:11 2024,Fri Dec 13 18:46:23 2024,0.0192060763888888,350023.0,0,0,0,0,0,0
5141.0,Fri Dec 13 19:42:06 2024,Fri Dec 13 19:14:17 2024,0.0192060763888888,362172.0,0,0,0,0,0,0
5142.0,Fri Dec 13 20:10:00 2024,Fri Dec 13 19:42:12 2024,0.0192060763888888,368632.0,0,0,0,0,0,0
5143.0,Fri Dec 13 20:37:54 2024,Fri Dec 13 20:10:06 2024,0.0192060763888888,369176.0,0,0,0,0,0,0
5144.0,Fri Dec 13 21:05:48 2024,Fri Dec 13 20:38:00 2024,0.0192060763888888,369169.0,0,0,0,0,0,0
5145.0,Fri Dec 13 21:33:43 2024,Fri Dec 13 21:05:55 2024,0.0192060763888888,363221.0,0,0,0,0,0,0
5146.0,Fri Dec 13 22:01:37 2024,Fri Dec 13 21:33:49 2024,0.0192060763888888,363451.0,0,0,0,0,0,0
5147.0,Fri Dec 13 22:29:31 2024,Fri Dec 13 22:01:43 2024,0.0192060763888888,346430.0,0,0,0,0,0,0
5148.0,Fri Dec 13 22:57:26 2024,Fri Dec 13 22:29:38 2024,0.0192060763888888,370152.0,0,0,0,0,0,0
5149.0,Fri Dec 13 23:25:21 2024,Fri Dec 13 22:57:32 2024,0.0192060763888888,363493.0,0,0,0,0,0,0
5150.0,Fri Dec 13 23:53:15 2024,Fri Dec 13 23:25:27 2024,0.0192060763888888,339743.0,0,0,0,0,0,0
5151.0,Sat Dec 14 00:21:10 2024,Fri Dec 13 23:53:21 2024,0.0192060763888888,363119.0,0,0,0,0,0,0
5152.0,Sat Dec 14 00:49:04 2024,Sat Dec 14 00:21:16 2024,0.0192060763888888,369426.0,0,0,0,0,0,0
5153.0,Sat Dec 14 01:16:58 2024,Sat Dec 14 00:49:10 2024,0.0192060763888888,369429.0,0,0,0,0,0,0
5154.0,Sat Dec 14 01:44:53 2024,Sat Dec 14 01:17:04 2024,0.0192060763888888,369185.0,0,0,0,0,0,0
5155.0,Sat Dec 14 02:12:47 2024,Sat Dec 14 01:44:59 2024,0.0192060763888888,356503.0,0,0,0,0,0,0
5156.0,Sat Dec 14 02:40:41 2024,Sat Dec 14 02:12:53 2024,0.0192060763888888,369517.0,0,0,0,0,0,0
5157.0,Sat Dec 14 03:08:36 2024,Sat Dec 14 02:40:47 2024,0.0192060763888888,344730.0,0,0,0,0,0,0
5158.0,Sat Dec 14 03:36:30 2024,Sat Dec 14 03:08:42 2024,0.0192060763888888,351181.0,0,0,0,0,0,0
5159.0,Sat Dec 14 04:04:25 2024,Sat Dec 14 03:36:36 2024,0.0192060763888888,369597.0,0,0,0,0,0,0
5160.0,Sat Dec 14 04:32:19 2024,Sat Dec 14 04:04:31 2024,0.0192060763888888,369601.0,0,0,0,0,0,0
5161.0,Sat Dec 14 05:00:14 2024,Sat Dec 14 04:32:25 2024,0.0192060763888888,363688.0,0,0,0,0,0,0
5162.0,Sat Dec 14 05:28:08 2024,Sat Dec 14 05:00:20 2024,0.0192060763888888,369740.0,0,0,0,0,0,0
5163.0,Sat Dec 14 05:56:02 2024,Sat Dec 14 05:28:14 2024,0.0192060763888888,369799.0,0,0,0,0,0,0
5164.0,Sat Dec 14 06:23:57 2024,Sat Dec 14 05:56:09 2024,0.0192060763888888,363833.0,0,0,0,0,0,0
5165.0,Sat Dec 14 06:51:51 2024,Sat Dec 14 06:24:03 2024,0.0192060763888888,357722.0,0,0,0,0,0,0
5166.0,Sat Dec 14 07:19:46 2024,Sat Dec 14 06:51:57 2024,0.0192060763888888,370061.0,0,0,0,0,0,0
5167.0,Sat Dec 14 07:47:40 2024,Sat Dec 14 07:19:52 2024,0.0192060763888888,364112.0,0,0,0,0,0,0
5168.0,Sat Dec 14 08:15:34 2024,Sat Dec 14 07:47:46 2024,0.0192060763888888,362737.0,0,0,0,0,0,0
5169.0,Sat Dec 14 08:43:29 2024,Sat Dec 14 08:15:40 2024,0.0192060763888888,352359.0,0,0,0,0,0,0
5170.0,Sat Dec 14 09:11:23 2024,Sat Dec 14 08:43:35 2024,0.0192060763888888,348878.0,0,0,0,0,0,0
5171.0,Sat Dec 14 09:39:17 2024,Sat Dec 14 09:11:29 2024,0.0192060763888888,368136.0,0,0,0,0,0,0
5172.0,Sat Dec 14 10:07:12 2024,Sat Dec 14 09:39:23 2024,0.0192060763888888,343200.0,0,0,0,0,0,0
5173.0,Sat Dec 14 10:35:06 2024,Sat Dec 14 10:07:18 2024,0.0192060763888888,367281.0,0,0,0,0,0,0
5174.0,Sat Dec 14 11:03:01 2024,Sat Dec 14 10:35:12 2024,0.0192060763888888,355793.0,0,0,0,0,0,0
5175.0,Sat Dec 14 11:30:55 2024,Sat Dec 14 11:03:06 2024,0.0192060763888888,367896.0,0,0,0,0,0,0
5176.0,Sat Dec 14 11:58:49 2024,Sat Dec 14 11:31:01 2024,0.0192060763888888,354729.0,0,0,0,0,0,0
5177.0,Sat Dec 14 12:26:44 2024,Sat Dec 14 11:58:55 2024,0.0192060763888888,351165.0,0,0,0,0,0,0
5178.0,Sat Dec 14 12:54:38 2024,Sat Dec 14 12:26:50 2024,0.0192060763888888,363195.0,0,0,0,0,0,0
5179.0,Sat Dec 14 13:22:33 2024,Sat Dec 14 12:54:44 2024,0.0192060763888888,369892.0,0,0,0,0,0,0
5180.0,Sat Dec 14 13:50:27 2024,Sat Dec 14 13:22:39 2024,0.0192060763888888,357328.0,0,0,0,0,0,0
5181.0,Sat Dec 14 14:18:21 2024,Sat Dec 14 13:50:33 2024,0.0192060763888888,369805.0,0,0,0,0,0,0
5182.0,Sat Dec 14 14:46:16 2024,Sat Dec 14 14:18:28 2024,0.0192060763888888,358015.0,1,0,0,0,0,0
5183.0,Sat Dec 14 15:14:10 2024,Sat Dec 14 14:46:22 2024,0.0192060763888888,358941.0,0,0,0,0,0,0
5184.0,Sat Dec 14 15:42:05 2024,Sat Dec 14 15:14:16 2024,0.0192060763888888,363304.0,0,0,0,0,0,0
5185.0,Sat Dec 14 16:09:59 2024,Sat Dec 14 15:42:11 2024,0.0192060763888888,351058.0,0,0,0,0,0,0
5186.0,Sat Dec 14 16:37:54 2024,Sat Dec 14 16:10:06 2024,0.0192060763888888,369007.0,0,0,0,0,0,0
5187.0,Sat Dec 14 17:05:48 2024,Sat Dec 14 16:38:00 2024,0.0192060763888888,357137.0,0,0,0,0,0,0
5188.0,Sat Dec 14 17:33:43 2024,Sat Dec 14 17:05:54 2024,0.0192060763888888,357857.0,0,0,0,0,0,0
5189.0,Sat Dec 14 18:01:37 2024,Sat Dec 14 17:33:49 2024,0.0192060763888888,363066.0,0,0,0,0,0,0
5190.0,Sat Dec 14 18:29:32 2024,Sat Dec 14 18:01:44 2024,0.0192060763888888,363022.0,0,0,0,0,0,0
5191.0,Sat Dec 14 18:57:26 2024,Sat Dec 14 18:29:38 2024,0.0192060763888888,369198.0,0,0,0,0,0,0
5192.0,Sat Dec 14 19:25:21 2024,Sat Dec 14 18:57:33 2024,0.0192060763888888,369824.0,0,0,0,0,0,0
5193.0,Sat Dec 14 19:53:15 2024,Sat Dec 14 19:25:27 2024,0.0192060763888888,350773.0,0,0,0,0,0,0
5194.0,Sat Dec 14 20:21:09 2024,Sat Dec 14 19:53:21 2024,0.0192060763888888,363981.0,0,0,0,0,0,0
5195.0,Sat Dec 14 20:49:04 2024,Sat Dec 14 20:21:15 2024,0.0192060763888888,369937.0,0,0,0,0,0,0
5196.0,Sat Dec 14 21:16:58 2024,Sat Dec 14 20:49:10 2024,0.0192060763888888,364000.0,0,0,0,0,0,0
5197.0,Sat Dec 14 21:44:52 2024,Sat Dec 14 21:17:04 2024,0.0192060763888888,364271.0,0,0,0,0,0,0
5198.0,Sat Dec 14 22:12:47 2024,Sat Dec 14 21:44:58 2024,0.0192060763888888,363990.0,0,0,0,0,0,0
5199.0,Sat Dec 14 22:40:41 2024,Sat Dec 14 22:12:53 2024,0.0192060763888888,350515.0,0,0,0,0,0,0
5200.0,Sat Dec 14 23:08:35 2024,Sat Dec 14 22:40:47 2024,0.0192060763888888,351206.0,0,0,0,0,0,0
5201.0,Sat Dec 14 23:36:30 2024,Sat Dec 14 23:08:42 2024,0.0192060763888888,363906.0,0,0,0,0,0,0
5202.0,Sun Dec 15 00:04:24 2024,Sat Dec 14 23:36:36 2024,0.0192060763888888,369773.0,0,0,0,0,0,0
5203.0,Sun Dec 15 00:32:19 2024,Sun Dec 15 00:04:31 2024,0.0192060763888888,352791.0,0,0,0,0,0,0
5204.0,Sun Dec 15 01:00:13 2024,Sun Dec 15 00:32:25 2024,0.0192060763888888,356756.0,0,0,0,0,0,0
5205.0,Sun Dec 15 01:28:08 2024,Sun Dec 15 01:00:20 2024,0.0192060763888888,369671.0,0,0,0,0,0,0
5206.0,Sun Dec 15 01:56:02 2024,Sun Dec 15 01:28:14 2024,0.0192060763888888,357151.0,0,0,0,0,0,0
5207.0,Sun Dec 15 02:23:57 2024,Sun Dec 15 01:56:08 2024,0.0192060763888888,344881.0,0,0,0,0,0,0
5208.0,Sun Dec 15 02:51:51 2024,Sun Dec 15 02:24:03 2024,0.0192060763888888,356555.0,0,0,0,0,0,0
5209.0,Sun Dec 15 03:19:45 2024,Sun Dec 15 02:51:57 2024,0.0192060763888888,362292.0,0,0,0,0,0,0
5210.0,Sun Dec 15 03:47:40 2024,Sun Dec 15 03:19:51 2024,0.0192060763888888,356331.0,1,0,0,0,0,0
5211.0,Sun Dec 15 04:15:34 2024,Sun Dec 15 03:47:46 2024,0.0192060763888888,367775.0,0,0,0,0,0,0
5212.0,Sun Dec 15 04:43:28 2024,Sun Dec 15 04:15:40 2024,0.0192060763888888,356073.0,0,0,0,0,0,0
5213.0,Sun Dec 15 05:11:23 2024,Sun Dec 15 04:43:34 2024,0.0192060763888888,349723.0,0,0,0,0,0,0
5214.0,Sun Dec 15 05:39:17 2024,Sun Dec 15 05:11:29 2024,0.0192060763888888,349192.0,0,0,0,0,0,0
5215.0,Sun Dec 15 06:07:11 2024,Sun Dec 15 05:39:23 2024,0.0192060763888888,356215.0,0,0,0,0,0,0
5216.0,Sun Dec 15 06:35:06 2024,Sun Dec 15 06:07:17 2024,0.0192060763888888,368533.0,0,0,0,0,0,0
5217.0,Sun Dec 15 07:03:00 2024,Sun Dec 15 06:35:12 2024,0.0192060763888888,369218.0,0,0,0,0,0,0
5218.0,Sun Dec 15 07:30:54 2024,Sun Dec 15 07:03:06 2024,0.0192060763888888,363216.0,0,0,0,0,0,0
5219.0,Sun Dec 15 07:58:49 2024,Sun Dec 15 07:31:01 2024,0.0192060763888888,363308.0,0,0,0,0,0,0
5220.0,Sun Dec 15 08:26:43 2024,Sun Dec 15 07:58:55 2024,0.0192060763888888,363867.0,0,0,0,0,0,0
5221.0,Sun Dec 15 08:54:38 2024,Sun Dec 15 08:26:49 2024,0.0192060763888888,364081.0,0,0,0,0,0,0
5222.0,Sun Dec 15 09:22:32 2024,Sun Dec 15 08:54:44 2024,0.0192060763888888,364191.0,0,0,0,0,0,0
5223.0,Sun Dec 15 09:50:27 2024,Sun Dec 15 09:22:38 2024,0.0192060763888888,370195.0,0,0,0,0,0,0
5224.0,Sun Dec 15 10:18:21 2024,Sun Dec 15 09:50:33 2024,0.0192060763888888,357682.0,0,0,0,0,0,0
5225.0,Sun Dec 15 10:46:15 2024,Sun Dec 15 10:18:27 2024,0.0192060763888888,356717.0,0,0,0,0,0,0
5226.0,Sun Dec 15 11:14:10 2024,Sun Dec 15 10:46:21 2024,0.0192060763888888,369549.0,0,0,0,0,0,0
5227.0,Sun Dec 15 11:42:04 2024,Sun Dec 15 11:14:16 2024,0.0192060763888888,369573.0,1,0,0,0,0,0
5228.0,Sun Dec 15 12:09:58 2024,Sun Dec 15 11:42:10 2024,0.0192060763888888,357736.0,0,0,0,0,0,0
5229.0,Sun Dec 15 12:37:53 2024,Sun Dec 15 12:10:04 2024,0.0192060763888888,337246.0,0,0,0,0,0,0
5230.0,Sun Dec 15 13:05:47 2024,Sun Dec 15 12:37:59 2024,0.0192060763888888,362361.0,0,0,0,0,0,0
5231.0,Sun Dec 15 13:33:41 2024,Sun Dec 15 13:05:53 2024,0.0192060763888888,362485.0,0,0,0,0,0,0
5232.0,Sun Dec 15 14:01:35 2024,Sun Dec 15 13:33:47 2024,0.0192060763888888,369384.0,0,0,0,0,0,0
5233.0,Sun Dec 15 14:29:30 2024,Sun Dec 15 14:01:41 2024,0.0192060763888888,369384.0,0,0,0,0,0,0
5234.0,Sun Dec 15 14:57:24 2024,Sun Dec 15 14:29:36 2024,0.0192060763888888,363505.0,0,0,0,0,0,0
5235.0,Sun Dec 15 15:25:19 2024,Sun Dec 15 14:57:30 2024,0.0192060763888888,369789.0,0,0,0,0,0,0
5236.0,Sun Dec 15 15:53:13 2024,Sun Dec 15 15:25:25 2024,0.0192060763888888,351424.0,0,0,0,0,0,0
5237.0,Sun Dec 15 16:21:07 2024,Sun Dec 15 15:53:19 2024,0.0192060763888888,369792.0,0,0,0,0,0,0
5238.0,Sun Dec 15 16:49:02 2024,Sun Dec 15 16:21:14 2024,0.0192060763888888,370050.0,0,0,0,0,0,0
5239.0,Sun Dec 15 17:16:56 2024,Sun Dec 15 16:49:08 2024,0.0192060763888888,370044.0,0,0,0,0,0,0
5240.0,Sun Dec 15 17:44:51 2024,Sun Dec 15 17:17:03 2024,0.0192060763888888,370038.0,0,0,0,0,0,0
5241.0,Sun Dec 15 18:12:45 2024,Sun Dec 15 17:44:57 2024,0.0192060763888888,364848.0,0,0,0,0,0,0
5242.0,Sun Dec 15 18:40:39 2024,Sun Dec 15 18:12:51 2024,0.0192060763888888,358365.0,0,0,0,0,0,0
5243.0,Sun Dec 15 19:08:34 2024,Sun Dec 15 18:40:46 2024,0.0192060763888888,364052.0,0,0,0,0,0,0
5244.0,Sun Dec 15 19:36:28 2024,Sun Dec 15 19:08:40 2024,0.0192060763888888,369837.0,0,0,0,0,0,0
5245.0,Sun Dec 15 20:04:23 2024,Sun Dec 15 19:36:34 2024,0.0192060763888888,357835.0,0,0,0,0,0,0
5246.0,Sun Dec 15 20:32:17 2024,Sun Dec 15 20:04:29 2024,0.0192060763888888,363784.0,0,0,0,0,0,0
5247.0,Sun Dec 15 21:00:11 2024,Sun Dec 15 20:32:23 2024,0.0192060763888888,350388.0,0,0,0,0,0,0
5248.0,Sun Dec 15 21:28:06 2024,Sun Dec 15 21:00:18 2024,0.0192060763888888,362933.0,0,0,0,0,0,0
5249.0,Sun Dec 15 21:56:00 2024,Sun Dec 15 21:28:12 2024,0.0192060763888888,369197.0,0,0,0,0,0,0
5250.0,Sun Dec 15 22:23:55 2024,Sun Dec 15 21:56:07 2024,0.0192060763888888,345446.0,0,0,0,0,0,0
5251.0,Sun Dec 15 22:51:49 2024,Sun Dec 15 22:24:01 2024,0.0192060763888888,369105.0,0,0,0,0,0,0
5252.0,Sun Dec 15 23:19:44 2024,Sun Dec 15 22:51:55 2024,0.0192060763888888,369117.0,0,0,0,0,0,0
5253.0,Sun Dec 15 23:47:38 2024,Sun Dec 15 23:19:50 2024,0.0192060763888888,356001.0,0,0,0,0,0,0
5254.0,Mon Dec 16 00:15:33 2024,Sun Dec 15 23:47:44 2024,0.0192060763888888,363430.0,0,0,0,0,0,0
5255.0,Mon Dec 16 00:43:27 2024,Mon Dec 16 00:15:39 2024,0.0192060763888888,356929.0,0,0,0,0,0,0
5256.0,Mon Dec 16 01:11:21 2024,Mon Dec 16 00:43:33 2024,0.0192060763888888,369338.0,0,0,0,0,0,0
5257.0,Mon Dec 16 01:39:16 2024,Mon Dec 16 01:11:27 2024,0.0192060763888888,369401.0,0,0,0,0,0,0
5258.0,Mon Dec 16 02:07:10 2024,Mon Dec 16 01:39:22 2024,0.0192060763888888,362566.0,0,0,0,0,0,0
5259.0,Mon Dec 16 02:35:05 2024,Mon Dec 16 02:07:16 2024,0.0192060763888888,363175.0,0,0,0,0,0,0
5260.0,Mon Dec 16 03:02:59 2024,Mon Dec 16 02:35:11 2024,0.0192060763888888,369768.0,0,0,0,0,0,0
5261.0,Mon Dec 16 03:30:53 2024,Mon Dec 16 03:03:05 2024,0.0192060763888888,363818.0,0,0,0,0,0,0
5262.0,Mon Dec 16 03:58:48 2024,Mon Dec 16 03:30:59 2024,0.0192060763888888,363318.0,0,0,0,0,0,0
5263.0,Mon Dec 16 04:26:42 2024,Mon Dec 16 03:58:54 2024,0.0192060763888888,369263.0,0,0,0,0,0,0
5264.0,Mon Dec 16 04:54:37 2024,Mon Dec 16 04:26:48 2024,0.0192060763888888,355957.0,0,0,0,0,0,0
5265.0,Mon Dec 16 05:22:31 2024,Mon Dec 16 04:54:43 2024,0.0192060763888888,362658.0,0,0,0,0,0,0
5266.0,Mon Dec 16 05:50:25 2024,Mon Dec 16 05:22:37 2024,0.0192060763888888,369096.0,0,0,0,0,0,0
5267.0,Mon Dec 16 06:18:20 2024,Mon Dec 16 05:50:32 2024,0.0192060763888888,357476.0,0,0,0,0,0,0
5268.0,Mon Dec 16 06:46:14 2024,Mon Dec 16 06:18:26 2024,0.0192060763888888,369072.0,0,0,0,0,0,0
5269.0,Mon Dec 16 07:14:09 2024,Mon Dec 16 06:46:20 2024,0.0192060763888888,363512.0,0,0,0,0,0,0
5270.0,Mon Dec 16 07:42:03 2024,Mon Dec 16 07:14:15 2024,0.0192060763888888,351205.0,0,0,0,0,0,0
5271.0,Mon Dec 16 08:09:58 2024,Mon Dec 16 07:42:09 2024,0.0192060763888888,357819.0,0,0,0,0,0,0
5272.0,Mon Dec 16 08:37:52 2024,Mon Dec 16 08:10:04 2024,0.0192060763888888,364076.0,0,0,0,0,0,0
5273.0,Mon Dec 16 09:05:46 2024,Mon Dec 16 08:37:58 2024,0.0192060763888888,355843.0,0,0,0,0,0,0
5274.0,Mon Dec 16 09:33:41 2024,Mon Dec 16 09:05:52 2024,0.0192060763888888,355120.0,0,0,0,0,0,0
5275.0,Mon Dec 16 10:01:35 2024,Mon Dec 16 09:33:47 2024,0.0192060763888888,368031.0,0,0,0,0,0,0
5276.0,Mon Dec 16 10:29:30 2024,Mon Dec 16 10:01:41 2024,0.0192060763888888,368233.0,0,0,0,0,0,0
5277.0,Mon Dec 16 10:57:24 2024,Mon Dec 16 10:29:36 2024,0.0192060763888888,368356.0,0,0,0,0,0,0
5278.0,Mon Dec 16 11:25:19 2024,Mon Dec 16 10:57:30 2024,0.0192060763888888,362467.0,0,0,0,0,0,0
5322.0,Tue Dec 17 21:05:47 2024,Tue Dec 17 20:37:59 2024,0.0192060763888888,362894.0,0,0,0,0,0,0
5323.0,Tue Dec 17 21:33:41 2024,Tue Dec 17 21:05:53 2024,0.0192060763888888,357036.0,0,0,0,0,0,0
5324.0,Tue Dec 17 22:01:35 2024,Tue Dec 17 21:33:47 2024,0.0192060763888888,363247.0,0,0,0,0,0,0
5325.0,Tue Dec 17 22:29:30 2024,Tue Dec 17 22:01:41 2024,0.0192060763888888,369533.0,1,0,0,0,0,0
5326.0,Tue Dec 17 22:57:24 2024,Tue Dec 17 22:29:36 2024,0.0192060763888888,363610.0,0,0,0,0,0,0
5327.0,Tue Dec 17 23:25:18 2024,Tue Dec 17 22:57:30 2024,0.0192060763888888,362829.0,0,0,0,0,0,0
5328.0,Tue Dec 17 23:53:12 2024,Tue Dec 17 23:25:24 2024,0.0192060763888888,368897.0,0,0,0,0,0,0
5329.0,Wed Dec 18 00:21:07 2024,Tue Dec 17 23:53:19 2024,0.0192060763888888,368996.0,0,0,0,0,0,0
5330.0,Wed Dec 18 00:49:01 2024,Wed Dec 18 00:21:13 2024,0.0192060763888888,362119.0,0,0,0,0,0,0
5331.0,Wed Dec 18 01:16:55 2024,Wed Dec 18 00:49:07 2024,0.0192060763888888,369206.0,0,0,0,0,0,0
5332.0,Wed Dec 18 01:44:50 2024,Wed Dec 18 01:17:01 2024,0.0192060763888888,363090.0,0,0,0,0,0,0
5333.0,Wed Dec 18 02:12:44 2024,Wed Dec 18 01:44:56 2024,0.0192060763888888,356992.0,0,0,0,0,0,0
5334.0,Wed Dec 18 02:40:38 2024,Wed Dec 18 02:12:50 2024,0.0192060763888888,356675.0,0,0,0,0,0,0
5335.0,Wed Dec 18 03:08:33 2024,Wed Dec 18 02:40:45 2024,0.0192060763888888,356480.0,0,0,0,0,0,0
5336.0,Wed Dec 18 03:36:27 2024,Wed Dec 18 03:08:39 2024,0.0192060763888888,363036.0,0,0,0,0,0,0
5337.0,Wed Dec 18 04:04:22 2024,Wed Dec 18 03:36:33 2024,0.0192060763888888,357373.0,0,0,0,0,0,0
5338.0,Wed Dec 18 04:32:16 2024,Wed Dec 18 04:04:28 2024,0.0192060763888888,363706.0,0,0,0,0,0,0
5339.0,Wed Dec 18 05:00:10 2024,Wed Dec 18 04:32:22 2024,0.0192060763888888,363437.0,0,0,0,0,0,0
5340.0,Wed Dec 18 05:28:05 2024,Wed Dec 18 05:00:17 2024,0.0192060763888888,369686.0,0,0,0,0,0,0
5341.0,Wed Dec 18 05:55:59 2024,Wed Dec 18 05:28:11 2024,0.0192060763888888,369944.0,0,0,0,0,0,0
5342.0,Wed Dec 18 06:23:54 2024,Wed Dec 18 05:56:05 2024,0.0192060763888888,358280.0,0,0,0,0,0,0
5343.0,Wed Dec 18 06:51:48 2024,Wed Dec 18 06:24:00 2024,0.0192060763888888,370200.0,0,0,0,0,0,0
5344.0,Wed Dec 18 07:19:42 2024,Wed Dec 18 06:51:54 2024,0.0192060763888888,357658.0,0,0,0,0,0,0
5345.0,Wed Dec 18 07:47:37 2024,Wed Dec 18 07:19:48 2024,0.0192060763888888,370192.0,0,0,0,0,0,0
5346.0,Wed Dec 18 08:15:31 2024,Wed Dec 18 07:47:43 2024,0.0192060763888888,370195.0,0,0,0,0,0,0
5347.0,Wed Dec 18 08:43:26 2024,Wed Dec 18 08:15:37 2024,0.0192060763888888,352875.0,0,0,0,0,0,0
5348.0,Wed Dec 18 09:11:20 2024,Wed Dec 18 08:43:32 2024,0.0192060763888888,357632.0,0,0,0,0,0,0
5349.0,Wed Dec 18 09:39:14 2024,Wed Dec 18 09:11:26 2024,0.0192060763888888,369376.0,0,0,0,0,0,0
5350.0,Wed Dec 18 10:07:08 2024,Wed Dec 18 09:39:20 2024,0.0192060763888888,369374.0,0,0,0,0,0,0
5351.0,Wed Dec 18 10:35:03 2024,Wed Dec 18 10:07:14 2024,0.0192060763888888,369386.0,0,0,0,0,0,0
5352.0,Wed Dec 18 11:02:57 2024,Wed Dec 18 10:35:09 2024,0.0192060763888888,362274.0,0,0,0,0,0,0
5353.0,Wed Dec 18 11:30:51 2024,Wed Dec 18 11:03:03 2024,0.0192060763888888,356723.0,0,0,0,0,0,0
5354.0,Wed Dec 18 11:58:45 2024,Wed Dec 18 11:30:57 2024,0.0192060763888888,363667.0,0,0,0,0,0,0
5355.0,Wed Dec 18 12:26:40 2024,Wed Dec 18 11:58:51 2024,0.0192060763888888,352480.0,0,0,0,0,0,0
5356.0,Wed Dec 18 12:54:34 2024,Wed Dec 18 12:26:46 2024,0.0192060763888888,356900.0,0,0,0,0,0,0
5357.0,Wed Dec 18 13:22:28 2024,Wed Dec 18 12:54:40 2024,0.0192060763888888,364125.0,0,0,0,0,0,0
5358.0,Wed Dec 18 13:50:23 2024,Wed Dec 18 13:22:34 2024,0.0192060763888888,357137.0,0,0,0,0,0,0
5359.0,Wed Dec 18 14:18:17 2024,Wed Dec 18 13:50:29 2024,0.0192060763888888,369918.0,0,0,0,0,0,0
5360.0,Wed Dec 18 14:46:11 2024,Wed Dec 18 14:18:23 2024,0.0192060763888888,363238.0,0,0,0,0,0,0
5361.0,Wed Dec 18 15:14:05 2024,Wed Dec 18 14:46:17 2024,0.0192060763888888,350928.0,0,0,0,0,0,0
5362.0,Wed Dec 18 15:42:00 2024,Wed Dec 18 15:14:12 2024,0.0192060763888888,369821.0,0,0,0,0,0,0
5363.0,Wed Dec 18 16:09:54 2024,Wed Dec 18 15:42:06 2024,0.0192060763888888,349908.0,0,0,0,0,0,0
5364.0,Wed Dec 18 16:37:48 2024,Wed Dec 18 16:10:00 2024,0.0192060763888888,358912.0,0,0,0,0,0,0
5365.0,Wed Dec 18 17:05:43 2024,Wed Dec 18 16:37:54 2024,0.0192060763888888,369329.0,0,0,0,0,0,0
5366.0,Wed Dec 18 17:33:37 2024,Wed Dec 18 17:05:49 2024,0.0192060763888888,363364.0,0,0,0,0,0,0
5367.0,Wed Dec 18 18:01:32 2024,Wed Dec 18 17:33:43 2024,0.0192060763888888,362444.0,0,0,0,0,0,0
5368.0,Wed Dec 18 18:29:26 2024,Wed Dec 18 18:01:38 2024,0.0192060763888888,362798.0,0,0,0,0,0,0
5369.0,Wed Dec 18 18:57:20 2024,Wed Dec 18 18:29:32 2024,0.0192060763888888,369235.0,0,0,0,0,0,0
5370.0,Wed Dec 18 19:25:14 2024,Wed Dec 18 18:57:26 2024,0.0192060763888888,363859.0,0,0,0,0,0,0
5371.0,Wed Dec 18 19:53:08 2024,Wed Dec 18 19:25:20 2024,0.0192060763888888,369832.0,1,0,0,0,0,0
5372.0,Wed Dec 18 20:21:03 2024,Wed Dec 18 19:53:14 2024,0.0192060763888888,363834.0,0,0,0,0,0,0
5373.0,Wed Dec 18 20:48:57 2024,Wed Dec 18 20:21:09 2024,0.0192060763888888,369984.0,1,0,0,0,0,0
5374.0,Wed Dec 18 21:16:51 2024,Wed Dec 18 20:49:03 2024,0.0192060763888888,370133.0,0,0,0,0,0,0
5375.0,Wed Dec 18 21:44:46 2024,Wed Dec 18 21:16:57 2024,0.0192060763888888,370185.0,0,0,0,0,0,0
5376.0,Wed Dec 18 22:12:40 2024,Wed Dec 18 21:44:52 2024,0.0192060763888888,357917.0,0,0,0,0,0,0
5377.0,Wed Dec 18 22:40:34 2024,Wed Dec 18 22:12:46 2024,0.0192060763888888,363670.0,1,0,0,0,0,0
5378.0,Wed Dec 18 23:08:29 2024,Wed Dec 18 22:40:40 2024,0.0192060763888888,370049.0,0,0,0,0,0,0
5379.0,Wed Dec 18 23:36:23 2024,Wed Dec 18 23:08:35 2024,0.0192060763888888,357560.0,0,0,0,0,0,0
5380.0,Thu Dec 19 00:04:18 2024,Wed Dec 18 23:36:29 2024,0.0192060763888888,358026.0,0,0,0,0,0,0
5381.0,Thu Dec 19 00:32:12 2024,Thu Dec 19 00:04:24 2024,0.0192060763888888,369984.0,0,0,0,0,0,0
5382.0,Thu Dec 19 01:00:07 2024,Thu Dec 19 00:32:18 2024,0.0192060763888888,351586.0,0,0,0,0,0,0
5383.0,Thu Dec 19 01:28:01 2024,Thu Dec 19 01:00:13 2024,0.0192060763888888,343841.0,0,0,0,0,0,0
5384.0,Thu Dec 19 01:55:55 2024,Thu Dec 19 01:28:07 2024,0.0192060763888888,361659.0,0,0,0,0,0,0
5385.0,Thu Dec 19 02:23:50 2024,Thu Dec 19 01:56:01 2024,0.0192060763888888,368221.0,0,0,0,0,0,0
5386.0,Thu Dec 19 02:51:44 2024,Thu Dec 19 02:23:56 2024,0.0192060763888888,355029.0,0,0,0,0,0,0
5387.0,Thu Dec 19 03:19:39 2024,Thu Dec 19 02:51:50 2024,0.0192060763888888,367667.0,0,0,0,0,0,0
5388.0,Thu Dec 19 03:47:33 2024,Thu Dec 19 03:19:45 2024,0.0192060763888888,367702.0,0,0,0,0,0,0
5389.0,Thu Dec 19 04:15:27 2024,Thu Dec 19 03:47:39 2024,0.0192060763888888,362145.0,0,0,0,0,0,0
5390.0,Thu Dec 19 04:43:21 2024,Thu Dec 19 04:15:33 2024,0.0192060763888888,356786.0,0,0,0,0,0,0
5391.0,Thu Dec 19 05:11:15 2024,Thu Dec 19 04:43:27 2024,0.0192060763888888,369015.0,0,0,0,0,0,0
5392.0,Thu Dec 19 05:39:10 2024,Thu Dec 19 05:11:22 2024,0.0192060763888888,369334.0,0,0,0,0,0,0
5393.0,Thu Dec 19 06:07:04 2024,Thu Dec 19 05:39:16 2024,0.0192060763888888,356333.0,0,0,0,0,0,0
5394.0,Thu Dec 19 06:34:59 2024,Thu Dec 19 06:07:11 2024,0.0192060763888888,363048.0,0,0,0,0,0,0
5395.0,Thu Dec 19 07:02:53 2024,Thu Dec 19 06:35:05 2024,0.0192060763888888,348948.0,0,0,0,0,0,0
5396.0,Thu Dec 19 07:30:47 2024,Thu Dec 19 07:02:59 2024,0.0192060763888888,367846.0,0,0,0,0,0,0
5397.0,Thu Dec 19 07:58:42 2024,Thu Dec 19 07:30:53 2024,0.0192060763888888,368029.0,0,0,0,0,0,0
5398.0,Thu Dec 19 08:26:36 2024,Thu Dec 19 07:58:48 2024,0.0192060763888888,368010.0,0,0,0,0,0,0
5399.0,Thu Dec 19 08:54:30 2024,Thu Dec 19 08:26:42 2024,0.0192060763888888,361879.0,0,0,0,0,0,0
5400.0,Thu Dec 19 09:22:24 2024,Thu Dec 19 08:54:36 2024,0.0192060763888888,367702.0,0,0,0,0,0,0
5401.0,Thu Dec 19 09:50:19 2024,Thu Dec 19 09:22:31 2024,0.0192060763888888,368530.0,0,0,0,0,0,0
5402.0,Thu Dec 19 10:18:13 2024,Thu Dec 19 09:50:25 2024,0.0192060763888888,356833.0,0,0,0,0,0,0
5403.0,Thu Dec 19 10:46:08 2024,Thu Dec 19 10:18:19 2024,0.0192060763888888,369446.0,0,0,0,0,0,0
5404.0,Thu Dec 19 11:14:02 2024,Thu Dec 19 10:46:14 2024,0.0192060763888888,357169.0,0,0,0,0,0,0
5405.0,Thu Dec 19 11:41:56 2024,Thu Dec 19 11:14:08 2024,0.0192060763888888,369565.0,0,0,0,0,0,0
5406.0,Thu Dec 19 12:09:50 2024,Thu Dec 19 11:42:02 2024,0.0192060763888888,351382.0,0,0,0,0,0,0
5407.0,Thu Dec 19 12:37:45 2024,Thu Dec 19 12:09:56 2024,0.0192060763888888,363887.0,0,0,0,0,0,0
5408.0,Thu Dec 19 13:05:39 2024,Thu Dec 19 12:37:51 2024,0.0192060763888888,357966.0,0,0,0,0,0,0
5409.0,Thu Dec 19 13:33:33 2024,Thu Dec 19 13:05:45 2024,0.0192060763888888,369959.0,0,0,0,0,0,0
5410.0,Thu Dec 19 14:01:27 2024,Thu Dec 19 13:33:39 2024,0.0192060763888888,363278.0,0,0,0,0,0,0
5411.0,Thu Dec 19 14:29:22 2024,Thu Dec 19 14:01:34 2024,0.0192060763888888,364833.0,0,0,0,0,0,0
5412.0,Thu Dec 19 14:57:16 2024,Thu Dec 19 14:29:28 2024,0.0192060763888888,363542.0,0,0,0,0,0,0
5413.0,Thu Dec 19 15:25:11 2024,Thu Dec 19 14:57:23 2024,0.0192060763888888,370025.0,0,0,0,0,0,0
5414.0,Thu Dec 19 15:53:05 2024,Thu Dec 19 15:25:17 2024,0.0192060763888888,358334.0,0,0,0,0,0,0
5415.0,Thu Dec 19 16:21:00 2024,Thu Dec 19 15:53:11 2024,0.0192060763888888,363980.0,0,0,0,0,0,0
5416.0,Thu Dec 19 16:48:54 2024,Thu Dec 19 16:21:06 2024,0.0192060763888888,357995.0,0,0,0,0,0,0
5417.0,Thu Dec 19 17:16:48 2024,Thu Dec 19 16:49:00 2024,0.0192060763888888,357339.0,0,0,0,0,0,0
5418.0,Thu Dec 19 17:44:43 2024,Thu Dec 19 17:16:54 2024,0.0192060763888888,369693.0,0,0,0,0,0,0
5419.0,Thu Dec 19 18:12:37 2024,Thu Dec 19 17:44:49 2024,0.0192060763888888,370006.0,0,0,0,0,0,0
5420.0,Thu Dec 19 18:40:31 2024,Thu Dec 19 18:12:43 2024,0.0192060763888888,364053.0,0,0,0,0,0,0
5421.0,Thu Dec 19 19:08:26 2024,Thu Dec 19 18:40:37 2024,0.0192060763888888,358178.0,0,0,0,0,0,0
5422.0,Thu Dec 19 19:36:20 2024,Thu Dec 19 19:08:32 2024,0.0192060763888888,364101.0,0,0,0,0,0,0
5423.0,Thu Dec 19 20:04:14 2024,Thu Dec 19 19:36:26 2024,0.0192060763888888,356798.0,1,0,0,0,0,0
5424.0,Thu Dec 19 20:32:08 2024,Thu Dec 19 20:04:20 2024,0.0192060763888888,369407.0,0,0,0,0,0,0
5425.0,Thu Dec 19 21:00:03 2024,Thu Dec 19 20:32:15 2024,0.0192060763888888,369028.0,0,0,0,0,0,0
5426.0,Thu Dec 19 21:27:57 2024,Thu Dec 19 21:00:09 2024,0.0192060763888888,350038.0,0,0,0,0,0,0
5427.0,Thu Dec 19 21:55:52 2024,Thu Dec 19 21:28:03 2024,0.0192060763888888,368727.0,0,0,0,0,0,0
5428.0,Thu Dec 19 22:23:46 2024,Thu Dec 19 21:55:58 2024,0.0192060763888888,368724.0,0,0,0,0,0,0
5429.0,Thu Dec 19 22:51:40 2024,Thu Dec 19 22:23:52 2024,0.0192060763888888,343595.0,0,0,0,0,0,0
5430.0,Thu Dec 19 23:19:35 2024,Thu Dec 19 22:51:46 2024,0.0192060763888888,349326.0,0,0,0,0,0,0
5431.0,Thu Dec 19 23:47:29 2024,Thu Dec 19 23:19:41 2024,0.0192060763888888,360741.0,0,0,0,0,0,0
5432.0,Fri Dec 20 00:15:23 2024,Thu Dec 19 23:47:35 2024,0.0192060763888888,349367.0,0,0,0,0,0,0
5433.0,Fri Dec 20 00:43:18 2024,Fri Dec 20 00:15:29 2024,0.0192060763888888,368153.0,0,0,0,0,0,0
5434.0,Fri Dec 20 01:11:12 2024,Fri Dec 20 00:43:24 2024,0.0192060763888888,362257.0,0,0,0,0,0,0
5435.0,Fri Dec 20 01:39:06 2024,Fri Dec 20 01:11:18 2024,0.0192060763888888,368341.0,0,0,0,0,0,0
5436.0,Fri Dec 20 02:07:00 2024,Fri Dec 20 01:39:12 2024,0.0192060763888888,357035.0,0,0,0,0,0,0
5437.0,Fri Dec 20 02:34:55 2024,Fri Dec 20 02:07:07 2024,0.0192060763888888,369556.0,0,0,0,0,0,0
5438.0,Fri Dec 20 03:02:50 2024,Fri Dec 20 02:35:01 2024,0.0192060763888888,363927.0,0,0,0,0,0,0
5439.0,Fri Dec 20 03:30:44 2024,Fri Dec 20 03:02:55 2024,0.0192060763888888,369844.0,0,0,0,0,0,0
5440.0,Fri Dec 20 03:58:38 2024,Fri Dec 20 03:30:50 2024,0.0192060763888888,363964.0,1,0,0,0,0,0
5441.0,Fri Dec 20 04:26:32 2024,Fri Dec 20 03:58:44 2024,0.0192060763888888,352075.0,0,0,0,0,0,0
5442.0,Fri Dec 20 04:54:26 2024,Fri Dec 20 04:26:38 2024,0.0192060763888888,363894.0,0,0,0,0,0,0
5443.0,Fri Dec 20 05:22:21 2024,Fri Dec 20 04:54:32 2024,0.0192060763888888,363094.0,0,0,0,0,0,0
5444.0,Fri Dec 20 05:50:15 2024,Fri Dec 20 05:22:27 2024,0.0192060763888888,363690.0,0,0,0,0,0,0
5445.0,Fri Dec 20 06:18:09 2024,Fri Dec 20 05:50:21 2024,0.0192060763888888,355978.0,0,0,0,0,0,0
5446.0,Fri Dec 20 06:46:04 2024,Fri Dec 20 06:18:16 2024,0.0192060763888888,339357.0,0,0,0,0,0,0
5447.0,Fri Dec 20 07:13:58 2024,Fri Dec 20 06:46:10 2024,0.0192060763888888,361763.0,1,0,0,0,0,0
5448.0,Fri Dec 20 07:41:52 2024,Fri Dec 20 07:14:04 2024,0.0192060763888888,363033.0,0,0,0,0,0,0
5449.0,Fri Dec 20 08:09:47 2024,Fri Dec 20 07:41:58 2024,0.0192060763888888,363093.0,0,0,0,0,0,0
5450.0,Fri Dec 20 08:37:41 2024,Fri Dec 20 08:09:53 2024,0.0192060763888888,356351.0,0,0,0,0,0,0
5451.0,Fri Dec 20 09:05:35 2024,Fri Dec 20 08:37:47 2024,0.0192060763888888,363257.0,0,0,0,0,0,0
5452.0,Fri Dec 20 09:33:30 2024,Fri Dec 20 09:05:41 2024,0.0192060763888888,364001.0,0,0,0,0,0,0
5453.0,Fri Dec 20 10:01:24 2024,Fri Dec 20 09:33:36 2024,0.0192060763888888,369783.0,0,0,0,0,0,0
5454.0,Fri Dec 20 10:29:18 2024,Fri Dec 20 10:01:30 2024,0.0192060763888888,340710.0,0,0,0,0,0,0
5455.0,Fri Dec 20 10:57:13 2024,Fri Dec 20 10:29:25 2024,0.0192060763888888,369618.0,0,0,0,0,0,0
5456.0,Fri Dec 20 11:25:07 2024,Fri Dec 20 10:57:19 2024,0.0192060763888888,358486.0,0,0,0,0,0,0
5457.0,Fri Dec 20 11:53:01 2024,Fri Dec 20 11:25:13 2024,0.0192060763888888,369733.0,0,0,0,0,0,0
5458.0,Fri Dec 20 12:20:56 2024,Fri Dec 20 11:53:07 2024,0.0192060763888888,363781.0,0,0,0,0,0,0
5459.0,Fri Dec 20 12:48:50 2024,Fri Dec 20 12:21:02 2024,0.0192060763888888,351041.0,0,0,0,0,0,0
5460.0,Fri Dec 20 13:16:44 2024,Fri Dec 20 12:48:56 2024,0.0192060763888888,344665.0,1,0,0,0,0,0
5461.0,Fri Dec 20 13:44:39 2024,Fri Dec 20 13:16:50 2024,0.0192060763888888,369077.0,0,0,0,0,0,0
5462.0,Fri Dec 20 14:12:33 2024,Fri Dec 20 13:44:45 2024,0.0192060763888888,362274.0,0,0,0,0,0,0
5463.0,Fri Dec 20 14:40:27 2024,Fri Dec 20 14:12:39 2024,0.0192060763888888,356005.0,0,0,0,0,0,0
5464.0,Fri Dec 20 15:08:22 2024,Fri Dec 20 14:40:33 2024,0.0192060763888888,361737.0,0,0,0,0,0,0
5465.0,Fri Dec 20 15:36:16 2024,Fri Dec 20 15:08:28 2024,0.0192060763888888,368349.0,0,0,0,0,0,0
5466.0,Fri Dec 20 16:04:10 2024,Fri Dec 20 15:36:22 2024,0.0192060763888888,357395.0,0,0,0,0,0,0
5467.0,Fri Dec 20 16:32:05 2024,Fri Dec 20 16:04:16 2024,0.0192060763888888,362481.0,0,0,0,0,0,0
5468.0,Fri Dec 20 16:59:59 2024,Fri Dec 20 16:32:11 2024,0.0192060763888888,349104.0,0,0,0,0,0,0
5469.0,Fri Dec 20 17:27:53 2024,Fri Dec 20 17:00:05 2024,0.0192060763888888,355920.0,0,0,0,0,0,0
5470.0,Fri Dec 20 17:55:47 2024,Fri Dec 20 17:27:59 2024,0.0192060763888888,362179.0,0,0,0,0,0,0
5471.0,Fri Dec 20 18:23:42 2024,Fri Dec 20 17:55:53 2024,0.0192060763888888,361592.0,0,0,0,0,0,0
5472.0,Fri Dec 20 18:51:36 2024,Fri Dec 20 18:23:48 2024,0.0192060763888888,354979.0,0,0,0,0,0,0
5473.0,Fri Dec 20 19:19:30 2024,Fri Dec 20 18:51:42 2024,0.0192060763888888,355636.0,0,0,0,0,0,0
5474.0,Fri Dec 20 19:47:24 2024,Fri Dec 20 19:19:36 2024,0.0192060763888888,361817.0,0,0,0,0,0,0
5475.0,Fri Dec 20 20:15:18 2024,Fri Dec 20 19:47:30 2024,0.0192060763888888,363433.0,0,0,0,0,0,0
5476.0,Fri Dec 20 20:43:13 2024,Fri Dec 20 20:15:24 2024,0.0192060763888888,369645.0,0,0,0,0,0,0
5477.0,Fri Dec 20 21:11:07 2024,Fri Dec 20 20:43:19 2024,0.0192060763888888,363267.0,0,0,0,0,0,0
5478.0,Fri Dec 20 21:39:01 2024,Fri Dec 20 21:11:13 2024,0.0192060763888888,351606.0,0,0,0,0,0,0
5479.0,Fri Dec 20 22:06:56 2024,Fri Dec 20 21:39:07 2024,0.0192060763888888,369596.0,0,0,0,0,0,0
5480.0,Fri Dec 20 22:34:50 2024,Fri Dec 20 22:07:02 2024,0.0192060763888888,363816.0,0,0,0,0,0,0
5481.0,Fri Dec 20 23:02:44 2024,Fri Dec 20 22:34:56 2024,0.0192060763888888,363851.0,0,0,0,0,0,0
5482.0,Fri Dec 20 23:30:38 2024,Fri Dec 20 23:02:50 2024,0.0192060763888888,363891.0,0,0,0,0,0,0
5483.0,Fri Dec 20 23:58:33 2024,Fri Dec 20 23:30:44 2024,0.0192060763888888,356842.0,0,0,0,0,0,0
5484.0,Sat Dec 21 00:26:27 2024,Fri Dec 20 23:58:39 2024,0.0192060763888888,369872.0,0,0,0,0,0,0
5485.0,Sat Dec 21 00:54:21 2024,Sat Dec 21 00:26:33 2024,0.0192060763888888,357580.0,0,0,0,0,0,0
5486.0,Sat Dec 21 01:22:16 2024,Sat Dec 21 00:54:28 2024,0.0192060763888888,357793.0,0,0,0,0,0,0
5487.0,Sat Dec 21 01:50:10 2024,Sat Dec 21 01:22:22 2024,0.0192060763888888,369635.0,0,0,0,0,0,0
5488.0,Sat Dec 21 02:18:05 2024,Sat Dec 21 01:50:17 2024,0.0192060763888888,363927.0,0,0,0,0,0,0
5489.0,Sat Dec 21 02:45:59 2024,Sat Dec 21 02:18:11 2024,0.0192060763888888,369993.0,0,0,0,0,0,0
5490.0,Sat Dec 21 03:13:54 2024,Sat Dec 21 02:46:05 2024,0.0192060763888888,370032.0,0,0,0,0,0,0
5491.0,Sat Dec 21 03:41:48 2024,Sat Dec 21 03:13:59 2024,0.0192060763888888,364043.0,0,0,0,0,0,0
5492.0,Sat Dec 21 04:09:42 2024,Sat Dec 21 03:41:54 2024,0.0192060763888888,370088.0,0,0,0,0,0,0
5493.0,Sat Dec 21 04:37:36 2024,Sat Dec 21 04:09:48 2024,0.0192060763888888,358243.0,0,0,0,0,0,0
5494.0,Sat Dec 21 05:05:31 2024,Sat Dec 21 04:37:42 2024,0.0192060763888888,357660.0,0,0,0,0,0,0
5495.0,Sat Dec 21 05:33:25 2024,Sat Dec 21 05:05:37 2024,0.0192060763888888,369856.0,0,0,0,0,0,0
5496.0,Sat Dec 21 06:01:19 2024,Sat Dec 21 05:33:31 2024,0.0192060763888888,363530.0,0,0,0,0,0,0
5497.0,Sat Dec 21 06:29:14 2024,Sat Dec 21 06:01:25 2024,0.0192060763888888,370009.0,0,0,0,0,0,0
5498.0,Sat Dec 21 06:57:08 2024,Sat Dec 21 06:29:20 2024,0.0192060763888888,369990.0,0,0,0,0,0,0
5499.0,Sat Dec 21 07:25:02 2024,Sat Dec 21 06:57:14 2024,0.0192060763888888,364018.0,0,0,0,0,0,0
5500.0,Sat Dec 21 07:52:57 2024,Sat Dec 21 07:25:08 2024,0.0192060763888888,370015.0,0,0,0,0,0,0
5501.0,Sat Dec 21 08:20:51 2024,Sat Dec 21 07:53:03 2024,0.0192060763888888,338615.0,0,0,0,0,0,0
5502.0,Sat Dec 21 08:48:45 2024,Sat Dec 21 08:20:57 2024,0.0192060763888888,356614.0,0,0,0,0,0,0
5503.0,Sat Dec 21 09:16:40 2024,Sat Dec 21 08:48:52 2024,0.0192060763888888,369260.0,0,0,0,0,0,0
5504.0,Sat Dec 21 09:44:34 2024,Sat Dec 21 09:16:46 2024,0.0192060763888888,363270.0,0,0,0,0,0,0
5505.0,Sat Dec 21 10:12:28 2024,Sat Dec 21 09:44:40 2024,0.0192060763888888,356702.0,0,0,0,0,0,0
5506.0,Sat Dec 21 10:40:23 2024,Sat Dec 21 10:12:34 2024,0.0192060763888888,362728.0,0,0,0,0,0,0
5507.0,Sat Dec 21 11:08:17 2024,Sat Dec 21 10:40:29 2024,0.0192060763888888,369261.0,0,0,0,0,0,0
5508.0,Sat Dec 21 11:36:11 2024,Sat Dec 21 11:08:23 2024,0.0192060763888888,369825.0,0,0,0,0,0,0
5509.0,Sat Dec 21 12:04:06 2024,Sat Dec 21 11:36:17 2024,0.0192060763888888,363934.0,0,0,0,0,0,0
5510.0,Sat Dec 21 12:32:00 2024,Sat Dec 21 12:04:12 2024,0.0192060763888888,351608.0,0,0,0,0,0,0
5511.0,Sat Dec 21 12:59:54 2024,Sat Dec 21 12:32:06 2024,0.0192060763888888,369564.0,0,0,0,0,0,0
5512.0,Sat Dec 21 13:27:48 2024,Sat Dec 21 13:00:00 2024,0.0192060763888888,369872.0,0,0,0,0,0,0
5513.0,Sat Dec 21 13:55:42 2024,Sat Dec 21 13:27:54 2024,0.0192060763888888,369881.0,0,0,0,0,0,0
5514.0,Sat Dec 21 14:23:37 2024,Sat Dec 21 13:55:49 2024,0.0192060763888888,363259.0,0,0,0,0,0,0
5515.0,Sat Dec 21 14:51:31 2024,Sat Dec 21 14:23:43 2024,0.0192060763888888,369845.0,0,0,0,0,0,0
5516.0,Sat Dec 21 15:19:25 2024,Sat Dec 21 14:51:37 2024,0.0192060763888888,369925.0,0,0,0,0,0,0
5517.0,Sat Dec 21 15:47:20 2024,Sat Dec 21 15:19:31 2024,0.0192060763888888,364161.0,0,0,0,0,0,0
5518.0,Sat Dec 21 16:15:14 2024,Sat Dec 21 15:47:26 2024,0.0192060763888888,364153.0,0,0,0,0,0,0
5519.0,Sat Dec 21 16:43:08 2024,Sat Dec 21 16:15:20 2024,0.0192060763888888,370112.0,0,0,0,0,0,0
5520.0,Sat Dec 21 17:11:03 2024,Sat Dec 21 16:43:14 2024,0.0192060763888888,370153.0,0,0,0,0,0,0
5521.0,Sat Dec 21 17:38:57 2024,Sat Dec 21 17:11:09 2024,0.0192060763888888,364204.0,0,0,0,0,0,0
5522.0,Sat Dec 21 18:06:51 2024,Sat Dec 21 17:39:03 2024,0.0192060763888888,351732.0,0,0,0,0,0,0
5523.0,Sat Dec 21 18:34:46 2024,Sat Dec 21 18:06:57 2024,0.0192060763888888,363027.0,0,0,0,0,0,0
5524.0,Sat Dec 21 19:02:40 2024,Sat Dec 21 18:34:52 2024,0.0192060763888888,351879.0,0,0,0,0,0,0
5525.0,Sat Dec 21 19:30:34 2024,Sat Dec 21 19:02:46 2024,0.0192060763888888,363982.0,0,0,0,0,0,0
5526.0,Sat Dec 21 19:58:28 2024,Sat Dec 21 19:30:40 2024,0.0192060763888888,369980.0,0,0,0,0,0,0
5527.0,Sat Dec 21 20:26:23 2024,Sat Dec 21 19:58:34 2024,0.0192060763888888,369984.0,0,0,0,0,0,0
5528.0,Sat Dec 21 20:54:17 2024,Sat Dec 21 20:26:29 2024,0.0192060763888888,369985.0,0,0,0,0,0,0
5529.0,Sat Dec 21 21:22:11 2024,Sat Dec 21 20:54:23 2024,0.0192060763888888,370053.0,1,0,0,0,0,0
5530.0,Sat Dec 21 21:50:06 2024,Sat Dec 21 21:22:18 2024,0.0192060763888888,337917.0,0,0,0,0,0,0
5531.0,Sat Dec 21 22:18:00 2024,Sat Dec 21 21:50:12 2024,0.0192060763888888,368452.0,0,0,0,0,0,0
5532.0,Sat Dec 21 22:45:55 2024,Sat Dec 21 22:18:06 2024,0.0192060763888888,362444.0,0,0,0,0,0,0
5533.0,Sat Dec 21 23:13:49 2024,Sat Dec 21 22:46:01 2024,0.0192060763888888,368433.0,0,0,0,0,0,0
5534.0,Sat Dec 21 23:41:43 2024,Sat Dec 21 23:13:55 2024,0.0192060763888888,368446.0,0,0,0,0,0,0
5535.0,Sun Dec 22 00:09:37 2024,Sat Dec 21 23:41:49 2024,0.0192060763888888,368445.0,0,0,0,0,0,0
5536.0,Sun Dec 22 00:37:32 2024,Sun Dec 22 00:09:44 2024,0.0192060763888888,369121.0,0,0,0,0,0,0
5537.0,Sun Dec 22 01:05:26 2024,Sun Dec 22 00:37:38 2024,0.0192060763888888,364232.0,0,0,0,0,0,0
5538.0,Sun Dec 22 01:33:20 2024,Sun Dec 22 01:05:32 2024,0.0192060763888888,364078.0,0,0,0,0,0,0
5539.0,Sun Dec 22 02:01:15 2024,Sun Dec 22 01:33:26 2024,0.0192060763888888,363923.0,0,0,0,0,0,0
5540.0,Sun Dec 22 02:29:09 2024,Sun Dec 22 02:01:21 2024,0.0192060763888888,363936.0,0,0,0,0,0,0
5541.0,Sun Dec 22 02:57:03 2024,Sun Dec 22 02:29:15 2024,0.0192060763888888,363892.0,0,0,0,0,0,0
5542.0,Sun Dec 22 03:24:57 2024,Sun Dec 22 02:57:09 2024,0.0192060763888888,369885.0,0,0,0,0,0,0
5543.0,Sun Dec 22 03:52:52 2024,Sun Dec 22 03:25:03 2024,0.0192060763888888,363924.0,0,0,0,0,0,0
5544.0,Sun Dec 22 04:20:46 2024,Sun Dec 22 03:52:58 2024,0.0192060763888888,363936.0,0,0,0,0,0,0
5545.0,Sun Dec 22 04:48:40 2024,Sun Dec 22 04:20:52 2024,0.0192060763888888,352929.0,0,0,0,0,0,0
5546.0,Sun Dec 22 05:16:35 2024,Sun Dec 22 04:48:47 2024,0.0192060763888888,357880.0,0,0,0,0,0,0
5547.0,Sun Dec 22 05:44:29 2024,Sun Dec 22 05:16:41 2024,0.0192060763888888,357114.0,0,0,0,0,0,0
5548.0,Sun Dec 22 06:12:24 2024,Sun Dec 22 05:44:35 2024,0.0192060763888888,363670.0,0,0,0,0,0,0
5549.0,Sun Dec 22 06:40:18 2024,Sun Dec 22 06:12:30 2024,0.0192060763888888,363696.0,0,0,0,0,0,0
5550.0,Sun Dec 22 07:08:12 2024,Sun Dec 22 06:40:24 2024,0.0192060763888888,363640.0,0,0,0,0,0,0
5551.0,Sun Dec 22 07:36:06 2024,Sun Dec 22 07:08:18 2024,0.0192060763888888,363787.0,0,0,0,0,0,0
5552.0,Sun Dec 22 08:04:01 2024,Sun Dec 22 07:36:12 2024,0.0192060763888888,364057.0,0,0,0,0,0,0
5553.0,Sun Dec 22 08:31:55 2024,Sun Dec 22 08:04:07 2024,0.0192060763888888,363189.0,0,0,0,0,0,0
5554.0,Sun Dec 22 08:59:49 2024,Sun Dec 22 08:32:01 2024,0.0192060763888888,358124.0,0,0,0,0,0,0
5555.0,Sun Dec 22 09:27:44 2024,Sun Dec 22 08:59:55 2024,0.0192060763888888,364350.0,0,0,0,0,0,0
5556.0,Sun Dec 22 09:55:38 2024,Sun Dec 22 09:27:50 2024,0.0192060763888888,364066.0,0,0,0,0,0,0
5557.0,Sun Dec 22 10:23:32 2024,Sun Dec 22 09:55:44 2024,0.0192060763888888,364047.0,0,0,0,0,0,0
5558.0,Sun Dec 22 10:51:27 2024,Sun Dec 22 10:23:38 2024,0.0192060763888888,364047.0,0,0,0,0,0,0
5559.0,Sun Dec 22 11:19:21 2024,Sun Dec 22 10:51:33 2024,0.0192060763888888,364867.0,0,0,0,0,0,0
5560.0,Sun Dec 22 11:47:15 2024,Sun Dec 22 11:19:27 2024,0.0192060763888888,357619.0,0,0,0,0,0,0
5561.0,Sun Dec 22 12:15:10 2024,Sun Dec 22 11:47:21 2024,0.0192060763888888,352229.0,0,0,0,0,0,0
5562.0,Sun Dec 22 12:43:04 2024,Sun Dec 22 12:15:16 2024,0.0192060763888888,362384.0,0,0,0,0,0,0
5563.0,Sun Dec 22 13:10:58 2024,Sun Dec 22 12:43:10 2024,0.0192060763888888,369057.0,0,0,0,0,0,0
5564.0,Sun Dec 22 13:38:53 2024,Sun Dec 22 13:11:05 2024,0.0192060763888888,357453.0,0,0,0,0,0,0
5565.0,Sun Dec 22 14:06:47 2024,Sun Dec 22 13:38:59 2024,0.0192060763888888,368984.0,0,0,0,0,0,0
5566.0,Sun Dec 22 14:34:41 2024,Sun Dec 22 14:06:53 2024,0.0192060763888888,369016.0,0,0,0,0,0,0
5567.0,Sun Dec 22 15:02:36 2024,Sun Dec 22 14:34:47 2024,0.0192060763888888,349918.0,0,0,0,0,0,0
5568.0,Sun Dec 22 15:30:30 2024,Sun Dec 22 15:02:42 2024,0.0192060763888888,369625.0,0,0,0,0,0,0
5569.0,Sun Dec 22 15:58:24 2024,Sun Dec 22 15:30:36 2024,0.0192060763888888,357472.0,0,0,0,0,0,0
5570.0,Sun Dec 22 16:26:19 2024,Sun Dec 22 15:58:30 2024,0.0192060763888888,338729.0,0,0,0,0,0,0
5571.0,Sun Dec 22 16:54:13 2024,Sun Dec 22 16:26:25 2024,0.0192060763888888,362814.0,0,0,0,0,0,0
5572.0,Sun Dec 22 17:22:07 2024,Sun Dec 22 16:54:19 2024,0.0192060763888888,350319.0,0,0,0,0,0,0
5573.0,Sun Dec 22 17:50:01 2024,Sun Dec 22 17:22:13 2024,0.0192060763888888,368848.0,0,0,0,0,0,0
5574.0,Sun Dec 22 18:17:56 2024,Sun Dec 22 17:50:07 2024,0.0192060763888888,368677.0,0,0,0,0,0,0
5575.0,Sun Dec 22 18:45:50 2024,Sun Dec 22 18:18:02 2024,0.0192060763888888,322486.0,0,0,0,0,0,0
5576.0,Sun Dec 22 19:13:44 2024,Sun Dec 22 18:45:56 2024,0.0192060763888888,349506.0,0,0,0,0,0,0
5577.0,Sun Dec 22 19:41:39 2024,Sun Dec 22 19:13:50 2024,0.0192060763888888,355702.0,0,0,0,0,0,0
5578.0,Sun Dec 22 20:09:33 2024,Sun Dec 22 19:41:45 2024,0.0192060763888888,355433.0,0,0,0,0,0,0
5579.0,Sun Dec 22 20:37:27 2024,Sun Dec 22 20:09:39 2024,0.0192060763888888,361169.0,0,0,0,0,0,0
5580.0,Sun Dec 22 21:05:22 2024,Sun Dec 22 20:37:33 2024,0.0192060763888888,355805.0,0,0,0,0,0,0
5581.0,Sun Dec 22 21:33:16 2024,Sun Dec 22 21:05:28 2024,0.0192060763888888,342956.0,0,0,0,0,0,0
5582.0,Sun Dec 22 22:01:10 2024,Sun Dec 22 21:33:22 2024,0.0192060763888888,356940.0,0,0,0,0,0,0
5583.0,Sun Dec 22 22:29:04 2024,Sun Dec 22 22:01:16 2024,0.0192060763888888,363404.0,0,0,0,0,0,0
5584.0,Sun Dec 22 22:56:59 2024,Sun Dec 22 22:29:11 2024,0.0192060763888888,357619.0,0,0,0,0,0,0
5585.0,Sun Dec 22 23:24:53 2024,Sun Dec 22 22:57:05 2024,0.0192060763888888,363520.0,0,0,0,0,0,0
5586.0,Sun Dec 22 23:52:47 2024,Sun Dec 22 23:24:59 2024,0.0192060763888888,363608.0,0,0,0,0,0,0
5587.0,Mon Dec 23 00:20:42 2024,Sun Dec 22 23:52:53 2024,0.0192060763888888,363511.0,0,0,0,0,0,0
5588.0,Mon Dec 23 00:48:36 2024,Mon Dec 23 00:20:48 2024,0.0192060763888888,357589.0,0,0,0,0,0,0
5589.0,Mon Dec 23 01:16:31 2024,Mon Dec 23 00:48:42 2024,0.0192060763888888,352301.0,0,0,0,0,0,0
5590.0,Mon Dec 23 01:44:25 2024,Mon Dec 23 01:16:37 2024,0.0192060763888888,363761.0,0,0,0,0,0,0
5591.0,Mon Dec 23 02:12:19 2024,Mon Dec 23 01:44:31 2024,0.0192060763888888,352299.0,1,0,0,0,0,0
5592.0,Mon Dec 23 02:40:13 2024,Mon Dec 23 02:12:25 2024,0.0192060763888888,362559.0,0,0,0,0,0,0
5593.0,Mon Dec 23 03:08:08 2024,Mon Dec 23 02:40:19 2024,0.0192060763888888,357232.0,0,0,0,0,0,0
5594.0,Mon Dec 23 03:36:02 2024,Mon Dec 23 03:08:14 2024,0.0192060763888888,344781.0,0,0,0,0,0,0
5595.0,Mon Dec 23 04:03:56 2024,Mon Dec 23 03:36:08 2024,0.0192060763888888,368314.0,0,0,0,0,0,0
5596.0,Mon Dec 23 04:31:50 2024,Mon Dec 23 04:04:02 2024,0.0192060763888888,361870.0,0,0,0,0,0,0
5597.0,Mon Dec 23 04:59:45 2024,Mon Dec 23 04:31:56 2024,0.0192060763888888,356291.0,0,0,0,0,0,0
5598.0,Mon Dec 23 05:27:39 2024,Mon Dec 23 04:59:51 2024,0.0192060763888888,356493.0,0,0,0,0,0,0
5599.0,Mon Dec 23 05:55:33 2024,Mon Dec 23 05:27:45 2024,0.0192060763888888,368500.0,0,0,0,0,0,0
5600.0,Mon Dec 23 06:23:27 2024,Mon Dec 23 05:55:39 2024,0.0192060763888888,369527.0,0,0,0,0,0,0
5601.0,Mon Dec 23 06:51:21 2024,Mon Dec 23 06:23:33 2024,0.0192060763888888,363301.0,0,0,0,0,0,0
5602.0,Mon Dec 23 07:19:16 2024,Mon Dec 23 06:51:28 2024,0.0192060763888888,350295.0,0,0,0,0,0,0
5603.0,Mon Dec 23 07:47:10 2024,Mon Dec 23 07:19:22 2024,0.0192060763888888,369028.0,0,0,0,0,0,0
5604.0,Mon Dec 23 08:15:04 2024,Mon Dec 23 07:47:16 2024,0.0192060763888888,363089.0,0,0,0,0,0,0
5605.0,Mon Dec 23 08:42:58 2024,Mon Dec 23 08:15:10 2024,0.0192060763888888,363084.0,0,0,0,0,0,0
5606.0,Mon Dec 23 09:10:53 2024,Mon Dec 23 08:43:04 2024,0.0192060763888888,362409.0,0,0,0,0,0,0
5607.0,Mon Dec 23 09:38:47 2024,Mon Dec 23 09:10:59 2024,0.0192060763888888,363015.0,0,0,0,0,0,0
5608.0,Mon Dec 23 10:06:41 2024,Mon Dec 23 09:38:53 2024,0.0192060763888888,363255.0,0,0,0,0,0,0
5609.0,Mon Dec 23 10:34:36 2024,Mon Dec 23 10:06:47 2024,0.0192060763888888,352947.0,0,0,0,0,0,0
5610.0,Mon Dec 23 11:02:30 2024,Mon Dec 23 10:34:42 2024,0.0192060763888888,364079.0,0,0,0,0,0,0
5611.0,Mon Dec 23 11:30:24 2024,Mon Dec 23 11:02:36 2024,0.0192060763888888,357988.0,0,0,0,0,0,0
5612.0,Mon Dec 23 11:58:19 2024,Mon Dec 23 11:30:31 2024,0.0192060763888888,363170.0,0,0,0,0,0,0
5613.0,Mon Dec 23 12:26:13 2024,Mon Dec 23 11:58:25 2024,0.0192060763888888,363307.0,1,0,0,0,0,0
5614.0,Mon Dec 23 12:54:07 2024,Mon Dec 23 12:26:19 2024,0.0192060763888888,363849.0,0,0,0,0,0,0
5615.0,Mon Dec 23 13:22:01 2024,Mon Dec 23 12:54:13 2024,0.0192060763888888,357858.0,0,0,0,0,0,0
5616.0,Mon Dec 23 13:49:56 2024,Mon Dec 23 13:22:08 2024,0.0192060763888888,350818.0,0,0,0,0,0,0
5617.0,Mon Dec 23 14:17:50 2024,Mon Dec 23 13:50:02 2024,0.0192060763888888,357457.0,0,0,0,0,0,0
5618.0,Mon Dec 23 14:45:45 2024,Mon Dec 23 14:17:56 2024,0.0192060763888888,369581.0,0,0,0,0,0,0
5619.0,Mon Dec 23 15:13:39 2024,Mon Dec 23 14:45:51 2024,0.0192060763888888,369646.0,0,0,0,0,0,0
5620.0,Mon Dec 23 15:41:33 2024,Mon Dec 23 15:13:45 2024,0.0192060763888888,364540.0,0,0,0,0,0,0
5621.0,Mon Dec 23 16:09:27 2024,Mon Dec 23 15:41:39 2024,0.0192060763888888,351565.0,0,0,0,0,0,0
5622.0,Mon Dec 23 16:37:22 2024,Mon Dec 23 16:09:33 2024,0.0192060763888888,369589.0,0,0,0,0,0,0
5623.0,Mon Dec 23 17:05:16 2024,Mon Dec 23 16:37:28 2024,0.0192060763888888,363074.0,0,0,0,0,0,0
5624.0,Mon Dec 23 17:33:10 2024,Mon Dec 23 17:05:22 2024,0.0192060763888888,363689.0,0,0,0,0,0,0
5625.0,Mon Dec 23 18:01:04 2024,Mon Dec 23 17:33:16 2024,0.0192060763888888,363724.0,0,0,0,0,0,0
5626.0,Mon Dec 23 18:28:59 2024,Mon Dec 23 18:01:11 2024,0.0192060763888888,369669.0,0,0,0,0,0,0
5627.0,Mon Dec 23 18:56:53 2024,Mon Dec 23 18:29:05 2024,0.0192060763888888,369677.0,0,0,0,0,0,0
5628.0,Mon Dec 23 19:24:47 2024,Mon Dec 23 18:56:59 2024,0.0192060763888888,357310.0,1,0,0,0,0,0
5629.0,Mon Dec 23 19:52:42 2024,Mon Dec 23 19:24:53 2024,0.0192060763888888,345713.0,0,0,0,0,0,0
5630.0,Mon Dec 23 20:20:36 2024,Mon Dec 23 19:52:48 2024,0.0192060763888888,358180.0,0,0,0,0,0,0
5631.0,Mon Dec 23 20:48:30 2024,Mon Dec 23 20:20:42 2024,0.0192060763888888,362134.0,0,0,0,0,0,0
5632.0,Mon Dec 23 21:16:25 2024,Mon Dec 23 20:48:36 2024,0.0192060763888888,362454.0,0,0,0,0,0,0
5633.0,Mon Dec 23 21:44:19 2024,Mon Dec 23 21:16:31 2024,0.0192060763888888,345071.0,0,0,0,0,0,0
5634.0,Mon Dec 23 22:12:13 2024,Mon Dec 23 21:44:25 2024,0.0192060763888888,362913.0,0,0,0,0,0,0
5635.0,Mon Dec 23 22:40:08 2024,Mon Dec 23 22:12:19 2024,0.0192060763888888,351356.0,0,0,0,0,0,0
5636.0,Mon Dec 23 23:08:02 2024,Mon Dec 23 22:40:14 2024,0.0192060763888888,363263.0,0,0,0,0,0,0
5637.0,Mon Dec 23 23:35:56 2024,Mon Dec 23 23:08:08 2024,0.0192060763888888,369875.0,0,0,0,0,0,0
5638.0,Tue Dec 24 00:03:50 2024,Mon Dec 23 23:36:02 2024,0.0192060763888888,370096.0,0,0,0,0,0,0
5639.0,Tue Dec 24 00:31:45 2024,Tue Dec 24 00:03:56 2024,0.0192060763888888,370128.0,0,0,0,0,0,0
5640.0,Tue Dec 24 00:59:39 2024,Tue Dec 24 00:31:51 2024,0.0192060763888888,364139.0,0,0,0,0,0,0
5641.0,Tue Dec 24 01:27:33 2024,Tue Dec 24 00:59:45 2024,0.0192060763888888,364211.0,0,0,0,0,0,0
5642.0,Tue Dec 24 01:55:28 2024,Tue Dec 24 01:27:39 2024,0.0192060763888888,363917.0,0,0,0,0,0,0
5643.0,Tue Dec 24 02:23:22 2024,Tue Dec 24 01:55:34 2024,0.0192060763888888,369542.0,0,0,0,0,0,0
5644.0,Tue Dec 24 02:51:16 2024,Tue Dec 24 02:23:28 2024,0.0192060763888888,369997.0,0,0,0,0,0,0
5645.0,Tue Dec 24 03:19:10 2024,Tue Dec 24 02:51:22 2024,0.0192060763888888,370002.0,0,0,0,0,0,0
5646.0,Tue Dec 24 03:47:05 2024,Tue Dec 24 03:19:16 2024,0.0192060763888888,364040.0,0,0,0,0,0,0
5647.0,Tue Dec 24 04:14:59 2024,Tue Dec 24 03:47:11 2024,0.0192060763888888,370004.0,0,0,0,0,0,0
5648.0,Tue Dec 24 04:42:53 2024,Tue Dec 24 04:15:05 2024,0.0192060763888888,370006.0,0,0,0,0,0,0
5649.0,Tue Dec 24 05:10:47 2024,Tue Dec 24 04:42:59 2024,0.0192060763888888,370160.0,0,0,0,0,0,0
5650.0,Tue Dec 24 05:38:42 2024,Tue Dec 24 05:10:54 2024,0.0192060763888888,363380.0,0,0,0,0,0,0
5651.0,Tue Dec 24 06:06:36 2024,Tue Dec 24 05:38:48 2024,0.0192060763888888,363405.0,0,0,0,0,0,0
5652.0,Tue Dec 24 06:34:30 2024,Tue Dec 24 06:06:42 2024,0.0192060763888888,352229.0,0,0,0,0,0,0
5653.0,Tue Dec 24 07:02:25 2024,Tue Dec 24 06:34:36 2024,0.0192060763888888,364175.0,0,0,0,0,0,0
5654.0,Tue Dec 24 07:30:19 2024,Tue Dec 24 07:02:31 2024,0.0192060763888888,356701.0,1,0,0,0,0,0
5655.0,Tue Dec 24 07:58:13 2024,Tue Dec 24 07:30:25 2024,0.0192060763888888,363281.0,0,0,0,0,0,0
5656.0,Tue Dec 24 08:26:07 2024,Tue Dec 24 07:58:19 2024,0.0192060763888888,369296.0,0,0,0,0,0,0
5657.0,Tue Dec 24 08:54:01 2024,Tue Dec 24 08:26:13 2024,0.0192060763888888,358541.0,0,0,0,0,0,0
5658.0,Tue Dec 24 09:21:56 2024,Tue Dec 24 08:54:07 2024,0.0192060763888888,363533.0,0,0,0,0,0,0
5659.0,Tue Dec 24 09:49:50 2024,Tue Dec 24 09:22:02 2024,0.0192060763888888,357607.0,0,0,0,0,0,0
5660.0,Tue Dec 24 10:17:44 2024,Tue Dec 24 09:49:56 2024,0.0192060763888888,363543.0,0,0,0,0,0,0
5661.0,Tue Dec 24 10:45:39 2024,Tue Dec 24 10:17:50 2024,0.0192060763888888,364142.0,0,0,0,0,0,0
5662.0,Tue Dec 24 11:13:33 2024,Tue Dec 24 10:45:45 2024,0.0192060763888888,370119.0,0,0,0,0,0,0
5663.0,Tue Dec 24 11:41:27 2024,Tue Dec 24 11:13:39 2024,0.0192060763888888,370162.0,0,0,0,0,0,0
5664.0,Tue Dec 24 12:09:21 2024,Tue Dec 24 11:41:33 2024,0.0192060763888888,358929.0,0,0,0,0,0,0
5665.0,Tue Dec 24 12:37:16 2024,Tue Dec 24 12:09:28 2024,0.0192060763888888,345073.0,0,0,0,0,0,0
5666.0,Tue Dec 24 13:05:10 2024,Tue Dec 24 12:37:22 2024,0.0192060763888888,357267.0,0,0,0,0,0,0
5667.0,Tue Dec 24 13:33:05 2024,Tue Dec 24 13:05:16 2024,0.0192060763888888,363927.0,0,0,0,0,0,0
5668.0,Tue Dec 24 14:00:59 2024,Tue Dec 24 13:33:11 2024,0.0192060763888888,362774.0,0,0,0,0,0,0
5669.0,Tue Dec 24 14:28:53 2024,Tue Dec 24 14:01:05 2024,0.0192060763888888,350079.0,0,0,0,0,0,0
5670.0,Tue Dec 24 14:56:48 2024,Tue Dec 24 14:28:59 2024,0.0192060763888888,363038.0,0,0,0,0,0,0
5671.0,Tue Dec 24 15:24:42 2024,Tue Dec 24 14:56:54 2024,0.0192060763888888,363298.0,0,0,0,0,0,0
5672.0,Tue Dec 24 15:52:36 2024,Tue Dec 24 15:24:48 2024,0.0192060763888888,363414.0,0,0,0,0,0,0
5673.0,Tue Dec 24 16:20:31 2024,Tue Dec 24 15:52:42 2024,0.0192060763888888,369441.0,0,0,0,0,0,0
5674.0,Tue Dec 24 16:48:25 2024,Tue Dec 24 16:20:37 2024,0.0192060763888888,344391.0,0,0,0,0,0,0
5675.0,Tue Dec 24 17:16:19 2024,Tue Dec 24 16:48:31 2024,0.0192060763888888,350631.0,0,0,0,0,0,0
5676.0,Tue Dec 24 17:44:14 2024,Tue Dec 24 17:16:25 2024,0.0192060763888888,363055.0,0,0,0,0,0,0
5677.0,Tue Dec 24 18:12:08 2024,Tue Dec 24 17:44:20 2024,0.0192060763888888,357337.0,0,0,0,0,0,0
5678.0,Tue Dec 24 18:40:02 2024,Tue Dec 24 18:12:14 2024,0.0192060763888888,342387.0,0,0,0,0,0,0
5679.0,Tue Dec 24 19:07:57 2024,Tue Dec 24 18:40:08 2024,0.0192060763888888,361754.0,0,0,0,0,0,0
5680.0,Tue Dec 24 19:35:51 2024,Tue Dec 24 19:08:03 2024,0.0192060763888888,356809.0,0,0,0,0,0,0
5681.0,Tue Dec 24 20:03:46 2024,Tue Dec 24 19:35:57 2024,0.0192060763888888,356633.0,0,0,0,0,0,0
5682.0,Tue Dec 24 20:31:40 2024,Tue Dec 24 20:03:52 2024,0.0192060763888888,368900.0,0,0,0,0,0,0
5683.0,Tue Dec 24 20:59:34 2024,Tue Dec 24 20:31:46 2024,0.0192060763888888,363236.0,0,0,0,0,0,0
5684.0,Tue Dec 24 21:27:29 2024,Tue Dec 24 20:59:40 2024,0.0192060763888888,363782.0,0,0,0,0,0,0
5685.0,Tue Dec 24 21:55:23 2024,Tue Dec 24 21:27:35 2024,0.0192060763888888,370160.0,0,0,0,0,0,0
5686.0,Tue Dec 24 22:23:17 2024,Tue Dec 24 21:55:29 2024,0.0192060763888888,364204.0,0,0,0,0,0,0
5687.0,Tue Dec 24 22:51:12 2024,Tue Dec 24 22:23:23 2024,0.0192060763888888,363612.0,0,0,0,0,0,0
5688.0,Tue Dec 24 23:19:06 2024,Tue Dec 24 22:51:18 2024,0.0192060763888888,369952.0,0,0,0,0,0,0
5689.0,Tue Dec 24 23:47:00 2024,Tue Dec 24 23:19:12 2024,0.0192060763888888,369959.0,0,0,0,0,0,0
5690.0,Wed Dec 25 00:14:54 2024,Tue Dec 24 23:47:06 2024,0.0192060763888888,369988.0,0,0,0,0,0,0
5691.0,Wed Dec 25 00:42:49 2024,Wed Dec 25 00:15:01 2024,0.0192060763888888,370000.0,0,0,0,0,0,0
5692.0,Wed Dec 25 01:10:44 2024,Wed Dec 25 00:42:55 2024,0.0192060763888888,352043.0,0,0,0,0,0,0
5693.0,Wed Dec 25 01:38:38 2024,Wed Dec 25 01:10:50 2024,0.0192060763888888,351595.0,0,0,0,0,0,0
5694.0,Wed Dec 25 02:06:33 2024,Wed Dec 25 01:38:44 2024,0.0192060763888888,369724.0,0,0,0,0,0,0
5695.0,Wed Dec 25 02:34:27 2024,Wed Dec 25 02:06:39 2024,0.0192060763888888,363726.0,0,0,0,0,0,0
5696.0,Wed Dec 25 03:02:21 2024,Wed Dec 25 02:34:33 2024,0.0192060763888888,363763.0,0,0,0,0,0,0
5697.0,Wed Dec 25 03:30:16 2024,Wed Dec 25 03:02:28 2024,0.0192060763888888,357827.0,0,0,0,0,0,0
5698.0,Wed Dec 25 03:58:10 2024,Wed Dec 25 03:30:22 2024,0.0192060763888888,363670.0,0,0,0,0,0,0
5699.0,Wed Dec 25 04:26:05 2024,Wed Dec 25 03:58:16 2024,0.0192060763888888,369908.0,1,0,0,0,0,0
5700.0,Wed Dec 25 04:53:59 2024,Wed Dec 25 04:26:11 2024,0.0192060763888888,363461.0,0,0,0,0,0,0
5701.0,Wed Dec 25 05:21:53 2024,Wed Dec 25 04:54:05 2024,0.0192060763888888,364124.0,0,0,0,0,0,0
5702.0,Wed Dec 25 05:49:47 2024,Wed Dec 25 05:21:59 2024,0.0192060763888888,364074.0,0,0,0,0,0,0
5703.0,Wed Dec 25 06:17:42 2024,Wed Dec 25 05:49:53 2024,0.0192060763888888,370071.0,0,0,0,0,0,0
5704.0,Wed Dec 25 06:45:36 2024,Wed Dec 25 06:17:48 2024,0.0192060763888888,364124.0,0,0,0,0,0,0
5705.0,Wed Dec 25 07:13:31 2024,Wed Dec 25 06:45:42 2024,0.0192060763888888,331995.0,0,0,0,0,0,0
5706.0,Wed Dec 25 07:41:25 2024,Wed Dec 25 07:13:37 2024,0.0192060763888888,346484.0,0,0,0,0,0,0
5707.0,Wed Dec 25 08:09:19 2024,Wed Dec 25 07:41:31 2024,0.0192060763888888,366159.0,0,0,0,0,0,0
5708.0,Wed Dec 25 08:37:14 2024,Wed Dec 25 08:09:25 2024,0.0192060763888888,347641.0,0,0,0,0,0,0
5709.0,Wed Dec 25 09:05:08 2024,Wed Dec 25 08:37:20 2024,0.0192060763888888,352274.0,0,0,0,0,0,0
5710.0,Wed Dec 25 09:33:02 2024,Wed Dec 25 09:05:14 2024,0.0192060763888888,365294.0,0,0,0,0,0,0
5711.0,Wed Dec 25 10:00:57 2024,Wed Dec 25 09:33:09 2024,0.0192060763888888,359582.0,0,0,0,0,0,0
5712.0,Wed Dec 25 10:28:51 2024,Wed Dec 25 10:01:03 2024,0.0192060763888888,354113.0,0,0,0,0,0,0
5713.0,Wed Dec 25 10:56:45 2024,Wed Dec 25 10:28:57 2024,0.0192060763888888,362486.0,0,0,0,0,0,0
5714.0,Wed Dec 25 11:24:40 2024,Wed Dec 25 10:56:52 2024,0.0192060763888888,362217.0,0,0,0,0,0,0
5715.0,Wed Dec 25 11:52:35 2024,Wed Dec 25 11:24:46 2024,0.0192060763888888,362990.0,0,0,0,0,0,0
5716.0,Wed Dec 25 12:20:29 2024,Wed Dec 25 11:52:41 2024,0.0192060763888888,357286.0,0,0,0,0,0,0
5717.0,Wed Dec 25 12:48:23 2024,Wed Dec 25 12:20:35 2024,0.0192060763888888,369652.0,0,0,0,0,0,0
5718.0,Wed Dec 25 13:16:17 2024,Wed Dec 25 12:48:29 2024,0.0192060763888888,358505.0,0,0,0,0,0,0
5719.0,Wed Dec 25 13:44:11 2024,Wed Dec 25 13:16:23 2024,0.0192060763888888,369745.0,0,0,0,0,0,0
5720.0,Wed Dec 25 14:12:06 2024,Wed Dec 25 13:44:17 2024,0.0192060763888888,369874.0,0,0,0,0,0,0
5721.0,Wed Dec 25 14:40:00 2024,Wed Dec 25 14:12:12 2024,0.0192060763888888,369895.0,0,0,0,0,0,0
5722.0,Wed Dec 25 15:07:54 2024,Wed Dec 25 14:40:06 2024,0.0192060763888888,369909.0,0,0,0,0,0,0
5723.0,Wed Dec 25 15:35:49 2024,Wed Dec 25 15:08:00 2024,0.0192060763888888,369956.0,0,0,0,0,0,0
5724.0,Wed Dec 25 16:03:43 2024,Wed Dec 25 15:35:55 2024,0.0192060763888888,370005.0,0,0,0,0,0,0
5725.0,Wed Dec 25 16:31:37 2024,Wed Dec 25 16:03:49 2024,0.0192060763888888,370193.0,0,0,0,0,0,0
5726.0,Wed Dec 25 16:59:31 2024,Wed Dec 25 16:31:43 2024,0.0192060763888888,364205.0,0,0,0,0,0,0
5727.0,Wed Dec 25 17:27:26 2024,Wed Dec 25 16:59:37 2024,0.0192060763888888,351708.0,0,0,0,0,0,0
5728.0,Wed Dec 25 17:55:20 2024,Wed Dec 25 17:27:32 2024,0.0192060763888888,339331.0,0,0,0,0,0,0
5729.0,Wed Dec 25 18:23:14 2024,Wed Dec 25 17:55:26 2024,0.0192060763888888,369156.0,0,0,0,0,0,0
5730.0,Wed Dec 25 18:51:09 2024,Wed Dec 25 18:23:20 2024,0.0192060763888888,356605.0,0,0,0,0,0,0
5731.0,Wed Dec 25 19:19:03 2024,Wed Dec 25 18:51:15 2024,0.0192060763888888,355518.0,0,0,0,0,0,0
5732.0,Wed Dec 25 19:46:57 2024,Wed Dec 25 19:19:09 2024,0.0192060763888888,367708.0,0,0,0,0,0,0
5733.0,Wed Dec 25 20:14:51 2024,Wed Dec 25 19:47:03 2024,0.0192060763888888,361745.0,0,0,0,0,0,0
5734.0,Wed Dec 25 20:42:46 2024,Wed Dec 25 20:14:58 2024,0.0192060763888888,362093.0,0,0,0,0,0,0
5735.0,Wed Dec 25 21:10:40 2024,Wed Dec 25 20:42:52 2024,0.0192060763888888,368732.0,0,0,0,0,0,0
5736.0,Wed Dec 25 21:38:35 2024,Wed Dec 25 21:10:47 2024,0.0192060763888888,362788.0,0,0,0,0,0,0
5737.0,Wed Dec 25 22:06:29 2024,Wed Dec 25 21:38:41 2024,0.0192060763888888,368663.0,0,0,0,0,0,0
5738.0,Wed Dec 25 22:34:23 2024,Wed Dec 25 22:06:35 2024,0.0192060763888888,363979.0,0,0,0,0,0,0
5739.0,Wed Dec 25 23:02:18 2024,Wed Dec 25 22:34:29 2024,0.0192060763888888,370052.0,0,0,0,0,0,0
5740.0,Wed Dec 25 23:30:12 2024,Wed Dec 25 23:02:24 2024,0.0192060763888888,370064.0,0,0,0,0,0,0
5741.0,Wed Dec 25 23:58:06 2024,Wed Dec 25 23:30:18 2024,0.0192060763888888,352126.0,0,0,0,0,0,0
5742.0,Thu Dec 26 00:26:00 2024,Wed Dec 25 23:58:12 2024,0.0192060763888888,370061.0,0,0,0,0,0,0
5743.0,Thu Dec 26 00:53:55 2024,Thu Dec 26 00:26:07 2024,0.0192060763888888,370196.0,0,0,0,0,0,0
5744.0,Thu Dec 26 01:21:50 2024,Thu Dec 26 00:54:01 2024,0.0192060763888888,351023.0,0,0,0,0,0,0
5745.0,Thu Dec 26 01:49:44 2024,Thu Dec 26 01:21:56 2024,0.0192060763888888,369512.0,0,0,0,0,0,0
5746.0,Thu Dec 26 02:17:38 2024,Thu Dec 26 01:49:50 2024,0.0192060763888888,369523.0,0,0,0,0,0,0
5747.0,Thu Dec 26 02:45:32 2024,Thu Dec 26 02:17:44 2024,0.0192060763888888,357272.0,0,0,0,0,0,0
5748.0,Thu Dec 26 03:13:27 2024,Thu Dec 26 02:45:38 2024,0.0192060763888888,362928.0,0,0,0,0,0,0
5749.0,Thu Dec 26 03:41:21 2024,Thu Dec 26 03:13:33 2024,0.0192060763888888,356952.0,0,0,0,0,0,0
5750.0,Thu Dec 26 04:09:15 2024,Thu Dec 26 03:41:27 2024,0.0192060763888888,356044.0,0,0,0,0,0,0
5751.0,Thu Dec 26 04:37:10 2024,Thu Dec 26 04:09:21 2024,0.0192060763888888,362594.0,0,0,0,0,0,0
5752.0,Thu Dec 26 05:05:04 2024,Thu Dec 26 04:37:16 2024,0.0192060763888888,357065.0,0,0,0,0,0,0
5753.0,Thu Dec 26 05:32:59 2024,Thu Dec 26 05:05:10 2024,0.0192060763888888,363020.0,0,0,0,0,0,0
5754.0,Thu Dec 26 06:00:53 2024,Thu Dec 26 05:33:05 2024,0.0192060763888888,362508.0,0,0,0,0,0,0
5755.0,Thu Dec 26 06:28:47 2024,Thu Dec 26 06:00:59 2024,0.0192060763888888,357040.0,0,0,0,0,0,0
5756.0,Thu Dec 26 06:56:41 2024,Thu Dec 26 06:28:53 2024,0.0192060763888888,363049.0,0,0,0,0,0,0
5757.0,Thu Dec 26 07:24:36 2024,Thu Dec 26 06:56:48 2024,0.0192060763888888,361409.0,0,0,0,0,0,0
5758.0,Thu Dec 26 07:52:30 2024,Thu Dec 26 07:24:42 2024,0.0192060763888888,357497.0,0,0,0,0,0,0
5759.0,Thu Dec 26 08:20:24 2024,Thu Dec 26 07:52:36 2024,0.0192060763888888,362432.0,0,0,0,0,0,0
5760.0,Thu Dec 26 08:48:19 2024,Thu Dec 26 08:20:31 2024,0.0192060763888888,368385.0,0,0,0,0,0,0
5761.0,Thu Dec 26 09:16:13 2024,Thu Dec 26 08:48:25 2024,0.0192060763888888,362744.0,1,0,0,0,0,0
5762.0,Thu Dec 26 09:44:07 2024,Thu Dec 26 09:16:19 2024,0.0192060763888888,361816.0,0,0,0,0,0,0
5763.0,Thu Dec 26 10:12:02 2024,Thu Dec 26 09:44:13 2024,0.0192060763888888,363811.0,0,0,0,0,0,0
5764.0,Thu Dec 26 10:39:56 2024,Thu Dec 26 10:12:08 2024,0.0192060763888888,369573.0,0,0,0,0,0,0
5765.0,Thu Dec 26 11:07:50 2024,Thu Dec 26 10:40:02 2024,0.0192060763888888,357720.0,0,0,0,0,0,0
5766.0,Thu Dec 26 11:35:45 2024,Thu Dec 26 11:07:56 2024,0.0192060763888888,357171.0,0,0,0,0,0,0
5767.0,Thu Dec 26 12:03:39 2024,Thu Dec 26 11:35:51 2024,0.0192060763888888,363890.0,0,0,0,0,0,0
5768.0,Thu Dec 26 12:31:33 2024,Thu Dec 26 12:03:45 2024,0.0192060763888888,357965.0,0,0,0,0,0,0
5769.0,Thu Dec 26 12:59:27 2024,Thu Dec 26 12:31:39 2024,0.0192060763888888,364310.0,0,0,0,0,0,0
5770.0,Thu Dec 26 13:27:22 2024,Thu Dec 26 12:59:33 2024,0.0192060763888888,363956.0,0,0,0,0,0,0
5771.0,Thu Dec 26 13:55:16 2024,Thu Dec 26 13:27:28 2024,0.0192060763888888,369928.0,0,0,0,0,0,0
5772.0,Thu Dec 26 14:23:10 2024,Thu Dec 26 13:55:22 2024,0.0192060763888888,358058.0,0,0,0,0,0,0
5773.0,Thu Dec 26 14:51:04 2024,Thu Dec 26 14:23:16 2024,0.0192060763888888,351349.0,0,0,0,0,0,0
5774.0,Thu Dec 26 15:18:59 2024,Thu Dec 26 14:51:10 2024,0.0192060763888888,369625.0,0,0,0,0,0,0
5775.0,Thu Dec 26 15:46:53 2024,Thu Dec 26 15:19:05 2024,0.0192060763888888,356356.0,0,0,0,0,0,0
5776.0,Thu Dec 26 16:14:47 2024,Thu Dec 26 15:46:59 2024,0.0192060763888888,369140.0,0,0,0,0,0,0
5777.0,Thu Dec 26 16:42:41 2024,Thu Dec 26 16:14:53 2024,0.0192060763888888,362441.0,0,0,0,0,0,0
5778.0,Thu Dec 26 17:10:36 2024,Thu Dec 26 16:42:47 2024,0.0192060763888888,369064.0,0,0,0,0,0,0
5779.0,Thu Dec 26 17:38:30 2024,Thu Dec 26 17:10:42 2024,0.0192060763888888,369162.0,0,0,0,0,0,0
5780.0,Thu Dec 26 18:06:24 2024,Thu Dec 26 17:38:36 2024,0.0192060763888888,369520.0,0,0,0,0,0,0
5781.0,Thu Dec 26 18:34:18 2024,Thu Dec 26 18:06:30 2024,0.0192060763888888,369516.0,0,0,0,0,0,0
5782.0,Thu Dec 26 19:02:13 2024,Thu Dec 26 18:34:25 2024,0.0192060763888888,363135.0,0,0,0,0,0,0
5783.0,Thu Dec 26 19:30:07 2024,Thu Dec 26 19:02:19 2024,0.0192060763888888,358656.0,0,0,0,0,0,0
5784.0,Thu Dec 26 19:58:01 2024,Thu Dec 26 19:30:13 2024,0.0192060763888888,364900.0,0,0,0,0,0,0
5785.0,Thu Dec 26 20:25:56 2024,Thu Dec 26 19:58:07 2024,0.0192060763888888,364116.0,0,0,0,0,0,0
5786.0,Thu Dec 26 20:53:50 2024,Thu Dec 26 20:26:02 2024,0.0192060763888888,357111.0,0,0,0,0,0,0
5787.0,Thu Dec 26 21:21:45 2024,Thu Dec 26 20:53:56 2024,0.0192060763888888,369985.0,0,0,0,0,0,0
5788.0,Thu Dec 26 21:49:39 2024,Thu Dec 26 21:21:51 2024,0.0192060763888888,356153.0,1,0,0,0,0,0
5789.0,Thu Dec 26 22:17:33 2024,Thu Dec 26 21:49:45 2024,0.0192060763888888,356512.0,0,0,0,0,0,0
5790.0,Thu Dec 26 22:45:27 2024,Thu Dec 26 22:17:39 2024,0.0192060763888888,368485.0,0,0,0,0,0,0
5791.0,Thu Dec 26 23:13:22 2024,Thu Dec 26 22:45:34 2024,0.0192060763888888,362532.0,0,0,0,0,0,0
5792.0,Thu Dec 26 23:41:16 2024,Thu Dec 26 23:13:28 2024,0.0192060763888888,368502.0,0,0,0,0,0,0
5793.0,Fri Dec 27 00:09:10 2024,Thu Dec 26 23:41:22 2024,0.0192060763888888,368584.0,0,0,0,0,0,0
5794.0,Fri Dec 27 00:37:04 2024,Fri Dec 27 00:09:16 2024,0.0192060763888888,355948.0,0,0,0,0,0,0
5795.0,Fri Dec 27 01:04:59 2024,Fri Dec 27 00:37:11 2024,0.0192060763888888,357839.0,0,0,0,0,0,0
5796.0,Fri Dec 27 01:32:53 2024,Fri Dec 27 01:05:05 2024,0.0192060763888888,363496.0,0,0,0,0,0,0
5797.0,Fri Dec 27 02:00:47 2024,Fri Dec 27 01:32:59 2024,0.0192060763888888,358222.0,0,0,0,0,0,0
5798.0,Fri Dec 27 02:28:42 2024,Fri Dec 27 02:00:53 2024,0.0192060763888888,363743.0,0,0,0,0,0,0
5799.0,Fri Dec 27 02:56:36 2024,Fri Dec 27 02:28:48 2024,0.0192060763888888,369672.0,0,0,0,0,0,0
5800.0,Fri Dec 27 03:24:30 2024,Fri Dec 27 02:56:42 2024,0.0192060763888888,364052.0,0,0,0,0,0,0
5801.0,Fri Dec 27 03:52:24 2024,Fri Dec 27 03:24:36 2024,0.0192060763888888,368947.0,0,0,0,0,0,0
5802.0,Fri Dec 27 04:20:19 2024,Fri Dec 27 03:52:30 2024,0.0192060763888888,363421.0,1,0,0,0,0,0
5803.0,Fri Dec 27 04:48:13 2024,Fri Dec 27 04:20:25 2024,0.0192060763888888,349564.0,0,0,0,0,0,0
5804.0,Fri Dec 27 05:16:07 2024,Fri Dec 27 04:48:19 2024,0.0192060763888888,368640.0,0,0,0,0,0,0
5805.0,Fri Dec 27 05:44:01 2024,Fri Dec 27 05:16:13 2024,0.0192060763888888,362760.0,0,0,0,0,0,0
5806.0,Fri Dec 27 06:11:56 2024,Fri Dec 27 05:44:08 2024,0.0192060763888888,368632.0,0,0,0,0,0,0
5807.0,Fri Dec 27 06:39:50 2024,Fri Dec 27 06:12:02 2024,0.0192060763888888,363050.0,0,0,0,0,0,0
5808.0,Fri Dec 27 07:07:45 2024,Fri Dec 27 06:39:56 2024,0.0192060763888888,363156.0,0,0,0,0,0,0
5809.0,Fri Dec 27 07:35:39 2024,Fri Dec 27 07:07:51 2024,0.0192060763888888,363369.0,0,0,0,0,0,0
5810.0,Fri Dec 27 08:03:33 2024,Fri Dec 27 07:35:45 2024,0.0192060763888888,370052.0,1,0,0,0,0,0
5811.0,Fri Dec 27 08:31:28 2024,Fri Dec 27 08:03:40 2024,0.0192060763888888,364088.0,0,0,0,0,0,0
5812.0,Fri Dec 27 08:59:22 2024,Fri Dec 27 08:31:34 2024,0.0192060763888888,358095.0,0,0,0,0,0,0
5813.0,Fri Dec 27 09:27:17 2024,Fri Dec 27 08:59:28 2024,0.0192060763888888,370061.0,0,0,0,0,0,0
5814.0,Fri Dec 27 09:55:11 2024,Fri Dec 27 09:27:23 2024,0.0192060763888888,370040.0,0,0,0,0,0,0
5815.0,Fri Dec 27 10:23:05 2024,Fri Dec 27 09:55:17 2024,0.0192060763888888,370088.0,0,0,0,0,0,0
5816.0,Fri Dec 27 10:50:59 2024,Fri Dec 27 10:23:11 2024,0.0192060763888888,370196.0,0,0,0,0,0,0
5817.0,Fri Dec 27 11:18:54 2024,Fri Dec 27 10:51:05 2024,0.0192060763888888,358692.0,0,0,0,0,0,0
5818.0,Fri Dec 27 11:46:48 2024,Fri Dec 27 11:19:00 2024,0.0192060763888888,358297.0,1,0,0,0,0,0
5819.0,Fri Dec 27 12:14:42 2024,Fri Dec 27 11:46:54 2024,0.0192060763888888,362826.0,0,0,0,0,0,0
5820.0,Fri Dec 27 12:42:36 2024,Fri Dec 27 12:14:48 2024,0.0192060763888888,350515.0,0,0,0,0,0,0
5821.0,Fri Dec 27 13:10:31 2024,Fri Dec 27 12:42:43 2024,0.0192060763888888,368793.0,0,0,0,0,0,0
5822.0,Fri Dec 27 13:38:25 2024,Fri Dec 27 13:10:37 2024,0.0192060763888888,368769.0,0,0,0,0,0,0
5823.0,Fri Dec 27 14:06:20 2024,Fri Dec 27 13:38:31 2024,0.0192060763888888,357789.0,0,0,0,0,0,0
5824.0,Fri Dec 27 14:34:14 2024,Fri Dec 27 14:06:26 2024,0.0192060763888888,363294.0,0,0,0,0,0,0
5825.0,Fri Dec 27 15:02:08 2024,Fri Dec 27 14:34:20 2024,0.0192060763888888,369490.0,0,0,0,0,0,0
5826.0,Fri Dec 27 15:30:03 2024,Fri Dec 27 15:02:15 2024,0.0192060763888888,369891.0,0,0,0,0,0,0
5827.0,Fri Dec 27 15:57:57 2024,Fri Dec 27 15:30:09 2024,0.0192060763888888,358219.0,0,0,0,0,0,0
5828.0,Fri Dec 27 16:25:52 2024,Fri Dec 27 15:58:04 2024,0.0192060763888888,370189.0,0,0,0,0,0,0
5829.0,Fri Dec 27 16:53:46 2024,Fri Dec 27 16:25:58 2024,0.0192060763888888,364206.0,0,0,0,0,0,0
5830.0,Fri Dec 27 17:21:40 2024,Fri Dec 27 16:53:52 2024,0.0192060763888888,370196.0,0,0,0,0,0,0
5831.0,Fri Dec 27 17:49:34 2024,Fri Dec 27 17:21:46 2024,0.0192060763888888,357534.0,0,0,0,0,0,0
5832.0,Fri Dec 27 18:17:29 2024,Fri Dec 27 17:49:41 2024,0.0192060763888888,336597.0,0,0,0,0,0,0
5833.0,Fri Dec 27 18:45:23 2024,Fri Dec 27 18:17:35 2024,0.0192060763888888,368513.0,0,0,0,0,0,0
5834.0,Fri Dec 27 19:13:17 2024,Fri Dec 27 18:45:29 2024,0.0192060763888888,368518.0,0,0,0,0,0,0
5835.0,Fri Dec 27 19:41:12 2024,Fri Dec 27 19:13:24 2024,0.0192060763888888,368516.0,0,0,0,0,0,0
5836.0,Fri Dec 27 20:09:06 2024,Fri Dec 27 19:41:18 2024,0.0192060763888888,368502.0,0,0,0,0,0,0
5837.0,Fri Dec 27 20:37:00 2024,Fri Dec 27 20:09:12 2024,0.0192060763888888,363144.0,0,0,0,0,0,0
5838.0,Fri Dec 27 21:04:55 2024,Fri Dec 27 20:37:06 2024,0.0192060763888888,363212.0,0,0,0,0,0,0
5839.0,Fri Dec 27 21:32:49 2024,Fri Dec 27 21:05:01 2024,0.0192060763888888,364148.0,0,0,0,0,0,0
5840.0,Fri Dec 27 22:00:43 2024,Fri Dec 27 21:32:55 2024,0.0192060763888888,357915.0,0,0,0,0,0,0
5841.0,Fri Dec 27 22:28:38 2024,Fri Dec 27 22:00:49 2024,0.0192060763888888,358923.0,0,0,0,0,0,0
5842.0,Fri Dec 27 22:56:32 2024,Fri Dec 27 22:28:44 2024,0.0192060763888888,363899.0,0,0,0,0,0,0
5843.0,Fri Dec 27 23:24:26 2024,Fri Dec 27 22:56:38 2024,0.0192060763888888,349948.0,0,0,0,0,0,0
5844.0,Fri Dec 27 23:52:21 2024,Fri Dec 27 23:24:32 2024,0.0192060763888888,369568.0,0,0,0,0,0,0
5845.0,Sat Dec 28 00:20:15 2024,Fri Dec 27 23:52:27 2024,0.0192060763888888,369632.0,0,0,0,0,0,0
5846.0,Sat Dec 28 00:48:09 2024,Sat Dec 28 00:20:21 2024,0.0192060763888888,350183.0,0,0,0,0,0,0
5847.0,Sat Dec 28 01:16:04 2024,Sat Dec 28 00:48:15 2024,0.0192060763888888,348596.0,0,0,0,0,0,0
5848.0,Sat Dec 28 01:43:58 2024,Sat Dec 28 01:16:10 2024,0.0192060763888888,356607.0,0,0,0,0,0,0
5849.0,Sat Dec 28 02:11:52 2024,Sat Dec 28 01:44:04 2024,0.0192060763888888,367752.0,0,0,0,0,0,0
5850.0,Sat Dec 28 02:39:47 2024,Sat Dec 28 02:11:59 2024,0.0192060763888888,362011.0,0,0,0,0,0,0
5851.0,Sat Dec 28 03:07:41 2024,Sat Dec 28 02:39:53 2024,0.0192060763888888,361945.0,0,0,0,0,0,0
5852.0,Sat Dec 28 03:35:35 2024,Sat Dec 28 03:07:47 2024,0.0192060763888888,369094.0,0,0,0,0,0,0
5853.0,Sat Dec 28 04:03:30 2024,Sat Dec 28 03:35:42 2024,0.0192060763888888,369919.0,0,0,0,0,0,0
5854.0,Sat Dec 28 04:31:24 2024,Sat Dec 28 04:03:36 2024,0.0192060763888888,363396.0,0,0,0,0,0,0
5855.0,Sat Dec 28 04:59:19 2024,Sat Dec 28 04:31:30 2024,0.0192060763888888,363016.0,0,0,0,0,0,0
5856.0,Sat Dec 28 05:27:13 2024,Sat Dec 28 04:59:25 2024,0.0192060763888888,339304.0,0,0,0,0,0,0
5857.0,Sat Dec 28 05:55:07 2024,Sat Dec 28 05:27:19 2024,0.0192060763888888,363208.0,0,0,0,0,0,0
5858.0,Sat Dec 28 06:23:02 2024,Sat Dec 28 05:55:13 2024,0.0192060763888888,363464.0,0,0,0,0,0,0
5859.0,Sat Dec 28 06:50:56 2024,Sat Dec 28 06:23:08 2024,0.0192060763888888,346127.0,0,0,0,0,0,0
5860.0,Sat Dec 28 07:18:50 2024,Sat Dec 28 06:51:02 2024,0.0192060763888888,362529.0,0,0,0,0,0,0
5861.0,Sat Dec 28 07:46:45 2024,Sat Dec 28 07:18:56 2024,0.0192060763888888,357958.0,0,0,0,0,0,0
5862.0,Sat Dec 28 08:14:39 2024,Sat Dec 28 07:46:51 2024,0.0192060763888888,369094.0,0,0,0,0,0,0
5863.0,Sat Dec 28 08:42:33 2024,Sat Dec 28 08:14:45 2024,0.0192060763888888,369138.0,0,0,0,0,0,0
5864.0,Sat Dec 28 09:10:28 2024,Sat Dec 28 08:42:40 2024,0.0192060763888888,350211.0,0,0,0,0,0,0
5865.0,Sat Dec 28 09:38:22 2024,Sat Dec 28 09:10:34 2024,0.0192060763888888,357254.0,0,0,0,0,0,0
5866.0,Sat Dec 28 10:06:16 2024,Sat Dec 28 09:38:28 2024,0.0192060763888888,369734.0,0,0,0,0,0,0
5867.0,Sat Dec 28 10:34:11 2024,Sat Dec 28 10:06:22 2024,0.0192060763888888,357919.0,0,0,0,0,0,0
5868.0,Sat Dec 28 11:02:05 2024,Sat Dec 28 10:34:17 2024,0.0192060763888888,356910.0,0,0,0,0,0,0
5869.0,Sat Dec 28 11:29:59 2024,Sat Dec 28 11:02:11 2024,0.0192060763888888,357081.0,0,0,0,0,0,0
5870.0,Sat Dec 28 11:57:54 2024,Sat Dec 28 11:30:05 2024,0.0192060763888888,331274.0,0,0,0,0,0,0
5871.0,Sat Dec 28 12:25:48 2024,Sat Dec 28 11:58:00 2024,0.0192060763888888,361828.0,0,0,0,0,0,0
5872.0,Sat Dec 28 12:53:42 2024,Sat Dec 28 12:25:54 2024,0.0192060763888888,349301.0,1,0,0,0,0,0
5873.0,Sat Dec 28 13:21:37 2024,Sat Dec 28 12:53:48 2024,0.0192060763888888,349503.0,0,0,0,0,0,0
5874.0,Sat Dec 28 13:49:31 2024,Sat Dec 28 13:21:43 2024,0.0192060763888888,367571.0,0,0,0,0,0,0
5875.0,Sat Dec 28 14:17:26 2024,Sat Dec 28 13:49:37 2024,0.0192060763888888,367680.0,0,0,0,0,0,0
5876.0,Sat Dec 28 14:45:20 2024,Sat Dec 28 14:17:32 2024,0.0192060763888888,361908.0,0,0,0,0,0,0
5877.0,Sat Dec 28 15:13:14 2024,Sat Dec 28 14:45:26 2024,0.0192060763888888,369522.0,0,0,0,0,0,0
5878.0,Sat Dec 28 15:41:08 2024,Sat Dec 28 15:13:20 2024,0.0192060763888888,369781.0,0,0,0,0,0,0
5879.0,Sat Dec 28 16:09:03 2024,Sat Dec 28 15:41:14 2024,0.0192060763888888,370196.0,0,0,0,0,0,0
5880.0,Sat Dec 28 16:36:57 2024,Sat Dec 28 16:09:09 2024,0.0192060763888888,364244.0,0,0,0,0,0,0
5881.0,Sat Dec 28 17:04:51 2024,Sat Dec 28 16:37:03 2024,0.0192060763888888,358047.0,0,0,0,0,0,0
5882.0,Sat Dec 28 17:32:46 2024,Sat Dec 28 17:04:57 2024,0.0192060763888888,363946.0,0,0,0,0,0,0
5883.0,Sat Dec 28 18:00:40 2024,Sat Dec 28 17:32:52 2024,0.0192060763888888,369928.0,0,0,0,0,0,0
5884.0,Sat Dec 28 18:28:34 2024,Sat Dec 28 18:00:46 2024,0.0192060763888888,369940.0,0,0,0,0,0,0
5885.0,Sat Dec 28 18:56:28 2024,Sat Dec 28 18:28:40 2024,0.0192060763888888,363705.0,0,0,0,0,0,0
5886.0,Sat Dec 28 19:24:23 2024,Sat Dec 28 18:56:34 2024,0.0192060763888888,346495.0,0,0,0,0,0,0
5887.0,Sat Dec 28 19:52:17 2024,Sat Dec 28 19:24:29 2024,0.0192060763888888,363377.0,0,0,0,0,0,0
5888.0,Sat Dec 28 20:20:11 2024,Sat Dec 28 19:52:23 2024,0.0192060763888888,363928.0,0,0,0,0,0,0
5889.0,Sat Dec 28 20:48:05 2024,Sat Dec 28 20:20:17 2024,0.0192060763888888,363920.0,0,0,0,0,0,0
5890.0,Sat Dec 28 21:16:00 2024,Sat Dec 28 20:48:12 2024,0.0192060763888888,369936.0,0,0,0,0,0,0
5891.0,Sat Dec 28 21:43:54 2024,Sat Dec 28 21:16:06 2024,0.0192060763888888,369677.0,0,0,0,0,0,0
5892.0,Sat Dec 28 22:11:48 2024,Sat Dec 28 21:44:00 2024,0.0192060763888888,347168.0,0,0,0,0,0,0
5893.0,Sat Dec 28 22:39:43 2024,Sat Dec 28 22:11:54 2024,0.0192060763888888,363234.0,0,0,0,0,0,0
5894.0,Sat Dec 28 23:07:37 2024,Sat Dec 28 22:39:49 2024,0.0192060763888888,358591.0,0,0,0,0,0,0
5895.0,Sat Dec 28 23:35:31 2024,Sat Dec 28 23:07:43 2024,0.0192060763888888,369764.0,0,0,0,0,0,0
5896.0,Sun Dec 29 00:03:26 2024,Sat Dec 28 23:35:38 2024,0.0192060763888888,363796.0,0,0,0,0,0,0
5897.0,Sun Dec 29 00:31:20 2024,Sun Dec 29 00:03:32 2024,0.0192060763888888,369757.0,0,0,0,0,0,0
5898.0,Sun Dec 29 00:59:15 2024,Sun Dec 29 00:31:26 2024,0.0192060763888888,363860.0,0,0,0,0,0,0
5899.0,Sun Dec 29 01:27:09 2024,Sun Dec 29 00:59:21 2024,0.0192060763888888,357470.0,0,0,0,0,0,0
5900.0,Sun Dec 29 01:55:03 2024,Sun Dec 29 01:27:15 2024,0.0192060763888888,370118.0,0,0,0,0,0,0
5901.0,Sun Dec 29 02:22:57 2024,Sun Dec 29 01:55:09 2024,0.0192060763888888,370116.0,0,0,0,0,0,0
5902.0,Sun Dec 29 02:50:52 2024,Sun Dec 29 02:23:04 2024,0.0192060763888888,363324.0,0,0,0,0,0,0
5903.0,Sun Dec 29 03:18:46 2024,Sun Dec 29 02:50:58 2024,0.0192060763888888,370012.0,0,0,0,0,0,0
5904.0,Sun Dec 29 03:46:40 2024,Sun Dec 29 03:18:52 2024,0.0192060763888888,364031.0,0,0,0,0,0,0
5905.0,Sun Dec 29 04:14:35 2024,Sun Dec 29 03:46:46 2024,0.0192060763888888,356813.0,0,0,0,0,0,0
5906.0,Sun Dec 29 04:42:29 2024,Sun Dec 29 04:14:41 2024,0.0192060763888888,369873.0,0,0,0,0,0,0
5907.0,Sun Dec 29 05:10:23 2024,Sun Dec 29 04:42:35 2024,0.0192060763888888,369850.0,0,0,0,0,0,0
5908.0,Sun Dec 29 05:38:17 2024,Sun Dec 29 05:10:29 2024,0.0192060763888888,357424.0,0,0,0,0,0,0
5909.0,Sun Dec 29 06:06:12 2024,Sun Dec 29 05:38:23 2024,0.0192060763888888,357971.0,0,0,0,0,0,0
5910.0,Sun Dec 29 06:34:06 2024,Sun Dec 29 06:06:18 2024,0.0192060763888888,351985.0,0,0,0,0,0,0
5911.0,Sun Dec 29 07:02:00 2024,Sun Dec 29 06:34:12 2024,0.0192060763888888,369888.0,0,0,0,0,0,0
5912.0,Sun Dec 29 07:29:54 2024,Sun Dec 29 07:02:06 2024,0.0192060763888888,370091.0,0,0,0,0,0,0
5913.0,Sun Dec 29 07:57:49 2024,Sun Dec 29 07:30:00 2024,0.0192060763888888,357706.0,0,0,0,0,0,0
5914.0,Sun Dec 29 08:25:43 2024,Sun Dec 29 07:57:55 2024,0.0192060763888888,362950.0,0,0,0,0,0,0
5915.0,Sun Dec 29 08:53:37 2024,Sun Dec 29 08:25:49 2024,0.0192060763888888,356379.0,0,0,0,0,0,0
5916.0,Sun Dec 29 09:21:31 2024,Sun Dec 29 08:53:43 2024,0.0192060763888888,362926.0,0,0,0,0,0,0
5917.0,Sun Dec 29 09:49:26 2024,Sun Dec 29 09:21:37 2024,0.0192060763888888,368876.0,0,0,0,0,0,0
5918.0,Sun Dec 29 10:17:20 2024,Sun Dec 29 09:49:32 2024,0.0192060763888888,362923.0,0,0,0,0,0,0
5919.0,Sun Dec 29 10:45:14 2024,Sun Dec 29 10:17:26 2024,0.0192060763888888,369400.0,0,0,0,0,0,0
5920.0,Sun Dec 29 11:13:08 2024,Sun Dec 29 10:45:20 2024,0.0192060763888888,364685.0,0,0,0,0,0,0
5921.0,Sun Dec 29 11:41:03 2024,Sun Dec 29 11:13:14 2024,0.0192060763888888,358314.0,0,0,0,0,0,0
5922.0,Sun Dec 29 12:08:57 2024,Sun Dec 29 11:41:09 2024,0.0192060763888888,363976.0,0,0,0,0,0,0
5923.0,Sun Dec 29 12:36:51 2024,Sun Dec 29 12:09:03 2024,0.0192060763888888,369937.0,0,0,0,0,0,0
5924.0,Sun Dec 29 13:04:45 2024,Sun Dec 29 12:36:57 2024,0.0192060763888888,369940.0,0,0,0,0,0,0
5925.0,Sun Dec 29 13:32:40 2024,Sun Dec 29 13:04:52 2024,0.0192060763888888,369937.0,0,0,0,0,0,0
5926.0,Sun Dec 29 14:00:34 2024,Sun Dec 29 13:32:46 2024,0.0192060763888888,369952.0,0,0,0,0,0,0
5927.0,Sun Dec 29 14:28:28 2024,Sun Dec 29 14:00:40 2024,0.0192060763888888,351619.0,0,0,0,0,0,0
5928.0,Sun Dec 29 14:56:23 2024,Sun Dec 29 14:28:35 2024,0.0192060763888888,356494.0,0,0,0,0,0,0
5929.0,Sun Dec 29 15:24:17 2024,Sun Dec 29 14:56:29 2024,0.0192060763888888,369678.0,0,0,0,0,0,0
5930.0,Sun Dec 29 15:52:12 2024,Sun Dec 29 15:24:23 2024,0.0192060763888888,369705.0,0,0,0,0,0,0
5931.0,Sun Dec 29 16:20:06 2024,Sun Dec 29 15:52:18 2024,0.0192060763888888,357550.0,0,0,0,0,0,0
5932.0,Sun Dec 29 16:48:00 2024,Sun Dec 29 16:20:12 2024,0.0192060763888888,369475.0,0,0,0,0,0,0
5933.0,Sun Dec 29 17:15:54 2024,Sun Dec 29 16:48:06 2024,0.0192060763888888,369523.0,0,0,0,0,0,0
5934.0,Sun Dec 29 17:43:49 2024,Sun Dec 29 17:16:00 2024,0.0192060763888888,363907.0,0,0,0,0,0,0
5935.0,Sun Dec 29 18:11:43 2024,Sun Dec 29 17:43:55 2024,0.0192060763888888,358461.0,0,0,0,0,0,0
5936.0,Sun Dec 29 18:39:37 2024,Sun Dec 29 18:11:49 2024,0.0192060763888888,357795.0,0,0,0,0,0,0
5937.0,Sun Dec 29 19:07:31 2024,Sun Dec 29 18:39:43 2024,0.0192060763888888,369820.0,0,0,0,0,0,0
5938.0,Sun Dec 29 19:35:26 2024,Sun Dec 29 19:07:37 2024,0.0192060763888888,350573.0,0,0,0,0,0,0
5939.0,Sun Dec 29 20:03:20 2024,Sun Dec 29 19:35:32 2024,0.0192060763888888,369296.0,0,0,0,0,0,0
5940.0,Sun Dec 29 20:31:14 2024,Sun Dec 29 20:03:26 2024,0.0192060763888888,350474.0,0,0,0,0,0,0
5941.0,Sun Dec 29 20:59:09 2024,Sun Dec 29 20:31:20 2024,0.0192060763888888,368212.0,0,0,0,0,0,0
5942.0,Sun Dec 29 21:27:03 2024,Sun Dec 29 20:59:15 2024,0.0192060763888888,357009.0,0,0,0,0,0,0
5943.0,Sun Dec 29 21:54:57 2024,Sun Dec 29 21:27:09 2024,0.0192060763888888,363408.0,0,0,0,0,0,0
5944.0,Sun Dec 29 22:22:51 2024,Sun Dec 29 21:55:03 2024,0.0192060763888888,368740.0,0,0,0,0,0,0
5945.0,Sun Dec 29 22:50:46 2024,Sun Dec 29 22:22:57 2024,0.0192060763888888,363430.0,0,0,0,0,0,0
5946.0,Sun Dec 29 23:18:40 2024,Sun Dec 29 22:50:52 2024,0.0192060763888888,363517.0,0,0,0,0,0,0
5947.0,Sun Dec 29 23:46:35 2024,Sun Dec 29 23:18:46 2024,0.0192060763888888,358707.0,0,0,0,0,0,0
5948.0,Mon Dec 30 00:14:29 2024,Sun Dec 29 23:46:41 2024,0.0192060763888888,369688.0,0,0,0,0,0,0
5949.0,Mon Dec 30 00:42:23 2024,Mon Dec 30 00:14:35 2024,0.0192060763888888,357499.0,0,0,0,0,0,0
5950.0,Mon Dec 30 01:10:17 2024,Mon Dec 30 00:42:29 2024,0.0192060763888888,363752.0,0,0,0,0,0,0
5951.0,Mon Dec 30 01:38:12 2024,Mon Dec 30 01:10:23 2024,0.0192060763888888,358625.0,0,0,0,0,0,0
5952.0,Mon Dec 30 02:06:06 2024,Mon Dec 30 01:38:18 2024,0.0192060763888888,369869.0,0,0,0,0,0,0
5953.0,Mon Dec 30 02:34:00 2024,Mon Dec 30 02:06:12 2024,0.0192060763888888,370012.0,0,0,0,0,0,0
5954.0,Mon Dec 30 03:01:54 2024,Mon Dec 30 02:34:06 2024,0.0192060763888888,345738.0,0,0,0,0,0,0
5955.0,Mon Dec 30 03:29:49 2024,Mon Dec 30 03:02:01 2024,0.0192060763888888,363371.0,0,0,0,0,0,0
5956.0,Mon Dec 30 03:57:43 2024,Mon Dec 30 03:29:55 2024,0.0192060763888888,363388.0,0,0,0,0,0,0
5957.0,Mon Dec 30 04:25:38 2024,Mon Dec 30 03:57:49 2024,0.0192060763888888,363370.0,0,0,0,0,0,0
5958.0,Mon Dec 30 04:53:32 2024,Mon Dec 30 04:25:44 2024,0.0192060763888888,369376.0,0,0,0,0,0,0
5959.0,Mon Dec 30 05:21:26 2024,Mon Dec 30 04:53:38 2024,0.0192060763888888,357925.0,0,0,0,0,0,0
5960.0,Mon Dec 30 05:49:20 2024,Mon Dec 30 05:21:32 2024,0.0192060763888888,363435.0,0,0,0,0,0,0
5961.0,Mon Dec 30 06:17:14 2024,Mon Dec 30 05:49:26 2024,0.0192060763888888,338414.0,0,0,0,0,0,0
5962.0,Mon Dec 30 06:45:09 2024,Mon Dec 30 06:17:20 2024,0.0192060763888888,363084.0,0,0,0,0,0,0
5963.0,Mon Dec 30 07:13:03 2024,Mon Dec 30 06:45:15 2024,0.0192060763888888,363922.0,0,0,0,0,0,0
5964.0,Mon Dec 30 07:40:57 2024,Mon Dec 30 07:13:09 2024,0.0192060763888888,369845.0,0,0,0,0,0,0
5965.0,Mon Dec 30 08:08:52 2024,Mon Dec 30 07:41:04 2024,0.0192060763888888,356980.0,0,0,0,0,0,0
5966.0,Mon Dec 30 08:36:46 2024,Mon Dec 30 08:08:58 2024,0.0192060763888888,362908.0,0,0,0,0,0,0
5967.0,Mon Dec 30 09:04:41 2024,Mon Dec 30 08:36:52 2024,0.0192060763888888,349824.0,0,0,0,0,0,0
5968.0,Mon Dec 30 09:32:35 2024,Mon Dec 30 09:04:47 2024,0.0192060763888888,357250.0,0,0,0,0,0,0
5969.0,Mon Dec 30 10:00:29 2024,Mon Dec 30 09:32:41 2024,0.0192060763888888,369152.0,0,0,0,0,0,0
5970.0,Mon Dec 30 10:28:23 2024,Mon Dec 30 10:00:35 2024,0.0192060763888888,357434.0,0,0,0,0,0,0
5971.0,Mon Dec 30 10:56:18 2024,Mon Dec 30 10:28:29 2024,0.0192060763888888,357476.0,0,0,0,0,0,0
5972.0,Mon Dec 30 11:24:12 2024,Mon Dec 30 10:56:24 2024,0.0192060763888888,363759.0,0,0,0,0,0,0
5973.0,Mon Dec 30 11:52:06 2024,Mon Dec 30 11:24:18 2024,0.0192060763888888,369943.0,0,0,0,0,0,0
5974.0,Mon Dec 30 12:20:01 2024,Mon Dec 30 11:52:12 2024,0.0192060763888888,364209.0,0,0,0,0,0,0
5975.0,Mon Dec 30 12:47:55 2024,Mon Dec 30 12:20:07 2024,0.0192060763888888,364231.0,0,0,0,0,0,0
5976.0,Mon Dec 30 13:15:49 2024,Mon Dec 30 12:48:01 2024,0.0192060763888888,352264.0,0,0,0,0,0,0
5977.0,Mon Dec 30 13:43:43 2024,Mon Dec 30 13:15:55 2024,0.0192060763888888,357644.0,0,0,0,0,0,0
5978.0,Mon Dec 30 14:11:38 2024,Mon Dec 30 13:43:49 2024,0.0192060763888888,362933.0,0,0,0,0,0,0
5979.0,Mon Dec 30 14:39:32 2024,Mon Dec 30 14:11:44 2024,0.0192060763888888,369792.0,0,0,0,0,0,0
5980.0,Mon Dec 30 15:07:26 2024,Mon Dec 30 14:39:38 2024,0.0192060763888888,363827.0,0,0,0,0,0,0
5981.0,Mon Dec 30 15:35:20 2024,Mon Dec 30 15:07:32 2024,0.0192060763888888,357850.0,0,0,0,0,0,0
5982.0,Mon Dec 30 16:03:15 2024,Mon Dec 30 15:35:27 2024,0.0192060763888888,369794.0,0,0,0,0,0,0
5983.0,Mon Dec 30 16:31:09 2024,Mon Dec 30 16:03:21 2024,0.0192060763888888,369837.0,0,0,0,0,0,0
5984.0,Mon Dec 30 16:59:03 2024,Mon Dec 30 16:31:15 2024,0.0192060763888888,364157.0,0,0,0,0,0,0
5985.0,Mon Dec 30 17:26:58 2024,Mon Dec 30 16:59:10 2024,0.0192060763888888,350046.0,0,0,0,0,0,0
5986.0,Mon Dec 30 17:54:52 2024,Mon Dec 30 17:27:04 2024,0.0192060763888888,350450.0,0,0,0,0,0,0
5987.0,Mon Dec 30 18:22:46 2024,Mon Dec 30 17:54:58 2024,0.0192060763888888,362837.0,0,0,0,0,0,0
5988.0,Mon Dec 30 18:50:41 2024,Mon Dec 30 18:22:52 2024,0.0192060763888888,357244.0,0,0,0,0,0,0
5989.0,Mon Dec 30 19:18:35 2024,Mon Dec 30 18:50:47 2024,0.0192060763888888,368271.0,0,0,0,0,0,0
5990.0,Mon Dec 30 19:46:29 2024,Mon Dec 30 19:18:41 2024,0.0192060763888888,363111.0,0,0,0,0,0,0
5991.0,Mon Dec 30 20:14:23 2024,Mon Dec 30 19:46:35 2024,0.0192060763888888,368807.0,0,0,0,0,0,0
5992.0,Mon Dec 30 20:42:18 2024,Mon Dec 30 20:14:29 2024,0.0192060763888888,369605.0,0,0,0,0,0,0
5993.0,Mon Dec 30 21:10:12 2024,Mon Dec 30 20:42:24 2024,0.0192060763888888,363720.0,0,0,0,0,0,0
5994.0,Mon Dec 30 21:38:06 2024,Mon Dec 30 21:10:18 2024,0.0192060763888888,357900.0,0,0,0,0,0,0
5995.0,Mon Dec 30 22:06:00 2024,Mon Dec 30 21:38:12 2024,0.0192060763888888,369920.0,0,0,0,0,0,0
5996.0,Mon Dec 30 22:33:55 2024,Mon Dec 30 22:06:06 2024,0.0192060763888888,357081.0,0,0,0,0,0,0
5997.0,Mon Dec 30 23:01:49 2024,Mon Dec 30 22:34:01 2024,0.0192060763888888,349366.0,0,0,0,0,0,0
5998.0,Mon Dec 30 23:29:43 2024,Mon Dec 30 23:01:55 2024,0.0192060763888888,363377.0,0,0,0,0,0,0
5999.0,Mon Dec 30 23:57:37 2024,Mon Dec 30 23:29:49 2024,0.0192060763888888,337931.0,1,0,0,0,0,0
6000.0,Tue Dec 31 00:25:32 2024,Mon Dec 30 23:57:44 2024,0.0192060763888888,367699.0,0,0,0,0,0,0
6001.0,Tue Dec 31 00:53:26 2024,Tue Dec 31 00:25:38 2024,0.0192060763888888,362065.0,0,0,0,0,0,0
6002.0,Tue Dec 31 01:21:21 2024,Tue Dec 31 00:53:32 2024,0.0192060763888888,345976.0,0,0,0,0,0,0
6003.0,Tue Dec 31 01:49:15 2024,Tue Dec 31 01:21:27 2024,0.0192060763888888,368051.0,0,0,0,0,0,0
6004.0,Tue Dec 31 02:17:09 2024,Tue Dec 31 01:49:21 2024,0.0192060763888888,356732.0,0,0,0,0,0,0
6005.0,Tue Dec 31 02:45:04 2024,Tue Dec 31 02:17:15 2024,0.0192060763888888,356281.0,0,0,0,0,0,0
6006.0,Tue Dec 31 03:12:58 2024,Tue Dec 31 02:45:10 2024,0.0192060763888888,351291.0,0,0,0,0,0,0
6007.0,Tue Dec 31 03:40:52 2024,Tue Dec 31 03:13:04 2024,0.0192060763888888,362307.0,0,0,0,0,0,0
6008.0,Tue Dec 31 04:08:46 2024,Tue Dec 31 03:40:58 2024,0.0192060763888888,357763.0,0,0,0,0,0,0
6009.0,Tue Dec 31 04:36:40 2024,Tue Dec 31 04:08:52 2024,0.0192060763888888,356543.0,0,0,0,0,0,0
6010.0,Tue Dec 31 05:04:35 2024,Tue Dec 31 04:36:46 2024,0.0192060763888888,356294.0,0,0,0,0,0,0
6011.0,Tue Dec 31 05:32:29 2024,Tue Dec 31 05:04:41 2024,0.0192060763888888,356128.0,0,0,0,0,0,0
6012.0,Tue Dec 31 06:00:23 2024,Tue Dec 31 05:32:35 2024,0.0192060763888888,363037.0,1,0,0,0,0,0
6013.0,Tue Dec 31 06:28:18 2024,Tue Dec 31 06:00:29 2024,0.0192060763888888,363160.0,0,0,0,0,0,0
6014.0,Tue Dec 31 06:56:12 2024,Tue Dec 31 06:28:24 2024,0.0192060763888888,357650.0,1,0,0,0,0,0
6015.0,Tue Dec 31 07:24:06 2024,Tue Dec 31 06:56:18 2024,0.0192060763888888,369825.0,0,0,0,0,0,0
6016.0,Tue Dec 31 07:52:01 2024,Tue Dec 31 07:24:13 2024,0.0192060763888888,357191.0,0,0,0,0,0,0
6017.0,Tue Dec 31 08:19:56 2024,Tue Dec 31 07:52:07 2024,0.0192060763888888,363984.0,0,0,0,0,0,0
6018.0,Tue Dec 31 08:47:50 2024,Tue Dec 31 08:20:02 2024,0.0192060763888888,364001.0,0,0,0,0,0,0
6019.0,Tue Dec 31 09:15:44 2024,Tue Dec 31 08:47:56 2024,0.0192060763888888,369978.0,0,0,0,0,0,0
6020.0,Tue Dec 31 09:43:38 2024,Tue Dec 31 09:15:50 2024,0.0192060763888888,363423.0,0,0,0,0,0,0
6021.0,Tue Dec 31 10:11:33 2024,Tue Dec 31 09:43:45 2024,0.0192060763888888,369977.0,0,0,0,0,0,0
6022.0,Tue Dec 31 10:39:27 2024,Tue Dec 31 10:11:39 2024,0.0192060763888888,358051.0,0,0,0,0,0,0
6023.0,Tue Dec 31 11:07:21 2024,Tue Dec 31 10:39:33 2024,0.0192060763888888,370073.0,0,0,0,0,0,0
6024.0,Tue Dec 31 11:35:16 2024,Tue Dec 31 11:07:28 2024,0.0192060763888888,358099.0,0,0,0,0,0,0
6025.0,Tue Dec 31 12:03:10 2024,Tue Dec 31 11:35:22 2024,0.0192060763888888,357664.0,0,0,0,0,0,0
6026.0,Tue Dec 31 12:31:05 2024,Tue Dec 31 12:03:16 2024,0.0192060763888888,356723.0,0,0,0,0,0,0
6027.0,Tue Dec 31 12:58:59 2024,Tue Dec 31 12:31:11 2024,0.0192060763888888,369552.0,0,0,0,0,0,0
6028.0,Tue Dec 31 13:26:53 2024,Tue Dec 31 12:59:05 2024,0.0192060763888888,369553.0,0,0,0,0,0,0
6029.0,Tue Dec 31 13:54:47 2024,Tue Dec 31 13:26:59 2024,0.0192060763888888,357643.0,0,0,0,0,0,0
6030.0,Tue Dec 31 14:22:42 2024,Tue Dec 31 13:54:54 2024,0.0192060763888888,357661.0,0,0,0,0,0,0
6031.0,Tue Dec 31 14:50:37 2024,Tue Dec 31 14:22:48 2024,0.0192060763888888,369657.0,0,0,0,0,0,0
6032.0,Tue Dec 31 15:18:31 2024,Tue Dec 31 14:50:43 2024,0.0192060763888888,369957.0,0,0,0,0,0,0
6033.0,Tue Dec 31 15:46:25 2024,Tue Dec 31 15:18:37 2024,0.0192060763888888,370193.0,0,0,0,0,0,0
6034.0,Tue Dec 31 16:14:20 2024,Tue Dec 31 15:46:31 2024,0.0192060763888888,363623.0,0,0,0,0,0,0
6035.0,Tue Dec 31 16:42:14 2024,Tue Dec 31 16:14:26 2024,0.0192060763888888,369755.0,0,0,0,0,0,0
6036.0,Tue Dec 31 17:10:08 2024,Tue Dec 31 16:42:20 2024,0.0192060763888888,370023.0,0,0,0,0,0,0
6037.0,Tue Dec 31 17:38:03 2024,Tue Dec 31 17:10:14 2024,0.0192060763888888,350991.0,0,0,0,0,0,0
6038.0,Tue Dec 31 18:05:57 2024,Tue Dec 31 17:38:09 2024,0.0192060763888888,369725.0,0,0,0,0,0,0
6039.0,Tue Dec 31 18:33:51 2024,Tue Dec 31 18:06:03 2024,0.0192060763888888,369717.0,0,0,0,0,0,0
6040.0,Tue Dec 31 19:01:45 2024,Tue Dec 31 18:33:57 2024,0.0192060763888888,369714.0,0,0,0,0,0,0
6041.0,Tue Dec 31 19:29:40 2024,Tue Dec 31 19:01:51 2024,0.0192060763888888,369854.0,0,0,0,0,0,0
6042.0,Tue Dec 31 19:57:34 2024,Tue Dec 31 19:29:46 2024,0.0192060763888888,363915.0,0,0,0,0,0,0
6043.0,Tue Dec 31 20:25:28 2024,Tue Dec 31 19:57:40 2024,0.0192060763888888,356342.0,0,0,0,0,0,0
6044.0,Tue Dec 31 20:53:22 2024,Tue Dec 31 20:25:34 2024,0.0192060763888888,363830.0,0,0,0,0,0,0
6045.0,Tue Dec 31 21:21:17 2024,Tue Dec 31 20:53:29 2024,0.0192060763888888,356478.0,0,0,0,0,0,0
6046.0,Tue Dec 31 21:49:11 2024,Tue Dec 31 21:21:23 2024,0.0192060763888888,369542.0,0,0,0,0,0,0
6047.0,Tue Dec 31 22:17:05 2024,Tue Dec 31 21:49:17 2024,0.0192060763888888,362729.0,0,0,0,0,0,0
6048.0,Tue Dec 31 22:45:00 2024,Tue Dec 31 22:17:12 2024,0.0192060763888888,363307.0,0,0,0,0,0,0
6049.0,Tue Dec 31 23:12:54 2024,Tue Dec 31 22:45:06 2024,0.0192060763888888,357223.0,0,0,0,0,0,0
6050.0,Tue Dec 31 23:40:48 2024,Tue Dec 31 23:13:00 2024,0.0192060763888888,363800.0,0,0,0,0,0,0
6051.0,Wed Jan  1 00:08:43 2025,Tue Dec 31 23:40:54 2024,0.0192060763888888,357799.0,0,0,0,0,0,0
6052.0,Wed Jan  1 00:36:37 2025,Wed Jan  1 00:08:49 2025,0.0192060763888888,369729.0,0,0,0,0,0,0
6053.0,Wed Jan  1 01:04:31 2025,Wed Jan  1 00:36:43 2025,0.0192060763888888,363953.0,0,0,0,0,0,0
6054.0,Wed Jan  1 01:32:25 2025,Wed Jan  1 01:04:37 2025,0.0192060763888888,357126.0,0,0,0,0,0,0
6055.0,Wed Jan  1 02:00:20 2025,Wed Jan  1 01:32:32 2025,0.0192060763888888,369608.0,0,0,0,0,0,0
6056.0,Wed Jan  1 02:28:14 2025,Wed Jan  1 02:00:26 2025,0.0192060763888888,364486.0,0,0,0,0,0,0
6057.0,Wed Jan  1 02:56:08 2025,Wed Jan  1 02:28:20 2025,0.0192060763888888,351846.0,0,0,0,0,0,0
6058.0,Wed Jan  1 03:24:02 2025,Wed Jan  1 02:56:14 2025,0.0192060763888888,369801.0,0,0,0,0,0,0
6059.0,Wed Jan  1 03:51:57 2025,Wed Jan  1 03:24:08 2025,0.0192060763888888,357760.0,0,0,0,0,0,0
6060.0,Wed Jan  1 04:19:51 2025,Wed Jan  1 03:52:03 2025,0.0192060763888888,369646.0,0,0,0,0,0,0
6061.0,Wed Jan  1 04:47:45 2025,Wed Jan  1 04:19:57 2025,0.0192060763888888,364456.0,0,0,0,0,0,0
6062.0,Wed Jan  1 05:15:40 2025,Wed Jan  1 04:47:51 2025,0.0192060763888888,357569.0,0,0,0,0,0,0
6063.0,Wed Jan  1 05:43:34 2025,Wed Jan  1 05:15:46 2025,0.0192060763888888,369745.0,0,0,0,0,0,0
6064.0,Wed Jan  1 06:11:28 2025,Wed Jan  1 05:43:40 2025,0.0192060763888888,357239.0,0,0,0,0,0,0
6065.0,Wed Jan  1 06:39:22 2025,Wed Jan  1 06:11:34 2025,0.0192060763888888,363636.0,0,0,0,0,0,0
6066.0,Wed Jan  1 07:07:17 2025,Wed Jan  1 06:39:28 2025,0.0192060763888888,357084.0,0,0,0,0,0,0
6067.0,Wed Jan  1 07:35:11 2025,Wed Jan  1 07:07:23 2025,0.0192060763888888,357026.0,0,0,0,0,0,0
6068.0,Wed Jan  1 08:03:05 2025,Wed Jan  1 07:35:17 2025,0.0192060763888888,369652.0,0,0,0,0,0,0
6069.0,Wed Jan  1 08:31:00 2025,Wed Jan  1 08:03:12 2025,0.0192060763888888,345109.0,0,0,0,0,0,0
6070.0,Wed Jan  1 08:58:54 2025,Wed Jan  1 08:31:06 2025,0.0192060763888888,369432.0,0,0,0,0,0,0
6071.0,Wed Jan  1 09:26:48 2025,Wed Jan  1 08:59:00 2025,0.0192060763888888,363554.0,0,0,0,0,0,0
6072.0,Wed Jan  1 09:54:43 2025,Wed Jan  1 09:26:54 2025,0.0192060763888888,369566.0,0,0,0,0,0,0
6073.0,Wed Jan  1 10:22:37 2025,Wed Jan  1 09:54:49 2025,0.0192060763888888,369629.0,0,0,0,0,0,0
6074.0,Wed Jan  1 10:50:31 2025,Wed Jan  1 10:22:43 2025,0.0192060763888888,363903.0,0,0,0,0,0,0
6075.0,Wed Jan  1 11:18:26 2025,Wed Jan  1 10:50:37 2025,0.0192060763888888,363641.0,0,0,0,0,0,0
6076.0,Wed Jan  1 11:46:20 2025,Wed Jan  1 11:18:32 2025,0.0192060763888888,363484.0,1,0,0,0,0,0
6077.0,Wed Jan  1 12:14:14 2025,Wed Jan  1 11:46:26 2025,0.0192060763888888,351307.0,0,0,0,0,0,0
6078.0,Wed Jan  1 12:42:08 2025,Wed Jan  1 12:14:20 2025,0.0192060763888888,369704.0,0,0,0,0,0,0
6079.0,Wed Jan  1 13:10:03 2025,Wed Jan  1 12:42:14 2025,0.0192060763888888,369685.0,0,0,0,0,0,0
6080.0,Wed Jan  1 13:37:57 2025,Wed Jan  1 13:10:09 2025,0.0192060763888888,369704.0,0,0,0,0,0,0
6081.0,Wed Jan  1 14:05:51 2025,Wed Jan  1 13:38:03 2025,0.0192060763888888,363772.0,0,0,0,0,0,0
6082.0,Wed Jan  1 14:33:46 2025,Wed Jan  1 14:05:57 2025,0.0192060763888888,363277.0,0,0,0,0,0,0
6083.0,Wed Jan  1 15:01:40 2025,Wed Jan  1 14:33:52 2025,0.0192060763888888,357870.0,0,0,0,0,0,0
6084.0,Wed Jan  1 15:29:34 2025,Wed Jan  1 15:01:46 2025,0.0192060763888888,364843.0,0,0,0,0,0,0
6085.0,Wed Jan  1 15:57:29 2025,Wed Jan  1 15:29:41 2025,0.0192060763888888,358008.0,0,0,0,0,0,0
6086.0,Wed Jan  1 16:25:23 2025,Wed Jan  1 15:57:35 2025,0.0192060763888888,369479.0,0,0,0,0,0,0
6087.0,Wed Jan  1 16:53:17 2025,Wed Jan  1 16:25:29 2025,0.0192060763888888,320227.0,0,0,0,0,0,0
6088.0,Wed Jan  1 17:21:11 2025,Wed Jan  1 16:53:23 2025,0.0192060763888888,369128.0,0,0,0,0,0,0
6089.0,Wed Jan  1 17:49:06 2025,Wed Jan  1 17:21:18 2025,0.0192060763888888,369189.0,0,0,0,0,0,0
6090.0,Wed Jan  1 18:17:00 2025,Wed Jan  1 17:49:12 2025,0.0192060763888888,369180.0,0,0,0,0,0,0
6091.0,Wed Jan  1 18:44:54 2025,Wed Jan  1 18:17:06 2025,0.0192060763888888,340873.0,0,0,0,0,0,0
6092.0,Wed Jan  1 19:12:49 2025,Wed Jan  1 18:45:00 2025,0.0192060763888888,350202.0,0,0,0,0,0,0
6093.0,Wed Jan  1 19:40:43 2025,Wed Jan  1 19:12:55 2025,0.0192060763888888,362805.0,0,0,0,0,0,0
6094.0,Wed Jan  1 20:08:37 2025,Wed Jan  1 19:40:49 2025,0.0192060763888888,351488.0,0,0,0,0,0,0
6095.0,Wed Jan  1 20:36:32 2025,Wed Jan  1 20:08:44 2025,0.0192060763888888,368040.0,0,0,0,0,0,0
6096.0,Wed Jan  1 21:04:26 2025,Wed Jan  1 20:36:38 2025,0.0192060763888888,362099.0,0,0,0,0,0,0
6097.0,Wed Jan  1 21:32:21 2025,Wed Jan  1 21:04:32 2025,0.0192060763888888,362210.0,0,0,0,0,0,0
6098.0,Wed Jan  1 22:00:15 2025,Wed Jan  1 21:32:26 2025,0.0192060763888888,363040.0,0,0,0,0,0,0
6099.0,Wed Jan  1 22:28:09 2025,Wed Jan  1 22:00:21 2025,0.0192060763888888,363021.0,0,0,0,0,0,0
6100.0,Wed Jan  1 22:56:03 2025,Wed Jan  1 22:28:15 2025,0.0192060763888888,369682.0,0,0,0,0,0,0
6101.0,Wed Jan  1 23:23:58 2025,Wed Jan  1 22:56:09 2025,0.0192060763888888,370013.0,0,0,0,0,0,0
6102.0,Wed Jan  1 23:51:52 2025,Wed Jan  1 23:24:04 2025,0.0192060763888888,370040.0,0,0,0,0,0,0
6103.0,Thu Jan  2 00:19:46 2025,Wed Jan  1 23:51:58 2025,0.0192060763888888,370108.0,0,0,0,0,0,0
6104.0,Thu Jan  2 00:47:41 2025,Thu Jan  2 00:19:52 2025,0.0192060763888888,370193.0,0,0,0,0,0,0
6105.0,Thu Jan  2 01:15:35 2025,Thu Jan  2 00:47:47 2025,0.0192060763888888,370205.0,0,0,0,0,0,0
6106.0,Thu Jan  2 01:43:29 2025,Thu Jan  2 01:15:41 2025,0.0192060763888888,370198.0,0,0,0,0,0,0
6107.0,Thu Jan  2 02:11:24 2025,Thu Jan  2 01:43:36 2025,0.0192060763888888,364190.0,0,0,0,0,0,0
6108.0,Thu Jan  2 02:39:18 2025,Thu Jan  2 02:11:30 2025,0.0192060763888888,358279.0,0,0,0,0,0,0
6109.0,Thu Jan  2 03:07:12 2025,Thu Jan  2 02:39:24 2025,0.0192060763888888,370193.0,0,0,0,0,0,0
6110.0,Thu Jan  2 03:35:07 2025,Thu Jan  2 03:07:18 2025,0.0192060763888888,357348.0,0,0,0,0,0,0
6111.0,Thu Jan  2 04:03:01 2025,Thu Jan  2 03:35:12 2025,0.0192060763888888,370042.0,0,0,0,0,0,0
6112.0,Thu Jan  2 04:30:55 2025,Thu Jan  2 04:03:07 2025,0.0192060763888888,363548.0,0,0,0,0,0,0
6113.0,Thu Jan  2 04:58:49 2025,Thu Jan  2 04:31:01 2025,0.0192060763888888,357825.0,0,0,0,0,0,0
6114.0,Thu Jan  2 05:26:44 2025,Thu Jan  2 04:58:56 2025,0.0192060763888888,364015.0,0,0,0,0,0,0
6115.0,Thu Jan  2 05:54:38 2025,Thu Jan  2 05:26:50 2025,0.0192060763888888,352868.0,0,0,0,0,0,0
6116.0,Thu Jan  2 06:22:32 2025,Thu Jan  2 05:54:44 2025,0.0192060763888888,369521.0,0,0,0,0,0,0
6117.0,Thu Jan  2 06:50:27 2025,Thu Jan  2 06:22:38 2025,0.0192060763888888,358404.0,0,0,0,0,0,0
6118.0,Thu Jan  2 07:18:21 2025,Thu Jan  2 06:50:33 2025,0.0192060763888888,350653.0,0,0,0,0,0,0
6119.0,Thu Jan  2 07:46:15 2025,Thu Jan  2 07:18:27 2025,0.0192060763888888,330940.0,0,0,0,0,0,0
6120.0,Thu Jan  2 08:14:10 2025,Thu Jan  2 07:46:21 2025,0.0192060763888888,350175.0,0,0,0,0,0,0
6121.0,Thu Jan  2 08:42:04 2025,Thu Jan  2 08:14:16 2025,0.0192060763888888,368853.0,0,0,0,0,0,0
6122.0,Thu Jan  2 09:09:58 2025,Thu Jan  2 08:42:10 2025,0.0192060763888888,363452.0,0,0,0,0,0,0
6123.0,Thu Jan  2 09:37:52 2025,Thu Jan  2 09:10:04 2025,0.0192060763888888,361586.0,0,0,0,0,0,0
6124.0,Thu Jan  2 10:05:47 2025,Thu Jan  2 09:37:58 2025,0.0192060763888888,362216.0,0,0,0,0,0,0
6125.0,Thu Jan  2 10:33:41 2025,Thu Jan  2 10:05:53 2025,0.0192060763888888,355979.0,0,0,0,0,0,0
6126.0,Thu Jan  2 11:01:35 2025,Thu Jan  2 10:33:47 2025,0.0192060763888888,368710.0,0,0,0,0,0,0
6127.0,Thu Jan  2 11:29:30 2025,Thu Jan  2 11:01:41 2025,0.0192060763888888,346236.0,0,0,0,0,0,0
6128.0,Thu Jan  2 11:57:24 2025,Thu Jan  2 11:29:36 2025,0.0192060763888888,362796.0,0,0,0,0,0,0
6129.0,Thu Jan  2 12:25:18 2025,Thu Jan  2 11:57:30 2025,0.0192060763888888,357166.0,0,0,0,0,0,0
6130.0,Thu Jan  2 12:53:13 2025,Thu Jan  2 12:25:24 2025,0.0192060763888888,369629.0,0,0,0,0,0,0
6131.0,Thu Jan  2 13:21:07 2025,Thu Jan  2 12:53:19 2025,0.0192060763888888,356900.0,0,0,0,0,0,0
6132.0,Thu Jan  2 13:49:01 2025,Thu Jan  2 13:21:13 2025,0.0192060763888888,363599.0,0,0,0,0,0,0
6133.0,Thu Jan  2 14:16:55 2025,Thu Jan  2 13:49:07 2025,0.0192060763888888,356367.0,0,0,0,0,0,0
6134.0,Thu Jan  2 14:44:49 2025,Thu Jan  2 14:17:01 2025,0.0192060763888888,355355.0,0,0,0,0,0,0
6135.0,Thu Jan  2 15:12:44 2025,Thu Jan  2 14:44:56 2025,0.0192060763888888,357262.0,0,0,0,0,0,0
6136.0,Thu Jan  2 15:40:38 2025,Thu Jan  2 15:12:50 2025,0.0192060763888888,361718.0,0,0,0,0,0,0
6137.0,Thu Jan  2 16:08:32 2025,Thu Jan  2 15:40:44 2025,0.0192060763888888,362790.0,0,0,0,0,0,0
6138.0,Thu Jan  2 16:36:27 2025,Thu Jan  2 16:08:38 2025,0.0192060763888888,362552.0,0,0,0,0,0,0
6139.0,Thu Jan  2 17:04:21 2025,Thu Jan  2 16:36:33 2025,0.0192060763888888,362938.0,0,0,0,0,0,0
6140.0,Thu Jan  2 17:32:15 2025,Thu Jan  2 17:04:27 2025,0.0192060763888888,364258.0,0,0,0,0,0,0
6141.0,Thu Jan  2 18:00:09 2025,Thu Jan  2 17:32:21 2025,0.0192060763888888,369809.0,0,0,0,0,0,0
6142.0,Thu Jan  2 18:28:04 2025,Thu Jan  2 18:00:15 2025,0.0192060763888888,358869.0,0,0,0,0,0,0
6143.0,Thu Jan  2 18:55:58 2025,Thu Jan  2 18:28:10 2025,0.0192060763888888,370186.0,0,0,0,0,0,0
6144.0,Thu Jan  2 19:23:52 2025,Thu Jan  2 18:56:04 2025,0.0192060763888888,352834.0,0,0,0,0,0,0
6145.0,Thu Jan  2 19:51:47 2025,Thu Jan  2 19:23:58 2025,0.0192060763888888,358337.0,0,0,0,0,0,0
6146.0,Thu Jan  2 20:19:41 2025,Thu Jan  2 19:51:53 2025,0.0192060763888888,369560.0,0,0,0,0,0,0
6147.0,Thu Jan  2 20:47:35 2025,Thu Jan  2 20:19:47 2025,0.0192060763888888,369564.0,0,0,0,0,0,0
6148.0,Thu Jan  2 21:15:29 2025,Thu Jan  2 20:47:41 2025,0.0192060763888888,369557.0,0,0,0,0,0,0
6149.0,Thu Jan  2 21:43:24 2025,Thu Jan  2 21:15:36 2025,0.0192060763888888,369548.0,0,0,0,0,0,0
6150.0,Thu Jan  2 22:11:18 2025,Thu Jan  2 21:43:30 2025,0.0192060763888888,363592.0,0,0,0,0,0,0
6151.0,Thu Jan  2 22:39:13 2025,Thu Jan  2 22:11:25 2025,0.0192060763888888,363571.0,0,0,0,0,0,0
6152.0,Thu Jan  2 23:07:07 2025,Thu Jan  2 22:39:19 2025,0.0192060763888888,349794.0,0,0,0,0,0,0
6153.0,Thu Jan  2 23:35:02 2025,Thu Jan  2 23:07:14 2025,0.0192060763888888,362157.0,0,0,0,0,0,0
6154.0,Fri Jan  3 00:02:56 2025,Thu Jan  2 23:35:08 2025,0.0192060763888888,361654.0,0,0,0,0,0,0
6155.0,Fri Jan  3 00:30:50 2025,Fri Jan  3 00:03:02 2025,0.0192060763888888,350393.0,0,0,0,0,0,0
6156.0,Fri Jan  3 00:58:45 2025,Fri Jan  3 00:30:57 2025,0.0192060763888888,356025.0,0,0,0,0,0,0
6157.0,Fri Jan  3 01:26:39 2025,Fri Jan  3 00:58:51 2025,0.0192060763888888,362036.0,0,0,0,0,0,0
6158.0,Fri Jan  3 01:54:34 2025,Fri Jan  3 01:26:45 2025,0.0192060763888888,357427.0,0,0,0,0,0,0
6159.0,Fri Jan  3 02:22:28 2025,Fri Jan  3 01:54:40 2025,0.0192060763888888,345187.0,0,0,0,0,0,0
6160.0,Fri Jan  3 02:50:22 2025,Fri Jan  3 02:22:34 2025,0.0192060763888888,357778.0,0,0,0,0,0,0
6161.0,Fri Jan  3 03:18:16 2025,Fri Jan  3 02:50:28 2025,0.0192060763888888,368363.0,0,0,0,0,0,0
6162.0,Fri Jan  3 03:46:11 2025,Fri Jan  3 03:18:23 2025,0.0192060763888888,369692.0,0,0,0,0,0,0
6163.0,Fri Jan  3 04:14:05 2025,Fri Jan  3 03:46:17 2025,0.0192060763888888,369673.0,0,0,0,0,0,0
6164.0,Fri Jan  3 04:41:59 2025,Fri Jan  3 04:14:11 2025,0.0192060763888888,363718.0,0,0,0,0,0,0
6165.0,Fri Jan  3 05:09:53 2025,Fri Jan  3 04:42:05 2025,0.0192060763888888,364782.0,0,0,0,0,0,0
6166.0,Fri Jan  3 05:37:48 2025,Fri Jan  3 05:09:59 2025,0.0192060763888888,364120.0,0,0,0,0,0,0
6167.0,Fri Jan  3 06:05:42 2025,Fri Jan  3 05:37:54 2025,0.0192060763888888,359013.0,0,0,0,0,0,0
6168.0,Fri Jan  3 06:33:36 2025,Fri Jan  3 06:05:48 2025,0.0192060763888888,364238.0,0,0,0,0,0,0
6169.0,Fri Jan  3 07:01:30 2025,Fri Jan  3 06:33:42 2025,0.0192060763888888,370178.0,0,0,0,0,0,0
6170.0,Fri Jan  3 07:29:24 2025,Fri Jan  3 07:01:36 2025,0.0192060763888888,370196.0,0,0,0,0,0,0
6171.0,Fri Jan  3 07:57:19 2025,Fri Jan  3 07:29:30 2025,0.0192060763888888,370192.0,0,0,0,0,0,0
6172.0,Fri Jan  3 08:25:13 2025,Fri Jan  3 07:57:25 2025,0.0192060763888888,357421.0,0,0,0,0,0,0
6173.0,Fri Jan  3 08:53:07 2025,Fri Jan  3 08:25:19 2025,0.0192060763888888,363228.0,0,0,0,0,0,0
6174.0,Fri Jan  3 09:21:01 2025,Fri Jan  3 08:53:13 2025,0.0192060763888888,363249.0,0,0,0,0,0,0
6175.0,Fri Jan  3 09:48:56 2025,Fri Jan  3 09:21:07 2025,0.0192060763888888,343882.0,0,0,0,0,0,0
6176.0,Fri Jan  3 10:16:50 2025,Fri Jan  3 09:49:02 2025,0.0192060763888888,361896.0,0,0,0,0,0,0
6177.0,Fri Jan  3 10:44:44 2025,Fri Jan  3 10:16:56 2025,0.0192060763888888,362585.0,0,0,0,0,0,0
6178.0,Fri Jan  3 11:12:39 2025,Fri Jan  3 10:44:50 2025,0.0192060763888888,362459.0,0,0,0,0,0,0
6179.0,Fri Jan  3 11:40:33 2025,Fri Jan  3 11:12:45 2025,0.0192060763888888,362361.0,0,0,0,0,0,0
6180.0,Fri Jan  3 12:08:27 2025,Fri Jan  3 11:40:39 2025,0.0192060763888888,356463.0,0,0,0,0,0,0
6181.0,Fri Jan  3 12:36:21 2025,Fri Jan  3 12:08:33 2025,0.0192060763888888,345045.0,0,0,0,0,0,0
6182.0,Fri Jan  3 13:04:16 2025,Fri Jan  3 12:36:27 2025,0.0192060763888888,363631.0,1,0,0,0,0,0
6183.0,Fri Jan  3 13:32:10 2025,Fri Jan  3 13:04:22 2025,0.0192060763888888,357388.0,0,0,0,0,0,0
6184.0,Fri Jan  3 14:00:04 2025,Fri Jan  3 13:32:16 2025,0.0192060763888888,357149.0,0,0,0,0,0,0
6185.0,Fri Jan  3 14:27:58 2025,Fri Jan  3 14:00:10 2025,0.0192060763888888,350756.0,0,0,0,0,0,0
6186.0,Fri Jan  3 14:55:53 2025,Fri Jan  3 14:28:04 2025,0.0192060763888888,357434.0,0,0,0,0,0,0
6187.0,Fri Jan  3 15:23:47 2025,Fri Jan  3 14:55:59 2025,0.0192060763888888,351369.0,1,0,0,0,0,0
6188.0,Fri Jan  3 15:51:41 2025,Fri Jan  3 15:23:53 2025,0.0192060763888888,344632.0,0,0,0,0,0,0
6189.0,Fri Jan  3 16:19:36 2025,Fri Jan  3 15:51:47 2025,0.0192060763888888,368909.0,0,0,0,0,0,0
6190.0,Fri Jan  3 16:47:30 2025,Fri Jan  3 16:19:42 2025,0.0192060763888888,363875.0,0,0,0,0,0,0
6191.0,Fri Jan  3 17:15:25 2025,Fri Jan  3 16:47:36 2025,0.0192060763888888,369283.0,0,0,0,0,0,0
6192.0,Fri Jan  3 17:43:19 2025,Fri Jan  3 17:15:31 2025,0.0192060763888888,343766.0,0,0,0,0,0,0
6193.0,Fri Jan  3 18:11:13 2025,Fri Jan  3 17:43:25 2025,0.0192060763888888,362856.0,0,0,0,0,0,0
6194.0,Fri Jan  3 18:39:07 2025,Fri Jan  3 18:11:19 2025,0.0192060763888888,364110.0,0,0,0,0,0,0
6195.0,Fri Jan  3 19:07:01 2025,Fri Jan  3 18:39:13 2025,0.0192060763888888,363583.0,0,0,0,0,0,0
6196.0,Fri Jan  3 19:34:56 2025,Fri Jan  3 19:07:08 2025,0.0192060763888888,369512.0,0,0,0,0,0,0
6197.0,Fri Jan  3 20:02:50 2025,Fri Jan  3 19:35:02 2025,0.0192060763888888,369504.0,1,0,0,0,0,0
6198.0,Fri Jan  3 20:30:44 2025,Fri Jan  3 20:02:56 2025,0.0192060763888888,362483.0,0,0,0,0,0,0
6199.0,Fri Jan  3 20:58:39 2025,Fri Jan  3 20:30:50 2025,0.0192060763888888,364536.0,0,0,0,0,0,0
6200.0,Fri Jan  3 21:26:33 2025,Fri Jan  3 20:58:45 2025,0.0192060763888888,363519.0,0,0,0,0,0,0
6201.0,Fri Jan  3 21:54:27 2025,Fri Jan  3 21:26:39 2025,0.0192060763888888,346339.0,0,0,0,0,0,0
6202.0,Fri Jan  3 22:22:21 2025,Fri Jan  3 21:54:33 2025,0.0192060763888888,350199.0,0,0,0,0,0,0
6203.0,Fri Jan  3 22:50:16 2025,Fri Jan  3 22:22:28 2025,0.0192060763888888,363308.0,0,0,0,0,0,0
6204.0,Fri Jan  3 23:18:10 2025,Fri Jan  3 22:50:22 2025,0.0192060763888888,369428.0,0,0,0,0,0,0
6205.0,Fri Jan  3 23:46:04 2025,Fri Jan  3 23:18:16 2025,0.0192060763888888,369637.0,0,0,0,0,0,0
6206.0,Sat Jan  4 00:13:59 2025,Fri Jan  3 23:46:11 2025,0.0192060763888888,352997.0,1,0,0,0,0,0
6207.0,Sat Jan  4 00:41:53 2025,Sat Jan  4 00:14:05 2025,0.0192060763888888,369650.0,0,0,0,0,0,0
6208.0,Sat Jan  4 01:09:47 2025,Sat Jan  4 00:41:59 2025,0.0192060763888888,352973.0,0,0,0,0,0,0
6209.0,Sat Jan  4 01:37:42 2025,Sat Jan  4 01:09:53 2025,0.0192060763888888,363986.0,0,0,0,0,0,0
6210.0,Sat Jan  4 02:05:36 2025,Sat Jan  4 01:37:48 2025,0.0192060763888888,357538.0,0,0,0,0,0,0
6211.0,Sat Jan  4 02:33:30 2025,Sat Jan  4 02:05:42 2025,0.0192060763888888,348389.0,0,0,0,0,0,0
6212.0,Sat Jan  4 03:01:25 2025,Sat Jan  4 02:33:36 2025,0.0192060763888888,348840.0,0,0,0,0,0,0
6213.0,Sat Jan  4 03:29:19 2025,Sat Jan  4 03:01:31 2025,0.0192060763888888,342245.0,0,0,0,0,0,0
6214.0,Sat Jan  4 03:57:13 2025,Sat Jan  4 03:29:25 2025,0.0192060763888888,367270.0,0,0,0,0,0,0
6215.0,Sat Jan  4 04:25:07 2025,Sat Jan  4 03:57:19 2025,0.0192060763888888,367348.0,0,0,0,0,0,0
6216.0,Sat Jan  4 04:53:02 2025,Sat Jan  4 04:25:13 2025,0.0192060763888888,361250.0,0,0,0,0,0,0
6217.0,Sat Jan  4 05:20:56 2025,Sat Jan  4 04:53:08 2025,0.0192060763888888,367776.0,0,0,0,0,0,0
6218.0,Sat Jan  4 05:48:50 2025,Sat Jan  4 05:21:02 2025,0.0192060763888888,369645.0,0,0,0,0,0,0
6219.0,Sat Jan  4 06:16:45 2025,Sat Jan  4 05:48:56 2025,0.0192060763888888,363868.0,0,0,0,0,0,0
6220.0,Sat Jan  4 06:44:39 2025,Sat Jan  4 06:16:51 2025,0.0192060763888888,370104.0,0,0,0,0,0,0
6221.0,Sat Jan  4 07:12:34 2025,Sat Jan  4 06:44:45 2025,0.0192060763888888,370134.0,0,0,0,0,0,0
6222.0,Sat Jan  4 07:40:28 2025,Sat Jan  4 07:12:40 2025,0.0192060763888888,363884.0,0,0,0,0,0,0
6223.0,Sat Jan  4 08:08:22 2025,Sat Jan  4 07:40:34 2025,0.0192060763888888,358262.0,0,0,0,0,0,0
6224.0,Sat Jan  4 08:36:16 2025,Sat Jan  4 08:08:28 2025,0.0192060763888888,364100.0,0,0,0,0,0,0
6225.0,Sat Jan  4 09:04:10 2025,Sat Jan  4 08:36:22 2025,0.0192060763888888,370081.0,0,0,0,0,0,0
6226.0,Sat Jan  4 09:32:05 2025,Sat Jan  4 09:04:17 2025,0.0192060763888888,346220.0,0,0,0,0,0,0
6227.0,Sat Jan  4 09:59:59 2025,Sat Jan  4 09:32:11 2025,0.0192060763888888,370085.0,0,0,0,0,0,0
6228.0,Sat Jan  4 10:27:53 2025,Sat Jan  4 10:00:05 2025,0.0192060763888888,364883.0,0,0,0,0,0,0
6229.0,Sat Jan  4 10:55:48 2025,Sat Jan  4 10:27:59 2025,0.0192060763888888,363850.0,0,0,0,0,0,0
6230.0,Sat Jan  4 11:23:42 2025,Sat Jan  4 10:55:54 2025,0.0192060763888888,364158.0,0,0,0,0,0,0
6231.0,Sat Jan  4 11:51:36 2025,Sat Jan  4 11:23:48 2025,0.0192060763888888,370111.0,0,0,0,0,0,0
6232.0,Sat Jan  4 12:19:30 2025,Sat Jan  4 11:51:42 2025,0.0192060763888888,370103.0,0,0,0,0,0,0
6233.0,Sat Jan  4 12:47:24 2025,Sat Jan  4 12:19:36 2025,0.0192060763888888,364900.0,0,0,0,0,0,0
6234.0,Sat Jan  4 13:15:19 2025,Sat Jan  4 12:47:31 2025,0.0192060763888888,370120.0,0,0,0,0,0,0
6235.0,Sat Jan  4 13:43:13 2025,Sat Jan  4 13:15:25 2025,0.0192060763888888,364159.0,0,0,0,0,0,0
6236.0,Sat Jan  4 14:11:08 2025,Sat Jan  4 13:43:20 2025,0.0192060763888888,364239.0,0,0,0,0,0,0
6237.0,Sat Jan  4 14:39:02 2025,Sat Jan  4 14:11:14 2025,0.0192060763888888,364506.0,0,0,0,0,0,0
6238.0,Sat Jan  4 15:06:57 2025,Sat Jan  4 14:39:09 2025,0.0192060763888888,370142.0,0,0,0,0,0,0
6239.0,Sat Jan  4 15:34:51 2025,Sat Jan  4 15:07:03 2025,0.0192060763888888,352980.0,0,0,0,0,0,0
6240.0,Sat Jan  4 16:02:46 2025,Sat Jan  4 15:34:58 2025,0.0192060763888888,370169.0,0,0,0,0,0,0
6241.0,Sat Jan  4 16:30:40 2025,Sat Jan  4 16:02:52 2025,0.0192060763888888,370158.0,0,0,0,0,0,0
6242.0,Sat Jan  4 16:58:34 2025,Sat Jan  4 16:30:46 2025,0.0192060763888888,370156.0,0,0,0,0,0,0
6243.0,Sat Jan  4 17:26:29 2025,Sat Jan  4 16:58:40 2025,0.0192060763888888,364178.0,0,0,0,0,0,0
6244.0,Sat Jan  4 17:54:23 2025,Sat Jan  4 17:26:35 2025,0.0192060763888888,364987.0,0,0,0,0,0,0
6245.0,Sat Jan  4 18:22:17 2025,Sat Jan  4 17:54:29 2025,0.0192060763888888,357420.0,0,0,0,0,0,0
6246.0,Sat Jan  4 18:50:12 2025,Sat Jan  4 18:22:23 2025,0.0192060763888888,370038.0,0,0,0,0,0,0
6247.0,Sat Jan  4 19:18:06 2025,Sat Jan  4 18:50:18 2025,0.0192060763888888,352352.0,0,0,0,0,0,0
6248.0,Sat Jan  4 19:46:00 2025,Sat Jan  4 19:18:12 2025,0.0192060763888888,364042.0,0,0,0,0,0,0
6249.0,Sat Jan  4 20:13:55 2025,Sat Jan  4 19:46:06 2025,0.0192060763888888,364085.0,0,0,0,0,0,0
6250.0,Sat Jan  4 20:41:49 2025,Sat Jan  4 20:14:01 2025,0.0192060763888888,357003.0,0,0,0,0,0,0
6251.0,Sat Jan  4 21:09:43 2025,Sat Jan  4 20:41:55 2025,0.0192060763888888,364424.0,0,0,0,0,0,0
6252.0,Sat Jan  4 21:37:38 2025,Sat Jan  4 21:09:50 2025,0.0192060763888888,363454.0,0,0,0,0,0,0
6253.0,Sat Jan  4 22:05:32 2025,Sat Jan  4 21:37:44 2025,0.0192060763888888,355573.0,0,0,0,0,0,0
6254.0,Sat Jan  4 22:33:26 2025,Sat Jan  4 22:05:38 2025,0.0192060763888888,362770.0,0,0,0,0,0,0
6255.0,Sat Jan  4 23:01:20 2025,Sat Jan  4 22:33:32 2025,0.0192060763888888,369032.0,0,0,0,0,0,0
6256.0,Sat Jan  4 23:29:15 2025,Sat Jan  4 23:01:26 2025,0.0192060763888888,363337.0,0,0,0,0,0,0
6257.0,Sat Jan  4 23:57:09 2025,Sat Jan  4 23:29:21 2025,0.0192060763888888,363443.0,0,0,0,0,0,0
6258.0,Sun Jan  5 00:25:04 2025,Sat Jan  4 23:57:15 2025,0.0192060763888888,362972.0,0,0,0,0,0,0
6259.0,Sun Jan  5 00:52:58 2025,Sun Jan  5 00:25:10 2025,0.0192060763888888,369801.0,0,0,0,0,0,0
6260.0,Sun Jan  5 01:20:52 2025,Sun Jan  5 00:53:04 2025,0.0192060763888888,370112.0,0,0,0,0,0,0
6261.0,Sun Jan  5 01:48:47 2025,Sun Jan  5 01:20:58 2025,0.0192060763888888,364161.0,0,0,0,0,0,0
6262.0,Sun Jan  5 02:16:41 2025,Sun Jan  5 01:48:53 2025,0.0192060763888888,370098.0,0,0,0,0,0,0
6263.0,Sun Jan  5 02:44:35 2025,Sun Jan  5 02:16:47 2025,0.0192060763888888,370111.0,0,0,0,0,0,0
6264.0,Sun Jan  5 03:12:29 2025,Sun Jan  5 02:44:41 2025,0.0192060763888888,358200.0,0,0,0,0,0,0
6265.0,Sun Jan  5 03:40:23 2025,Sun Jan  5 03:12:35 2025,0.0192060763888888,364243.0,0,0,0,0,0,0
6266.0,Sun Jan  5 04:08:18 2025,Sun Jan  5 03:40:30 2025,0.0192060763888888,370108.0,0,0,0,0,0,0
6267.0,Sun Jan  5 04:36:13 2025,Sun Jan  5 04:08:24 2025,0.0192060763888888,364095.0,0,0,0,0,0,0
6268.0,Sun Jan  5 05:04:07 2025,Sun Jan  5 04:36:19 2025,0.0192060763888888,363219.0,0,0,0,0,0,0
6269.0,Sun Jan  5 05:32:01 2025,Sun Jan  5 05:04:13 2025,0.0192060763888888,363932.0,0,0,0,0,0,0
6270.0,Sun Jan  5 05:59:56 2025,Sun Jan  5 05:32:07 2025,0.0192060763888888,369691.0,0,0,0,0,0,0
6271.0,Sun Jan  5 06:27:50 2025,Sun Jan  5 06:00:02 2025,0.0192060763888888,356593.0,0,0,0,0,0,0
6272.0,Sun Jan  5 06:55:44 2025,Sun Jan  5 06:27:56 2025,0.0192060763888888,357191.0,0,0,0,0,0,0
6273.0,Sun Jan  5 07:23:38 2025,Sun Jan  5 06:55:50 2025,0.0192060763888888,369440.0,0,0,0,0,0,0
6274.0,Sun Jan  5 07:51:33 2025,Sun Jan  5 07:23:44 2025,0.0192060763888888,362557.0,0,0,0,0,0,0
6275.0,Sun Jan  5 08:19:27 2025,Sun Jan  5 07:51:39 2025,0.0192060763888888,369238.0,0,0,0,0,0,0
6276.0,Sun Jan  5 08:47:21 2025,Sun Jan  5 08:19:33 2025,0.0192060763888888,344865.0,0,0,0,0,0,0
6277.0,Sun Jan  5 09:15:16 2025,Sun Jan  5 08:47:27 2025,0.0192060763888888,369288.0,0,0,0,0,0,0
6278.0,Sun Jan  5 09:43:10 2025,Sun Jan  5 09:15:22 2025,0.0192060763888888,363397.0,0,0,0,0,0,0
6279.0,Sun Jan  5 10:11:04 2025,Sun Jan  5 09:43:16 2025,0.0192060763888888,363496.0,0,0,0,0,0,0
6280.0,Sun Jan  5 10:38:59 2025,Sun Jan  5 10:11:10 2025,0.0192060763888888,358306.0,0,0,0,0,0,0
6281.0,Sun Jan  5 11:06:53 2025,Sun Jan  5 10:39:05 2025,0.0192060763888888,363862.0,0,0,0,0,0,0
6282.0,Sun Jan  5 11:34:47 2025,Sun Jan  5 11:06:59 2025,0.0192060763888888,345918.0,0,0,0,0,0,0
6283.0,Sun Jan  5 12:02:41 2025,Sun Jan  5 11:34:53 2025,0.0192060763888888,351229.0,0,0,0,0,0,0
6284.0,Sun Jan  5 12:30:36 2025,Sun Jan  5 12:02:47 2025,0.0192060763888888,362550.0,0,0,0,0,0,0
6285.0,Sun Jan  5 12:58:30 2025,Sun Jan  5 12:30:42 2025,0.0192060763888888,368466.0,0,0,0,0,0,0
6286.0,Sun Jan  5 13:26:24 2025,Sun Jan  5 12:58:36 2025,0.0192060763888888,354744.0,0,0,0,0,0,0
6287.0,Sun Jan  5 13:54:18 2025,Sun Jan  5 13:26:30 2025,0.0192060763888888,361081.0,0,0,0,0,0,0
6288.0,Sun Jan  5 14:22:13 2025,Sun Jan  5 13:54:24 2025,0.0192060763888888,362609.0,0,0,0,0,0,0
6289.0,Sun Jan  5 14:50:07 2025,Sun Jan  5 14:22:19 2025,0.0192060763888888,355589.0,0,0,0,0,0,0
6290.0,Sun Jan  5 15:18:01 2025,Sun Jan  5 14:50:13 2025,0.0192060763888888,344948.0,0,0,0,0,0,0
6291.0,Sun Jan  5 15:45:56 2025,Sun Jan  5 15:18:08 2025,0.0192060763888888,362863.0,0,0,0,0,0,0
6292.0,Sun Jan  5 16:13:50 2025,Sun Jan  5 15:46:02 2025,0.0192060763888888,357139.0,0,0,0,0,0,0
6293.0,Sun Jan  5 16:41:44 2025,Sun Jan  5 16:13:56 2025,0.0192060763888888,363645.0,0,0,0,0,0,0
6294.0,Sun Jan  5 17:09:39 2025,Sun Jan  5 16:41:51 2025,0.0192060763888888,357782.0,1,0,0,0,0,0
6295.0,Sun Jan  5 17:37:33 2025,Sun Jan  5 17:09:45 2025,0.0192060763888888,363978.0,0,0,0,0,0,0
6296.0,Sun Jan  5 18:05:28 2025,Sun Jan  5 17:37:39 2025,0.0192060763888888,364131.0,0,0,0,0,0,0
6297.0,Sun Jan  5 18:33:22 2025,Sun Jan  5 18:05:34 2025,0.0192060763888888,364913.0,0,0,0,0,0,0
6298.0,Sun Jan  5 19:01:16 2025,Sun Jan  5 18:33:28 2025,0.0192060763888888,358939.0,0,0,0,0,0,0
6299.0,Sun Jan  5 19:29:11 2025,Sun Jan  5 19:01:22 2025,0.0192060763888888,370193.0,0,0,0,0,0,0
6300.0,Sun Jan  5 19:57:05 2025,Sun Jan  5 19:29:17 2025,0.0192060763888888,358248.0,0,0,0,0,0,0
6301.0,Sun Jan  5 20:24:59 2025,Sun Jan  5 19:57:11 2025,0.0192060763888888,370193.0,0,0,0,0,0,0
6302.0,Sun Jan  5 20:52:54 2025,Sun Jan  5 20:25:05 2025,0.0192060763888888,363876.0,0,0,0,0,0,0
6303.0,Sun Jan  5 21:20:48 2025,Sun Jan  5 20:53:00 2025,0.0192060763888888,358152.0,0,0,0,0,0,0
6304.0,Sun Jan  5 21:48:42 2025,Sun Jan  5 21:20:54 2025,0.0192060763888888,344835.0,0,0,0,0,0,0
6305.0,Sun Jan  5 22:16:37 2025,Sun Jan  5 21:48:48 2025,0.0192060763888888,368920.0,0,0,0,0,0,0
6306.0,Sun Jan  5 22:44:31 2025,Sun Jan  5 22:16:43 2025,0.0192060763888888,362435.0,0,0,0,0,0,0
6307.0,Sun Jan  5 23:12:25 2025,Sun Jan  5 22:44:37 2025,0.0192060763888888,362790.0,0,0,0,0,0,0
6308.0,Sun Jan  5 23:40:20 2025,Sun Jan  5 23:12:31 2025,0.0192060763888888,361906.0,0,0,0,0,0,0
6309.0,Mon Jan  6 00:08:14 2025,Sun Jan  5 23:40:25 2025,0.0192060763888888,362701.0,0,0,0,0,0,0
6310.0,Mon Jan  6 00:36:08 2025,Mon Jan  6 00:08:20 2025,0.0192060763888888,357523.0,0,0,0,0,0,0
6311.0,Mon Jan  6 01:04:02 2025,Mon Jan  6 00:36:14 2025,0.0192060763888888,362996.0,0,0,0,0,0,0
6312.0,Mon Jan  6 01:31:57 2025,Mon Jan  6 01:04:08 2025,0.0192060763888888,349257.0,0,0,0,0,0,0
6313.0,Mon Jan  6 01:59:51 2025,Mon Jan  6 01:32:03 2025,0.0192060763888888,355195.0,0,0,0,0,0,0
6314.0,Mon Jan  6 02:27:45 2025,Mon Jan  6 01:59:57 2025,0.0192060763888888,346062.0,0,0,0,0,0,0
6315.0,Mon Jan  6 02:55:40 2025,Mon Jan  6 02:27:51 2025,0.0192060763888888,357797.0,0,0,0,0,0,0
6316.0,Mon Jan  6 03:23:34 2025,Mon Jan  6 02:55:46 2025,0.0192060763888888,369047.0,0,0,0,0,0,0
6317.0,Mon Jan  6 03:51:29 2025,Mon Jan  6 03:23:40 2025,0.0192060763888888,369072.0,0,0,0,0,0,0
6318.0,Mon Jan  6 04:19:23 2025,Mon Jan  6 03:51:35 2025,0.0192060763888888,363282.0,0,0,0,0,0,0
6319.0,Mon Jan  6 04:47:17 2025,Mon Jan  6 04:19:29 2025,0.0192060763888888,369810.0,0,0,0,0,0,0
6320.0,Mon Jan  6 05:15:11 2025,Mon Jan  6 04:47:23 2025,0.0192060763888888,364209.0,0,0,0,0,0,0
6321.0,Mon Jan  6 05:43:06 2025,Mon Jan  6 05:15:17 2025,0.0192060763888888,352229.0,0,0,0,0,0,0
6322.0,Mon Jan  6 06:11:00 2025,Mon Jan  6 05:43:12 2025,0.0192060763888888,354418.0,0,0,0,0,0,0
6323.0,Mon Jan  6 06:38:54 2025,Mon Jan  6 06:11:06 2025,0.0192060763888888,355847.0,0,0,0,0,0,0
6324.0,Mon Jan  6 07:06:49 2025,Mon Jan  6 06:39:00 2025,0.0192060763888888,361927.0,0,0,0,0,0,0
6325.0,Mon Jan  6 07:34:43 2025,Mon Jan  6 07:06:55 2025,0.0192060763888888,367613.0,0,0,0,0,0,0
6326.0,Mon Jan  6 08:02:38 2025,Mon Jan  6 07:34:49 2025,0.0192060763888888,360975.0,0,0,0,0,0,0
6327.0,Mon Jan  6 08:30:32 2025,Mon Jan  6 08:02:44 2025,0.0192060763888888,360864.0,0,0,0,0,0,0
